timestamp,timeframe,category,rank,address,pnl,volume,userName
2026-05-30 06:28:12,day,overall,1,0x492442eab586f242b53bda933fd5de859c8a3782,208126.42995000305,0.0,0x492442EaB586F242B53bDa933fD5dE859c8A3782-1766317541188
2026-05-30 06:28:12,day,overall,2,0xfe787d2da716d60e8acff57fb87eb13cd4d10319,198518.3119290555,1495227.3887340005,ferrariChampions2026
2026-05-30 06:28:12,day,overall,3,0x6211f97a76ed5c4b1d658f637041ac5f293db89e,191750.64604999998,0.0,Tiger200
2026-05-30 06:28:12,day,overall,4,0x26437896ed9dfeb2f69765edcafe8fdceaab39ae,156643.8515076493,357917.92,Latina
2026-05-30 06:28:12,day,overall,5,0x2c335066fe58fe9237c3d3dc7b275c2a034a0563,82292.99944034003,607519.1847989999,0x2c335066FE58fe9237c3d3Dc7b275C2a034a0563-1759935795465
2026-05-30 06:28:12,day,overall,6,0x4bff30af91642dc7d2b19a8664378fe55c45fc26,80998.66815793514,20862.47,Sassy-Bucket
2026-05-30 06:28:12,day,overall,7,0xb91aeb5accc33a5f9a8615b8ed6b2d352e913987,77473.19362923404,14946.811488000001,afghj2421
2026-05-30 06:28:12,day,overall,8,0xb45a797faa52b0fd8adc56d30382022b7b12192c,70112.25641763932,114352.4151,bcda
2026-05-30 06:28:12,day,overall,9,0xb2a3623364c33561d8312e1edb79eb941c798510,62136.662734849844,0.0,aekghas
2026-05-30 06:28:12,day,overall,10,0xf284ad6d607f777f34bc643cea587c33a886b9f9,56330.63733750974,243955.6345,strike123
2026-05-30 06:28:12,day,overall,11,0xcd65c3279408a33866a9129bed6943064cb6ee96,55162.795822196174,0.0,NiNo999
2026-05-30 06:28:12,day,overall,12,0x03e8a544e97eeff5753bc1e90d46e5ef22af1697,54612.80902329413,0.0,weflyhigh
2026-05-30 06:28:12,day,overall,13,0x84cfffc3f16dcc353094de30d4a45226eccd2f63,51015.26357636601,462454.76175999985,mooseborzoi
2026-05-30 06:28:12,day,overall,14,0x5966db1fe50763c9e3c014d756369bad07e1f804,47616.86696649436,162925.278269,0x5966Db1fE50763C9e3C014d756369BAd07E1F804-1777648534241
2026-05-30 06:28:12,day,overall,15,0xbd14b65383c15e0b0f64944ca000f9a2bc5dd62a,44083.491942711174,20134.675392,
2026-05-30 06:28:12,day,overall,16,0x0f0223dc4b5c68f345ac4f0444f2955740b85bfb,35847.555105729814,0.0,0x0F0223dC4b5C68f345Ac4F0444f2955740B85bfB-1779940201096
2026-05-30 06:28:12,day,overall,17,0xf9c1190aa8184bcbe418e6f5321c53b0bfbc39e2,33084.65620978504,115994.14448799999,AdrianCronauer
2026-05-30 06:28:12,day,overall,18,0xd48a81db62f742c4e42d86dfc23a7ee345366e90,31071.12940513307,29721.195240000005,NiFengFanPan
2026-05-30 06:28:12,day,overall,19,0x8fba2c29715c41dd87e781c23373aa1e0549d08a,30320.059112706032,0.0,abura2025
2026-05-30 06:28:12,day,overall,20,0xe5efd6543002653b2eef940d8254911862ad9e7a,30047.79756355755,230759.276861,0xE5efD6543002653B2EEF940d8254911862aD9e7A-1729599643232
2026-05-30 06:28:12,day,overall,21,0xbddf61af533ff524d27154e589d2d7a81510c684,36970.05612088181,742756.334753,Countryside
2026-05-30 06:28:12,day,overall,22,0x0f0223dc4b5c68f345ac4f0444f2955740b85bfb,36047.435405729804,0.0,0x0F0223dC4b5C68f345Ac4F0444f2955740B85bfB-1779940201096
2026-05-30 06:28:12,day,overall,23,0xcab7e0069915bf1877deb0306640944817299d0a,35579.63117960584,733768.93,TheMonaLisaCode
2026-05-30 06:28:12,day,overall,24,0x8fba2c29715c41dd87e781c23373aa1e0549d08a,30324.35101238595,7811.011577,abura2025
2026-05-30 06:28:12,day,overall,25,0x5268527977f700f9bf9b6d5cd843859e4e70135d,30275.274421448994,828723.2932049998,HomeRunHazard
2026-05-30 06:28:12,day,overall,26,0xe5efd6543002653b2eef940d8254911862ad9e7a,30047.79756355755,230759.276861,0xE5efD6543002653B2EEF940d8254911862aD9e7A-1729599643232
2026-05-30 06:28:12,day,overall,27,0x5d0f03cf1243a3e21262d6cf844795afd9fff0ad,29435.12967665456,0.0,EB99999
2026-05-30 06:28:12,day,overall,28,0xeed588bab0b0df73a9a6def7a59e512e9ede1a33,29421.499340700277,104833.835974,mohahaha
2026-05-30 06:28:12,day,overall,29,0xb1889886a55ec6c684948e014f7b18693bb78d5b,27916.116022812035,0.0,loulou2
2026-05-30 06:28:12,day,overall,30,0x21f333307ac6d2e65ac82f014b3dd2b64cbc35e3,27707.19921962067,38426.337156,hi774c
2026-05-30 06:28:12,day,overall,31,0xb687f00464e33934f5d591f224e71c3559ecaee5,25791.74451983302,5057318.798045001,alwayslatetotheparty
2026-05-30 06:28:12,day,overall,32,0x9703676286b93c2eca71ca96e8757104519a69c2,23636.74837027295,89281.37204,TheMangler
2026-05-30 06:28:12,day,overall,33,0x35353a3a2988c7c26e53849d602be60df49aa775,23052.335685,42530.149997,theboss2
2026-05-30 06:28:12,day,overall,34,0xd48a81db62f742c4e42d86dfc23a7ee345366e90,21433.37378898551,29721.195240000005,NiFengFanPan
2026-05-30 06:28:12,day,overall,35,0x2005d16a84ceefa912d4e380cd32e7ff827875ea,20867.148619271815,527981.1779230001,RN1
2026-05-30 06:28:12,day,overall,36,0x1117eade222413335b7ec959e5b48c1d3dbc3532,18956.001223618885,29599.671894999996,benwyatt
2026-05-30 06:28:12,day,overall,37,0xd38c0b69a74f65bddfc4fc9548dec09c20251128,18952.142764418066,0.0,0xD38c0B69A74F65bddFC4fc9548dEc09C20251128-1766211200820
2026-05-30 06:28:12,day,overall,38,0xb9c7d35d1f04d08624fabcfd3b6cee2d3c9baade,18445.56137855874,750.4588859999999,taylorsversion
2026-05-30 06:28:12,day,overall,39,0xbd0477e08d82d35a855ff19644a88a9213d8fbb0,17677.87519960351,97104.93741099999,yuhyuhyuhy352352
2026-05-30 06:28:12,day,overall,40,0xe5f0ae9cc9aef77ae3c2a64c9e69caa3f335dc1d,17527.299912382434,0.0,0xE5F0AE9cc9aeF77ae3c2A64c9E69caa3F335dc1d-1773531520731
2026-05-30 06:28:12,day,overall,41,0xab828a2bcb4a5a93a94cdeedf3cb70b6211babe5,17377.131497945113,15327.0,Lk1101x
2026-05-30 06:28:12,day,overall,42,0x594d0c9a3eb7f958b9fc100e3088ffc5de99059d,16885.051874999976,0.0,
2026-05-30 06:28:12,day,overall,43,0x8c80d213c0cbad777d06ee3f58f6ca4bc03102c3,16384.415355980047,0.0,SecondWindCapital
2026-05-30 06:28:12,day,overall,44,0x37e4728b3c4607fb2b3b205386bb1d1fb1a8c991,16198.84198322019,123012.378585,SemyonMarmeladov
2026-05-30 06:28:12,day,overall,45,0x5739ddf8672627ce076eff5f444610a250075f1a,15536.412453688847,1.04165,hopedieslast
2026-05-30 06:28:12,day,overall,46,0x320c6e036566f9a06bfbdc255b4c22dc689b0279,15271.228151999998,21849.719999999998,
2026-05-30 06:28:12,day,overall,47,0x36257cb65f199caa86f7d30625bbc1250a981187,15074.332868617843,51059.698191999996,
2026-05-30 06:28:12,day,overall,48,0x7a8885c8dc075f0578b648f29fa233408a7d41cc,14862.79432798487,3715.810828,stackingsats
2026-05-30 06:28:12,day,overall,49,0x842ac934cfff1467f27c167c42c318001e407422,14593.991781667883,18456.872509999997,ChompChomp888
2026-05-30 06:28:12,day,overall,50,0xa022ba0a68e11a78348382ff168601012d4d77f8,14377.34382765283,6895.922214,yungstalin
2026-05-30 06:28:12,day,overall,51,0xee20d0360b8f74c978cc6b8e2b7db88f43024b3c,14093.18901208471,69586.36303499999,GA485
2026-05-30 06:28:12,day,overall,52,0x9c76cdb43fb46454da005fbc82047a64a18ec926,13786.788812746992,43399.46440700001,Bagwell306
2026-05-30 06:28:12,day,overall,53,0xc8ab97a9089a9ff7e6ef0688e6e591a066946418,13679.51821910719,1279349.6522209996,ArmageddonRewardsBilly
2026-05-30 06:28:12,day,overall,54,0x8b71556d60ccd175508c94ccd0c0014d1e4cff43,13458.656032270348,33656.532346,0x8B71556D60cCd175508c94cCD0C0014D1E4CFF43-1780021422394
2026-05-30 06:28:12,day,overall,55,0x0a77bc0638f13892c8b1d1d2c13ba178540f9d74,13042.252413363145,25571.690663,0x0A77exmm
2026-05-30 06:28:12,day,overall,56,0x43372356634781eea88d61bbdd7824cdce958882,12934.664044051371,62717.625059,Anjun
2026-05-30 06:28:12,day,overall,57,0x0bb1d6b0e4b055f00117b2fb1150e1c8d3ca3018,12431.890229999999,0.0,fareer211
2026-05-30 06:28:12,day,overall,58,0x5ba61105b276b4e793d0b5a5d773b78186720f07,11781.244334660034,17716.112842000002,0x5BA61105b276b
2026-05-30 06:28:12,day,overall,59,0x53757615de1c42b83f893b79d4241a009dc2aeea,11657.658874528053,109828.98999999999,
2026-05-30 06:28:12,day,overall,60,0xf68a281980f8c13828e84e147e3822381d6e5b1b,11479.266210807691,73241.306849,iDARKenjoyer
2026-05-30 06:28:12,day,overall,61,0xeebde7a0e019a63e6b476eb425505b7b3e6eba30,11180.329068433726,367437.163506,Bonereaper
2026-05-30 06:28:12,day,overall,62,0x4f29e103339919c4baaea2a60195cf1c8bb27a7e,11138.744057623146,787591.781927,0x4f2
2026-05-30 06:28:12,day,overall,63,0xfe4c06ca3530a78d362279ba02c6fc75791a3b6e,10945.416456970439,49801.516035,0xfE4c06cA3530A78D362279BA02c6fc75791a3b6E-1780107887524
2026-05-30 06:28:12,day,overall,64,0x38f0b76ed812c24166a4f6293f991ac4b9972768,10942.291892328998,153045.321925,initial77a
2026-05-30 06:28:12,day,overall,65,0xbca08c1bc204a34f2fddbe47b438b9bd42ac9705,10448.032412474684,253099.21653800004,bananawoin
2026-05-30 06:28:12,day,overall,66,0xc15b833b6991e5dbcaca029f7d0f951e5db238af,10425.469852899972,0.0,makinta
2026-05-30 06:28:12,day,overall,67,0xecaa8806a9a05049d7d5260a33dc924220e377a9,10174.426574139507,35551.359565,Melody626
2026-05-30 06:28:12,day,overall,68,0xcd9bf7f6f56f4c3ba15416a8adb39c3a3e9a9b52,10167.50885,10305.84,0xCd9bf7F6F56F4c3BA15416a8ADb39C3A3E9A9b52-1774948389102
2026-05-30 06:28:12,day,overall,69,0xa9fe4929d4ea1525ca03bd0ff68ea1fbf9e7f135,10061.256175031009,0.0,novv25
2026-05-30 06:28:12,day,overall,70,0x0a854897a06d4999e5b2dde5693609f1428ffe9d,10036.377705263032,0.0,TheQuietRisk
2026-05-30 06:28:12,day,overall,71,0x20643aa68433f30ddc817c38c34f7e9a3ffea618,9902.446651000002,33571.008325,sniperBTC11
2026-05-30 06:28:12,day,overall,72,0x335592400e402c26583ce8b56d12605e9548a126,9589.543938680028,0.0,ranger44
2026-05-30 06:28:12,day,overall,73,0x84cb17a50bc2487e8d64029783c3d2abcba328ad,9473.148949175607,61899.85053900001,Mikee12
2026-05-30 06:28:12,day,overall,74,0x30c7ac0158499ddc6761047f7f69bcf7d036ac3b,9244.287839520752,0.0,skyman44
2026-05-30 06:28:12,day,overall,75,0xa71093cafc0c099b4ccab24c3cb8018d817923c4,9176.075775561738,0.0,Talvez10
2026-05-30 06:28:12,day,overall,76,0xa1d82aa07258aac95b2a7f0893f740a37ef1a786,9137.913450170017,0.0,IHeardLoveisallyouNeed
2026-05-30 06:28:12,day,overall,77,0x4c0abbdc0f4c19e7e9af8c6399e67192be8ea9be,9039.032849520008,0.0,kokony
2026-05-30 06:28:12,day,overall,78,0x55a1f55fb021eb52f5233321f88ff8eca5aedb28,8844.990567394998,0.0,vjnn
2026-05-30 06:28:12,day,overall,79,0x127c59e8f226e6feef55ff4bde52c69d27ec7456,8748.73914252,0.0,bergzz
2026-05-30 06:28:12,day,overall,80,0xbf93328f8b69273453228a82c913207731822fd7,8449.74031940601,0.0,hell0pia
2026-05-30 06:28:12,day,overall,81,0x8f486f718f8a8db0f244b7edd171be20ad1493c7,8358.675902747498,13623.022464,ramstein750
2026-05-30 06:28:12,day,overall,82,0xda2c871e7fe7adb22675cb93ea5287dd1aff5919,8296.573802000015,9487.119999999999,0xda2C871E7FE7aDB22675cb93eA5287dD1AfF5919-1774737593209
2026-05-30 06:28:12,day,overall,83,0x043c7c3b76e404d1d208f70ecd1248f34dba80dc,8186.31,8269.0,0x043c7C3b76e404D1D208F70ecd1248f34dbA80dc-1774732011818
2026-05-30 06:28:12,day,overall,84,0xcb1bcdee78e4b50e64aabb109cf4be33dbb569f2,8129.1662056418045,76987.13252000001,LBAIsport
2026-05-30 06:28:12,day,overall,85,0x950ea3d54a52dca7ec54e7a0338812450268f8e5,8000.0005354400055,0.0,onepingonly
2026-05-30 06:28:12,day,overall,86,0x032eb1bc893940263ad0b01889f262fc232f2a9e,7767.806551290023,18330.46,purplegatto
2026-05-30 06:28:12,day,overall,87,0x479e330b07822ee28e20bac5e504f1b7c6b591c3,7731.336257640985,9615.384614,0x479E330b07822EE28e20bAC5e504f1b7c6B591C3-1768820092692
2026-05-30 06:28:12,day,overall,88,0x13659c6a1aacd0e3bcb022e06261fff367f6c82a,7294.782118717236,27447.169898,what-the-dog-doin
2026-05-30 06:28:12,day,overall,89,0xff34c2cc46e7624310f3549ea355540d57a4694b,7101.42571115033,101650.96824999996,
2026-05-30 06:28:12,day,overall,90,0xdb83e85ffd22faa4009273034770f96ffc5b1e50,7044.2488682059775,125529.33968899999,sentrio
2026-05-30 06:28:12,day,overall,91,0xdbade4c82fb72780a0db9a38f821d8671aba9c95,6925.103225001367,1123.4575,SwissMiss
2026-05-30 06:28:12,day,overall,92,0x03805a13a0b3e058f55f6c6af95389d4f431073d,6919.689858855114,77063.114834,donthackme
2026-05-30 06:28:12,day,overall,93,0x511f9c771449162349795d17becf8b37031acbe1,6787.620447284689,68913.07728,Bigggggggg
2026-05-30 06:28:12,day,overall,94,0x334b261e6ab81287841c1e8c9326a149b8bfd971,6611.281309625015,0.0,treesanddreams
2026-05-30 06:28:12,day,overall,95,0xa8e089ade142c95538e06196e09c85681112ad50,6504.588349999802,0.0,Wannac
2026-05-30 06:28:12,day,overall,96,0x3ce96461e77d62b434acf9a40af96fcbd79a9c2d,6466.1014332779105,8941.249448,grimlin
2026-05-30 06:28:12,day,overall,97,0xe36f5735f5bc12c36b361a599e8603d56f7ccd91,6456.1098212815195,0.0,sameday1
2026-05-30 06:28:12,day,overall,98,0xebe6d42fbbd15b89ef9af70e459dd05e20679278,6343.940220069294,5831.46846,TraderXI
2026-05-30 06:28:12,day,overall,99,0xfefb4ab20c207f11278c222e5276546727f74b5d,6123.9123254021715,27762.144740000003,dfsgretfewqrfew
2026-05-30 06:28:12,day,overall,100,0x13414a77a4be48988851c73dfd824d0168e70853,6101.64386087912,58379.404345,TrevorPlovdivBulgariaForHisBirthday
2026-05-30 06:28:12,day,politics,1,0xb2a3623364c33561d8312e1edb79eb941c798510,63084.53380984976,0.0,aekghas
2026-05-30 06:28:12,day,politics,2,0xf9c1190aa8184bcbe418e6f5321c53b0bfbc39e2,36637.18183000211,115849.866952,AdrianCronauer
2026-05-30 06:28:12,day,politics,3,0x0f0223dc4b5c68f345ac4f0444f2955740b85bfb,36047.435405729804,0.0,0x0F0223dC4b5C68f345Ac4F0444f2955740B85bfB-1779940201096
2026-05-30 06:28:12,day,politics,4,0x5d0f03cf1243a3e21262d6cf844795afd9fff0ad,29435.12855777156,0.0,EB99999
2026-05-30 06:28:12,day,politics,5,0xeed588bab0b0df73a9a6def7a59e512e9ede1a33,29421.499340700277,104833.835974,mohahaha
2026-05-30 06:28:12,day,politics,6,0xbd0477e08d82d35a855ff19644a88a9213d8fbb0,17789.13812370351,97104.93741099999,yuhyuhyuhy352352
2026-05-30 06:28:12,day,politics,7,0x8c80d213c0cbad777d06ee3f58f6ca4bc03102c3,16384.415355980047,0.0,SecondWindCapital
2026-05-30 06:28:12,day,politics,8,0xa022ba0a68e11a78348382ff168601012d4d77f8,15653.277365161019,0.0,yungstalin
2026-05-30 06:28:12,day,politics,9,0x5739ddf8672627ce076eff5f444610a250075f1a,15318.417551188846,1.04165,hopedieslast
2026-05-30 06:28:12,day,politics,10,0xecaa8806a9a05049d7d5260a33dc924220e377a9,11672.026318548073,1855.08,Melody626
2026-05-30 06:28:12,day,politics,11,0xc15b833b6991e5dbcaca029f7d0f951e5db238af,10425.469852899972,0.0,makinta
2026-05-30 06:28:12,day,politics,12,0x0a854897a06d4999e5b2dde5693609f1428ffe9d,10036.377705263032,0.0,TheQuietRisk
2026-05-30 06:28:12,day,politics,13,0xa9fe4929d4ea1525ca03bd0ff68ea1fbf9e7f135,9852.069203079009,0.0,novv25
2026-05-30 06:28:12,day,politics,14,0x335592400e402c26583ce8b56d12605e9548a126,9589.543938680028,0.0,ranger44
2026-05-30 06:28:12,day,politics,15,0xc8ab97a9089a9ff7e6ef0688e6e591a066946418,9495.624408609088,502771.74318399985,ArmageddonRewardsBilly
2026-05-30 06:28:12,day,politics,16,0xa1d82aa07258aac95b2a7f0893f740a37ef1a786,9158.436150170017,0.0,IHeardLoveisallyouNeed
2026-05-30 06:28:12,day,politics,17,0xbf93328f8b69273453228a82c913207731822fd7,8449.74027874101,0.0,hell0pia
2026-05-30 06:28:12,day,politics,18,0x950ea3d54a52dca7ec54e7a0338812450268f8e5,8000.0005354400055,0.0,onepingonly
2026-05-30 06:28:12,day,politics,19,0xdbade4c82fb72780a0db9a38f821d8671aba9c95,6897.016787501052,0.0,SwissMiss
2026-05-30 06:28:12,day,politics,20,0x334b261e6ab81287841c1e8c9326a149b8bfd971,6602.740409625015,0.0,treesanddreams
2026-05-30 06:28:12,day,politics,21,0xe36f5735f5bc12c36b361a599e8603d56f7ccd91,6456.110164420519,0.0,sameday1
2026-05-30 06:28:12,day,politics,22,0x511f9c771449162349795d17becf8b37031acbe1,6172.635370363016,37751.726027,Bigggggggg
2026-05-30 06:28:12,day,politics,23,0x6d9fc316c3b8377060a44b852ba664adbfd59790,5858.480944372539,41147.060576,MEPP
2026-05-30 06:28:12,day,politics,24,0xfd22b8843ae03a33a8a4c5e39ef1e5ff33ebad91,5615.258410905022,0.0,AML
2026-05-30 06:28:12,day,politics,25,0x93511d72d294f1478739bc38f578bf0306fd9e4d,5280.101601679678,5129.889999999999,Dafu0715
2026-05-30 06:28:12,day,politics,26,0x0d15e2724df455f9e65b15104d21d76412a2c454,4777.431364231976,0.0,e88888
2026-05-30 06:28:12,day,politics,27,0x12349b07596228316a002d4325807c83aa9afb0e,4619.336711180007,0.0,6677889
2026-05-30 06:28:12,day,politics,28,0xe7387473b067235436884d16799777cf279edf65,4585.638392393885,11649.668981999997,Huludubu
2026-05-30 06:28:12,day,politics,29,0xb8b44e3cc9e0962982e3c8bf444b6a7411f51f6e,4583.92538732949,0.0,MonacoLover
2026-05-30 06:28:12,day,politics,30,0x293e8a645e8d3bc9bce417ae3c0015eebfc34717,4552.785756839992,0.0,Frommud
2026-05-30 06:28:12,day,politics,31,0xbb1f2e5808ef314eb65e340b42389716e32c907d,4450.431195837796,9999.844544999998,KRUNRG
2026-05-30 06:28:12,day,politics,32,0x4f1d5ae26fc31472966e951af3183308736d8de2,4260.720719612262,16910.366201,e46m3
2026-05-30 06:28:12,day,politics,33,0x8c66e28fbe7ede7f57ba6cbc70408dff442944f3,4052.8388136079984,10999.99095,0x8c66E28FbE7Ede7F57bA6CBc70408DfF442944F3-1777220320442
2026-05-30 06:28:12,day,politics,34,0x59c49a09e5335430833b96d96af9e581b0a9b517,3980.2479727300233,0.0,badbbd
2026-05-30 06:28:12,day,politics,35,0x0562e01b3c3e65bb93bf0de32f02cec238a79d66,3784.6123698629963,0.0,iForgor
2026-05-30 06:28:12,day,politics,36,0x5969ad859ca21e7cad3acc3253199bac63f05bed,3780.782535203006,0.0,aaron107
2026-05-30 06:28:12,day,politics,37,0xf39651f0addaad0221806d828197064b97feed0d,3692.72149530999,0.0,Pajamapants
2026-05-30 06:28:12,day,politics,38,0xeb490d0534bb68b4c2ce139b219a728cd2c3693e,3507.301928697758,46544.300687,78979879879879
2026-05-30 06:28:12,day,politics,39,0xd576b9ee74c58fcb913675fd9c1d14c85312d5e3,3427.343354777986,0.0,inrock30
2026-05-30 06:28:12,day,politics,40,0x03805a13a0b3e058f55f6c6af95389d4f431073d,3405.5074481400734,28232.589065,donthackme
2026-05-30 06:28:12,day,politics,41,0xcbbc4c8802f6d061504c9d670a181508cf42ea5a,3365.3778027241824,28224.600363999998,Doggieson
2026-05-30 06:28:12,day,politics,42,0x8db4f2bcb37078763c70dac5d99c285995479c07,3212.1651613639588,3732.1942380000005,cwc909
2026-05-30 06:28:12,day,politics,43,0x5a218c7ad04135830a45c41aaed7294df7809318,3156.350031701033,13272.398501000001,balthazar
2026-05-30 06:28:12,day,politics,44,0xe734e7bf7cfb9e464681f71822f6c2f6be514f0c,3123.434898690015,0.0,boyau
2026-05-30 06:28:12,day,politics,45,0x56832fe210246b25fcef010565c815ee89479d56,3103.132973850001,0.0,8632
2026-05-30 06:28:12,day,politics,46,0x2e617f2cb474acaba820030e4819fe92148519bd,3020.0018934142745,4962.998142,Javier777Milei
2026-05-30 06:28:12,day,politics,47,0x6fcac84365abab055cf438754ed5a14c78f605bc,2827.584777579992,0.0,Thomas58
2026-05-30 06:28:12,day,politics,48,0x0c0e270cf879583d6a0142fc817e05b768d0434e,2760.482003136305,723.97,The Spirit of Ukraine>UMA
2026-05-30 06:28:12,day,politics,49,0x4eae5a5574bebbeac4baf8397dde79b26a9b5095,2625.0593177400006,0.0,Yamato1945
2026-05-30 06:28:12,day,politics,50,0xf284ad6d607f777f34bc643cea587c33a886b9f9,2474.00726231109,20051.568416,strike123
2026-05-30 06:28:12,day,politics,51,0x9dcc1d3cc172231d72a9de842dfa8460079de816,2418.294495689999,0.0,0x9dcc1d3CC172231d72A9dE842dFA8460079dE816-1777643956860
2026-05-30 06:28:12,day,politics,52,0xfbddd6b792896ce64a4199517e9df4e13e64d33f,2268.7234300000005,0.0,Adishon
2026-05-30 06:28:12,day,politics,53,0xfc2f4f50ce2f6045d35558a5e2d8d4b2ac6610c7,2265.8896859727465,119149.761749,0xFc2F4f50ce2F6045d35558A5E2D8d4b2aC6610c7-1769097007451
2026-05-30 06:28:12,day,politics,54,0x54ce7dd357766fc3255645e55ef41edd51cc9f80,2235.8654095900033,0.0,bwgringo
2026-05-30 06:28:12,day,politics,55,0xf027918f9a368fb6169d7caf5fa6e899f14b3f04,2187.604531472498,0.0,Gorgeous-
2026-05-30 06:28:12,day,politics,56,0x11dcaf3b623731de2bf61922be682136dde2be3b,2167.41851252,0.0,77366
2026-05-30 06:28:12,day,politics,57,0xfbd8c9c22ca76b3662d0e53a4f79719fdc684027,2142.0778454249994,8827.0,0xfBd8C9C22cA76B3662d0e53A4f79719FDC684027-1779347618060
2026-05-30 06:28:12,day,politics,58,0xbe482cd6e5183be8767f03b48ebc3ff35769683f,2112.469293541013,0.0,0xBE482CD6e5183BE8767f03b48EBc3FF35769683f-1768081000582
2026-05-30 06:28:12,day,politics,59,0x000d257d2dc7616feaef4ae0f14600fdf50a758e,2065.6673049409874,52417.049999999996,scottilicious
2026-05-30 06:28:12,day,politics,60,0xb8ee94bd599a92d4747dda5f3bc6d2b243349e81,1894.918203852958,1462.096626,0xB8eE94bD599A92D4747DdA5f3bc6D2B243349e81-1765943326811
2026-05-30 06:28:12,day,politics,61,0xa7715a969f35fea826258fc7b7ce4c95fdf642d1,1887.0273702604864,0.0,VICTORMAX77
2026-05-30 06:28:12,day,politics,62,0x62cf46cd4c3af254dccfc37a7f93de265b4b5826,1875.280769441617,2999.937098,eCash
2026-05-30 06:28:12,day,politics,63,0xf90172978a803cceb5a2f6b96dd3e8a2c025d917,1874.4844787600014,0.0,Coldwind01
2026-05-30 06:28:12,day,politics,64,0x04059a17569cc586081cfadad1cda190710bda82,1870.4868993050186,0.0,forcestrut1
2026-05-30 06:28:12,day,politics,65,0x44bb9b6af128bdcdac143f9fe845a8a9a105c186,1847.8878481350039,0.0,US.holds.WT-OPCON.of.SouthKorea
2026-05-30 06:28:12,day,politics,66,0xee0ff4a9de23e758e3f8d128b4f25fd6f62c4cf5,1827.9646692110073,0.0,drop126
2026-05-30 06:28:12,day,politics,67,0x74019d0b6978a9f4198af6983c25df40374187c5,1785.0303974199996,0.0,freeman1337
2026-05-30 06:28:12,day,politics,68,0xfbe66593e49c4e7a7180a2582f041158bfb800f8,1777.4848000000056,0.0,gaven-willwin
2026-05-30 06:28:12,day,politics,69,0x9604b357e8307b0ccc8eb5812725d2b112c6fc1d,1731.5615364190016,0.0,Batundi
2026-05-30 06:28:12,day,politics,70,0x43372356634781eea88d61bbdd7824cdce958882,1721.199324441157,4413.31,Anjun
2026-05-30 06:28:12,day,politics,71,0x8e77537e059837d3c2ca5b4efe75e74e9498c4f3,1675.8842712380065,0.0,dwpoker
2026-05-30 06:28:12,day,politics,72,0x94c4fe3b18435aa92024c7c1589537fcda3f43ca,1668.9257838354824,0.0,Railcool
2026-05-30 06:28:12,day,politics,73,0xc96e5287ab294ac0388c2ddb00180fc464cff1f9,1665.369736582501,0.0,wigglew
2026-05-30 06:28:12,day,politics,74,0x682db86f41a12d9292befded523564314c1f31ab,1663.4070207325276,0.0,148572738484
2026-05-30 06:28:12,day,politics,75,0x06c0d07d5b59b25316bf1e6007aca6ad8f20bc23,1617.4207332799924,0.0,19HO
2026-05-30 06:28:12,day,politics,76,0x63d43bbb87f85af03b8f2f9e2fad7b54334fa2f1,1612.6646424313658,0.0,wokerjoesleeper
2026-05-30 06:28:12,day,politics,77,0x9ba9dec33838f4ec9f032f7247d7481987e63ce9,1541.58885,0.0,TeamA
2026-05-30 06:28:12,day,politics,78,0xde0463ea7f611b065e8ab06bbfbddad75e6dfa37,1507.6732539811746,22552.420000000006,mwenya
2026-05-30 06:28:12,day,politics,79,0x4b4bdc29a9ad4caedae5f1139ff8373dede0cbf7,1503.853600581001,0.0,DonaldPumpJr
2026-05-30 06:28:12,day,politics,80,0x56ad6bd05999e0f33ea9c05a48ccb1364a46f13e,1473.9662852749898,67799.11,Mpire1
2026-05-30 06:28:12,day,politics,81,0xd9b5455d1ee240ce157787b87ff2e0a60f639db1,1459.8344807273934,8173.975528000001,0xd9b5455d1ee240ce157787b87ff2e0a60f639db1-1759024898621
2026-05-30 06:28:12,day,politics,82,0x6edfbe1379ac9e745824a70b37c31e20a0c11011,1433.5893719700034,0.0,545963
2026-05-30 06:28:12,day,politics,83,0xb0d62e7959377b18fd63b772c74147724e0e7475,1427.7102730882907,7776.570107,0xb0D62E7959377B18Fd63b772C74147724E0E7475-1762012908734
2026-05-30 06:28:12,day,politics,84,0xd902d85156fe7b309c12299375c00d86ea83cdb9,1425.502060304987,490.46,Shovelface
2026-05-30 06:28:12,day,politics,85,0x60a92c8620846d81f5ea17b0564e0d4b7c545a71,1415.1589464639255,1338.32,paddaa
2026-05-30 06:28:12,day,politics,86,0xc7e53ac4a7c76d6df8b794de2e7d0794265d2d3a,1399.6928654338553,15841.314608,LiquidatedDegen
2026-05-30 06:28:12,day,politics,87,0x0a1ca02006ef554a043abdd649a2d0ed1e67369e,1379.9530187499986,0.0,EnterTheNewWorld
2026-05-30 06:28:12,day,politics,88,0xf5b36225c327d7080babdd8df1a0e44835e14155,1374.0864467965039,941.8314260000001,balck
2026-05-30 06:28:12,day,politics,89,0x23d81ba9371e576015c1e562db09c689f56b0288,1361.198099443598,7076.919830000001,flawfence
2026-05-30 06:28:12,day,politics,90,0x8b4bca1d794779e66e023d44391b2a86c5ab541b,1357.5562377360184,0.0,0x8B4bcA1D794779E66e023D44391B2A86C5ab541B-1769764313952
2026-05-30 06:28:12,day,politics,91,0x430fc12ac13646b962c98dd73e159488812f5947,1352.1226528120533,0.0,5245242
2026-05-30 06:28:12,day,politics,92,0x09a5d3b75f908d780f2070ac270eabd6cf83caaa,1351.117206270147,34532.413796,83CAAA
2026-05-30 06:28:12,day,politics,93,0x8a934e7aab319546e25db7f644b60b4f8d83ab74,1348.56659365,0.0,0x8A934e7aab319546E25db7f644B60b4f8d83ab74-1777952792430
2026-05-30 06:28:12,day,politics,94,0x515e2144bf38402568979db4ea7f6b64636c8309,1338.4118062204998,20682.315453,ishouldnot
2026-05-30 06:28:12,day,politics,95,0xeed10490c38abdd3e6faaf69f9dec6f5d9efd782,1336.6356057200028,0.0,luckyduck42
2026-05-30 06:28:12,day,politics,96,0xf1ef8705e9f63c790c6fffd6329aea7011718cd6,1311.1781789300003,0.0,Outsid3rTrading
2026-05-30 06:28:12,day,politics,97,0xc96cb25888f25ab1929b575834a6c406234f6a98,1297.4846263229967,0.0,James000
2026-05-30 06:28:12,day,politics,98,0x79cd523b2a581a032adac49fb0a5017ab988079b,1282.5597652399986,0.0,snackmoney
2026-05-30 06:28:12,day,politics,99,0x5f943272e4334fa5c6ccb09a7c91d94b835f7d96,1277.175349440001,0.0,Saba2117
2026-05-30 06:28:12,day,politics,100,0xefcedda09b4f2224c856edbd9c41c1d6db124e4a,1274.0374018640014,0.0,
2026-05-30 06:28:12,day,sports,1,0x492442eab586f242b53bda933fd5de859c8a3782,208126.42995000305,0.0,0x492442EaB586F242B53bDa933fD5dE859c8A3782-1766317541188
2026-05-30 06:28:12,day,sports,2,0xfe787d2da716d60e8acff57fb87eb13cd4d10319,198518.3119290606,1495227.3887340003,ferrariChampions2026
2026-05-30 06:28:12,day,sports,3,0x6211f97a76ed5c4b1d658f637041ac5f293db89e,191750.64604999998,0.0,Tiger200
2026-05-30 06:28:12,day,sports,4,0x26437896ed9dfeb2f69765edcafe8fdceaab39ae,156643.8515076493,357917.92,Latina
2026-05-30 06:28:12,day,sports,5,0x2c335066fe58fe9237c3d3dc7b275c2a034a0563,84444.78001379501,607519.1847989999,0x2c335066FE58fe9237c3d3Dc7b275C2a034a0563-1759935795465
2026-05-30 06:28:12,day,sports,6,0x4bff30af91642dc7d2b19a8664378fe55c45fc26,80998.66815793514,20862.47,Sassy-Bucket
2026-05-30 06:28:12,day,sports,7,0xb91aeb5accc33a5f9a8615b8ed6b2d352e913987,77473.19362923404,14946.811488000001,afghj2421
2026-05-30 06:28:12,day,sports,8,0xb45a797faa52b0fd8adc56d30382022b7b12192c,70112.25641763932,114352.4151,bcda
2026-05-30 06:28:12,day,sports,9,0xcd65c3279408a33866a9129bed6943064cb6ee96,55162.795822196174,0.0,NiNo999
2026-05-30 06:28:12,day,sports,10,0x03e8a544e97eeff5753bc1e90d46e5ef22af1697,54612.80902329413,0.0,weflyhigh
2026-05-30 06:28:12,day,sports,11,0xf284ad6d607f777f34bc643cea587c33a886b9f9,52151.939687758495,168797.146084,strike123
2026-05-30 06:28:12,day,sports,12,0x84cfffc3f16dcc353094de30d4a45226eccd2f63,51015.263576368336,462454.76175999985,mooseborzoi
2026-05-30 06:28:12,day,sports,13,0x5966db1fe50763c9e3c014d756369bad07e1f804,47616.86696649436,162925.278269,0x5966Db1fE50763C9e3C014d756369BAd07E1F804-1777648534241
2026-05-30 06:28:12,day,sports,14,0xbd14b65383c15e0b0f64944ca000f9a2bc5dd62a,44083.491942711174,20134.675392,
2026-05-30 06:28:12,day,sports,15,0xd48a81db62f742c4e42d86dfc23a7ee345366e90,30723.34010122453,29721.195240000005,NiFengFanPan
2026-05-30 06:28:12,day,sports,16,0x8fba2c29715c41dd87e781c23373aa1e0549d08a,30320.059112706032,0.0,abura2025
2026-05-30 06:28:12,day,sports,17,0xe5efd6543002653b2eef940d8254911862ad9e7a,30047.797563557542,230759.276861,0xE5efD6543002653B2EEF940d8254911862aD9e7A-1729599643232
2026-05-30 06:28:12,day,sports,18,0xbddf61af533ff524d27154e589d2d7a81510c684,29213.805737231858,666707.419323,Countryside
2026-05-30 06:28:12,day,sports,19,0xb1889886a55ec6c684948e014f7b18693bb78d5b,27916.116022812035,0.0,loulou2
2026-05-30 06:28:12,day,sports,20,0xb687f00464e33934f5d591f224e71c3559ecaee5,25743.64814122455,5044209.359161001,alwayslatetotheparty
2026-05-30 06:28:12,day,sports,21,0x8fba2c29715c41dd87e781c23373aa1e0549d08a,30324.35101238593,7811.011577,abura2025
2026-05-30 06:28:12,day,sports,22,0x5268527977f700f9bf9b6d5cd843859e4e70135d,30275.274421448994,828723.2932049998,HomeRunHazard
2026-05-30 06:28:12,day,sports,23,0xe5efd6543002653b2eef940d8254911862ad9e7a,30047.797563557542,230759.276861,0xE5efD6543002653B2EEF940d8254911862aD9e7A-1729599643232
2026-05-30 06:28:12,day,sports,24,0xb1889886a55ec6c684948e014f7b18693bb78d5b,27916.116022812035,0.0,loulou2
2026-05-30 06:28:12,day,sports,25,0x21f333307ac6d2e65ac82f014b3dd2b64cbc35e3,27707.19921962064,38426.337156,hi774c
2026-05-30 06:28:12,day,sports,26,0xb687f00464e33934f5d591f224e71c3559ecaee5,25791.749376100022,5057318.798045001,alwayslatetotheparty
2026-05-30 06:28:12,day,sports,27,0x9703676286b93c2eca71ca96e8757104519a69c2,23737.004975417512,87111.16639,TheMangler
2026-05-30 06:28:12,day,sports,28,0x35353a3a2988c7c26e53849d602be60df49aa775,23052.335685,42530.149997,theboss2
2026-05-30 06:28:12,day,sports,29,0xd48a81db62f742c4e42d86dfc23a7ee345366e90,20921.355079960107,29721.195240000005,NiFengFanPan
2026-05-30 06:28:12,day,sports,30,0x2005d16a84ceefa912d4e380cd32e7ff827875ea,20867.148619264364,527981.1779230001,RN1
2026-05-30 06:28:12,day,sports,31,0x1117eade222413335b7ec959e5b48c1d3dbc3532,19256.920689084567,20089.201894999995,benwyatt
2026-05-30 06:28:12,day,sports,32,0xd38c0b69a74f65bddfc4fc9548dec09c20251128,18952.142764418066,0.0,0xD38c0B69A74F65bddFC4fc9548dEc09C20251128-1766211200820
2026-05-30 06:28:12,day,sports,33,0xb9c7d35d1f04d08624fabcfd3b6cee2d3c9baade,18445.56137855874,750.4588859999999,taylorsversion
2026-05-30 06:28:12,day,sports,34,0x594d0c9a3eb7f958b9fc100e3088ffc5de99059d,16885.051874999976,0.0,
2026-05-30 06:28:12,day,sports,35,0xe5f0ae9cc9aef77ae3c2a64c9e69caa3f335dc1d,16613.12900999983,0.0,0xE5F0AE9cc9aeF77ae3c2A64c9E69caa3F335dc1d-1773531520731
2026-05-30 06:28:12,day,sports,36,0x37e4728b3c4607fb2b3b205386bb1d1fb1a8c991,16198.841983219027,123012.378585,SemyonMarmeladov
2026-05-30 06:28:12,day,sports,37,0xab828a2bcb4a5a93a94cdeedf3cb70b6211babe5,15945.97539980011,15327.0,Lk1101x
2026-05-30 06:28:12,day,sports,38,0x36257cb65f199caa86f7d30625bbc1250a981187,15074.332868617843,51059.698191999996,
2026-05-30 06:28:12,day,sports,39,0x7a8885c8dc075f0578b648f29fa233408a7d41cc,14862.79432798487,3715.810828,stackingsats
2026-05-30 06:28:12,day,sports,40,0x842ac934cfff1467f27c167c42c318001e407422,14593.991781667883,18456.872509999997,ChompChomp888
2026-05-30 06:28:12,day,sports,41,0x9c76cdb43fb46454da005fbc82047a64a18ec926,13786.788812746934,43399.46440700001,Bagwell306
2026-05-30 06:28:12,day,sports,42,0x0a77bc0638f13892c8b1d1d2c13ba178540f9d74,13042.252413363138,25571.690663,0x0A77exmm
2026-05-30 06:28:12,day,sports,43,0x0bb1d6b0e4b055f00117b2fb1150e1c8d3ca3018,12431.890229999999,0.0,fareer211
2026-05-30 06:28:12,day,sports,44,0x5ba61105b276b4e793d0b5a5d773b78186720f07,11781.244334660034,17716.112842000002,0x5BA61105b276b
2026-05-30 06:28:12,day,sports,45,0xf68a281980f8c13828e84e147e3822381d6e5b1b,11479.266046062694,73241.306849,iDARKenjoyer
2026-05-30 06:28:12,day,sports,46,0x53757615de1c42b83f893b79d4241a009dc2aeea,11393.257524528075,108282.98999999999,
2026-05-30 06:28:12,day,sports,47,0x4f29e103339919c4baaea2a60195cf1c8bb27a7e,11138.744057623146,787591.781927,0x4f2
2026-05-30 06:28:12,day,sports,48,0x38f0b76ed812c24166a4f6293f991ac4b9972768,10942.291892328998,153045.321925,initial77a
2026-05-30 06:28:12,day,sports,49,0x43372356634781eea88d61bbdd7824cdce958882,10805.172544117784,57438.175059,Anjun
2026-05-30 06:28:12,day,sports,50,0xbca08c1bc204a34f2fddbe47b438b9bd42ac9705,10448.032412474684,253099.21653800004,bananawoin
2026-05-30 06:28:12,day,sports,51,0x84cb17a50bc2487e8d64029783c3d2abcba328ad,9473.148949175607,61899.85053900001,Mikee12
2026-05-30 06:28:12,day,sports,52,0x30c7ac0158499ddc6761047f7f69bcf7d036ac3b,9244.287839520752,0.0,skyman44
2026-05-30 06:28:12,day,sports,53,0xa71093cafc0c099b4ccab24c3cb8018d817923c4,9176.075775561738,0.0,Talvez10
2026-05-30 06:28:12,day,sports,54,0x4c0abbdc0f4c19e7e9af8c6399e67192be8ea9be,9039.032849520008,0.0,kokony
2026-05-30 06:28:12,day,sports,55,0x55a1f55fb021eb52f5233321f88ff8eca5aedb28,8844.990567394998,0.0,vjnn
2026-05-30 06:28:12,day,sports,56,0x127c59e8f226e6feef55ff4bde52c69d27ec7456,8748.73914252,0.0,bergzz
2026-05-30 06:28:12,day,sports,57,0x8f486f718f8a8db0f244b7edd171be20ad1493c7,8358.675902747498,13623.022464,ramstein750
2026-05-30 06:28:12,day,sports,58,0xcb1bcdee78e4b50e64aabb109cf4be33dbb569f2,8129.1662056418045,76987.13252000001,LBAIsport
2026-05-30 06:28:12,day,sports,59,0x032eb1bc893940263ad0b01889f262fc232f2a9e,7767.771051290023,18330.46,purplegatto
2026-05-30 06:28:12,day,sports,60,0x479e330b07822ee28e20bac5e504f1b7c6b591c3,7731.336257640985,9615.384614,0x479E330b07822EE28e20bAC5e504f1b7c6B591C3-1768820092692
2026-05-30 06:28:12,day,sports,61,0x13659c6a1aacd0e3bcb022e06261fff367f6c82a,7294.899718717235,27447.169898,what-the-dog-doin
2026-05-30 06:28:12,day,sports,62,0xff34c2cc46e7624310f3549ea355540d57a4694b,7101.425711150339,101650.96825,
2026-05-30 06:28:12,day,sports,63,0xdb83e85ffd22faa4009273034770f96ffc5b1e50,7044.248868205963,125529.33968899999,sentrio
2026-05-30 06:28:12,day,sports,64,0x5b6331e7ff0831a3fe2ed12004747db1a9c911a4,6842.0637133063865,69050.80400499998,neutralwave23
2026-05-30 06:28:12,day,sports,65,0xa8e089ade142c95538e06196e09c85681112ad50,6504.588349999802,0.0,Wannac
2026-05-30 06:28:12,day,sports,66,0x3ce96461e77d62b434acf9a40af96fcbd79a9c2d,6467.7295212578865,8941.249448,grimlin
2026-05-30 06:28:12,day,sports,67,0xebe6d42fbbd15b89ef9af70e459dd05e20679278,6343.940219356795,5831.46846,TraderXI
2026-05-30 06:28:12,day,sports,68,0x13414a77a4be48988851c73dfd824d0168e70853,6174.802515274147,58379.404345,TrevorPlovdivBulgariaForHisBirthday
2026-05-30 06:28:12,day,sports,69,0xfefb4ab20c207f11278c222e5276546727f74b5d,6125.497235402174,27762.144740000003,dfsgretfewqrfew
2026-05-30 06:28:12,day,sports,70,0xdd5ef115f801999575b03d78d0115ad8b2d59040,6010.991341289853,7518.997541000001,Forecastication2
2026-05-30 06:28:12,day,sports,71,0xef1bfe068ea3eb4c357d95805baf1050fd528697,5818.687534680546,111038.667492,devilbanker
2026-05-30 06:28:12,day,sports,72,0x8a6764a2da22d13ed16efd05ec67123b656de403,5624.25,7650.0,megashvbwuy
2026-05-30 06:28:12,day,sports,73,0x9a4cf053d6788a095da9be5e811e73131f491f30,5545.24000000002,0.0,AmaHnk
2026-05-30 06:28:12,day,sports,74,0xaebf3acc7c9add4928bd218f96de5cf64987e1ca,5468.357140906679,15960.679323,12monkeys
2026-05-30 06:28:12,day,sports,75,0x09af203b5af180c61d54eea118a4548a1f209728,5429.202416518347,0.0,mlbman
2026-05-30 06:28:12,day,sports,76,0xf0f7f99300c5fa7ebedd7b7d806b97528c580c5a,5329.071164439976,8766.240000000002,us291
2026-05-30 06:28:12,day,sports,77,0x5da4d69a89a8cf07ad1e01a5f45ab564c6e01ffd,5264.286026195261,21547.908399,0x5DA4D69A89a8Cf07ad1E01A5F45aB564c6E01fFd-1762590787535
2026-05-30 06:28:12,day,sports,78,0xa1e49df328c092e2ddee81631265712009cc4f8a,5184.547668773412,101099.215214,Moneki
2026-05-30 06:28:12,day,sports,79,0xca28b424e00c15c7e1598e47f9d33f187c1649de,5126.240100000001,0.0,0xcA28B424E00C15C7e1598e47f9d33f187c1649De-1770157076138
2026-05-30 06:28:12,day,sports,80,0xe9cbb1c9b3f7f411dd4fdf2ea7afa780c8b4d096,5070.286403439277,478452.86141,lameloballer
2026-05-30 06:28:12,day,sports,81,0x09b540739cfa17ba6b61f4351000583cd6397e72,5026.689412249907,14804.625,0x68234mjhgfvj8612543ytjsa6187235v81283
2026-05-30 06:28:12,day,sports,82,0x9b12e00626d7dd10fdae0121a0d944f3e76e5ee4,4921.702783967154,6037.948592000001,boomingtest
2026-05-30 06:28:12,day,sports,83,0x0d2d845a6ff64e31e04a70afce8a573940767ff5,4847.983456882275,225081.06656200002,HeavyP1sser
2026-05-30 06:28:12,day,sports,84,0x6157d529ae129fe08f22a27ed42e741d2eaa9fb4,4831.823862000019,5681.81818,xxyyxxzz
2026-05-30 06:28:12,day,sports,85,0x32b484581fc5606de9c1e43af4636b6be9bc8b21,4742.976537187049,101305.92928899999,0x32b484581fc5606dE9C1e43AF4636b6Be9BC8B21-1774274303653
2026-05-30 06:28:12,day,sports,86,0x85f031d069de300055900c4055c1baeb6bde3f67,4734.657188089914,0.0,RJW1
2026-05-30 06:28:12,day,sports,87,0x6db568e61e5e3de7d87f831431b673f38ce2e279,4684.709356360021,54665.520000000004,
2026-05-30 06:28:12,day,sports,88,0x9cd10d52a3b1dc0324db531769262ab48785285d,4605.927863796598,11064.816756,NIGGAMODE
2026-05-30 06:28:12,day,sports,89,0x00754e79d9507852a287475e8dad4c6a58b25f10,4594.832939415486,9559.43,70TOHEAVEN
2026-05-30 06:28:12,day,sports,90,0x6fbab048256b7a9f8592f3a0daa05e6f85fa26dc,4558.432784149996,6942.0,0x6FBAb048256B7a9f8592F3a0daa05e6f85Fa26DC-1772408607566
2026-05-30 06:28:12,day,sports,91,0xe3c9c84c9917d21351902f3bfde3420543ea4b9c,4502.589041209809,0.0,DimSumConnoisseur.
2026-05-30 06:28:12,day,sports,92,0x39fcd0aafb7047035e9323e6d1f99cd46f43e2f2,4411.761532025732,25898.002479000006,shoemanhere
2026-05-30 06:28:12,day,sports,93,0xb915070c8007b1bdf4b1ef04e56b066a022e8da5,4405.773460500117,656.4410499999999,Kingdmandan
2026-05-30 06:28:12,day,sports,94,0x9d94f602535e518ee1cb6aade0ca9569f1b1017d,4387.161480622133,70590.97915199999,eanvanezygv
2026-05-30 06:28:12,day,sports,95,0xa974826f82380f9bb3d5b9c722c50f82fb1aef79,4316.935541907515,9066.38,tmoneeey
2026-05-30 06:28:12,day,sports,96,0x63a4f883f6897df0eaff6318adb18f4b45d40091,4267.36536087557,9547.549081000001,0x63a4F883F6897df0eafF6318ADB18f4B45d40091-1778587376661
2026-05-30 06:28:12,day,sports,97,0xadfaada4a21c0b3d5c6459f2374d1e3dfd43324e,3914.998812645121,0.0,Reconquistador
2026-05-30 06:28:12,day,sports,98,0x0346afae2603313d2bbee96b628536c8cbe352a5,3880.3295823901863,249200.61374000006,GoalLineGhost
2026-05-30 06:28:12,day,sports,99,0x648dea3a70861ada31255dbabe0b070e98071366,3793.7459500000186,0.0,0x648deA3A70861ada31255DbabE0b070e98071366-1773074565815
2026-05-30 06:28:12,day,sports,100,0xdf434cabf51bf8c2390fc038a28cdd8496e5ae9a,3713.085283409586,16714.77,richerZ
2026-05-30 06:28:12,day,crypto,1,0x320c6e036566f9a06bfbdc255b4c22dc689b0279,15271.228151999998,21849.719999999998,
2026-05-30 06:28:12,day,crypto,2,0xee20d0360b8f74c978cc6b8e2b7db88f43024b3c,14664.781376684707,65382.113034999995,GA485
2026-05-30 06:28:12,day,crypto,3,0x8b71556d60ccd175508c94ccd0c0014d1e4cff43,13458.656032270348,33656.532346,0x8B71556D60cCd175508c94cCD0C0014D1E4CFF43-1780021422394
2026-05-30 06:28:12,day,crypto,4,0xeebde7a0e019a63e6b476eb425505b7b3e6eba30,11180.329068430583,367437.16350599995,Bonereaper
2026-05-30 06:28:12,day,crypto,5,0xfe4c06ca3530a78d362279ba02c6fc75791a3b6e,10945.416456970439,49801.516035,0xfE4c06cA3530A78D362279BA02c6fc75791a3b6E-1780107887524
2026-05-30 06:28:12,day,crypto,6,0xcd9bf7f6f56f4c3ba15416a8adb39c3a3e9a9b52,10167.50885,10305.84,0xCd9bf7F6F56F4c3BA15416a8ADb39C3A3E9A9b52-1774948389102
2026-05-30 06:28:12,day,crypto,7,0x20643aa68433f30ddc817c38c34f7e9a3ffea618,9902.446651000002,33571.008325,sniperBTC11
2026-05-30 06:28:12,day,crypto,8,0xda2c871e7fe7adb22675cb93ea5287dd1aff5919,8296.573802000015,9487.119999999999,0xda2C871E7FE7aDB22675cb93eA5287dD1AfF5919-1774737593209
2026-05-30 06:28:12,day,crypto,9,0x043c7c3b76e404d1d208f70ecd1248f34dba80dc,8186.31,8269.0,0x043c7C3b76e404D1D208F70ecd1248f34dbA80dc-1774732011818
2026-05-30 06:28:12,day,crypto,10,0x16351b85a6160e7a3759ec20603e7c14e4245624,4879.551423082499,24278.66,Betm4ker
2026-05-30 06:28:12,day,crypto,11,0xcc500cbcc8b7cf5bd21975ebbea34f21b5644c82,4668.065898555098,22455.620000000003,justdance
2026-05-30 06:28:12,day,crypto,12,0x1465b79bff7992bc703e1aafb3683b1089647072,4179.614710586015,0.0,JnStTrdrBnusFnd
2026-05-30 06:28:12,day,crypto,13,0x7e3471906a6a168f57a4a2ba7ed27206b1b34cc1,4157.442154824996,0.0,Lecsoman
2026-05-30 06:28:12,day,crypto,14,0x528b2090c5ace2dadb657ececf04a45132831ef9,3916.356531192001,35715.08229,0x528b2090C5acE2DADb657EcEcf04A45132831Ef9-1778290382535
2026-05-30 06:28:12,day,crypto,15,0x872149fd236dee03aace99f5b385f9eafae278f5,3540.6319934707662,17978.041461,0x872149fD236DeE03aACe99f5B385F9EAfae278f5-1779256506920
2026-05-30 06:28:12,day,crypto,16,0xb3232cf73dff177df9ce70818276b90d3c4427df,3515.100101305001,0.0,thelastrabbit
2026-05-30 06:28:12,day,crypto,17,0x3d7e23c2d1ef176aa1337c4d7591eb5a74dc21db,3266.3831703086926,27729.942336,0x3d7e23c2D1EF176aa1337C4D7591EB5A74Dc21db-1779414191248
2026-05-30 06:28:12,day,crypto,18,0xf62084fb019c80345360bb5a8a8f10d2845890e5,2630.4024166499944,13781.989999999998,poobidav
2026-05-30 06:28:12,day,crypto,19,0x80a260f1ac98ced6c7ab5f360a4c2a47f5cf838b,2565.4400969899975,9820.29,14881488
2026-05-30 06:28:12,day,crypto,20,0x7525bd866b25ebefa18b87d78b6cbd5f67f1fd3c,2549.2483462622,65783.855727,Newsey
2026-05-30 06:28:12,day,crypto,21,0xcfbb6b28819a87076db76ecc933658b630b44197,2545.6187357095223,11865.947484999999,marmot3
2026-05-30 06:28:12,day,crypto,22,0xfcdc071df7080c214196bb0b3b751e5417f9d8e3,2480.877835060488,70202.72557000001,neversmiling
2026-05-30 06:28:12,day,crypto,23,0xdc26d7776929e9c84a3d9651e13260dece6f7e7d,2466.9812860255042,0.0,ozpreezy
2026-05-30 06:28:12,day,crypto,24,0xce40dfcadb47fe46c8e8ecd2200661335ffacc4f,2398.5696429446325,8897.770573,ssssssch
2026-05-30 06:28:12,day,crypto,25,0x2a0ebb3a39a0109433d7140fd959545c3cd7a6fc,2333.5312090649945,0.0,Goliath-Online
2026-05-30 06:28:12,day,crypto,26,0xbf337426aa856996b8bb79b238345dd1a0276bf7,2185.620202446018,178261.241171,nagi777
2026-05-30 06:28:12,day,crypto,27,0xf284ad6d607f777f34bc643cea587c33a886b9f9,2185.3590078242687,55660.45,strike123
2026-05-30 06:28:12,day,crypto,28,0x3b8407699e832891203387d52c64d8f61ff2f487,2122.295263170672,33562.690182,0x0a2c53bd218c04da996cf96490e14-f3dfb9bc2
2026-05-30 06:28:12,day,crypto,29,0xca7508b30c2124e127ee09969b6a0aaf9bf7dcc7,2059.4073173264305,32639.56575,chanE5
2026-05-30 06:28:12,day,crypto,30,0xe32f0d8b087faa6cce0f6fdacb3264dece06ce26,2015.0549378109463,12184.76,0xE32F0D8B087FAa6cCe0f6FDacB3264dECE06cE26-1778504157215
2026-05-30 06:28:12,day,crypto,31,0x5078d0586b66aa1a328f95103be302e008ed420f,2007.2678860000015,4982.300942999999,
2026-05-30 06:28:12,day,crypto,32,0x993f451b6d5c21996b1bf688493cea9c4c823ee3,1929.4679964889656,17549.912814000003,hitjnn214
2026-05-30 06:28:12,day,crypto,33,0xbe973a3ab4752d29719f856823a218733a316347,1844.3267361970593,14812.408879999999,checkksc
2026-05-30 06:28:12,day,crypto,34,0x1e50e95700d59375be10cda4db16f87a80302473,1805.6389366766161,37735.37124200001,ZCu005
2026-05-30 06:28:12,day,crypto,35,0x073a1caba3c22e9e361ceae83aaa5405706f91e7,1781.4700833870156,0.0,Mantronix
2026-05-30 06:28:12,day,crypto,36,0x9f8812daa9a30d2d165a7e7242079b0456bacd62,1773.837816492216,6551.518872,leothefire1987
2026-05-30 06:28:12,day,crypto,37,0xd76251a6786ea74dafdb2ba9f06cd2efa51f2800,1752.8482880719853,14141.15221,sw52
2026-05-30 06:28:12,day,crypto,38,0x5ecb8d03fbcc892d40df38d6064affe0a19270e1,1704.5015762045896,72817.767386,0x5eCB8d03fBCc892D40dF38d6064Affe0A19270E1-1779140441405
2026-05-30 06:28:12,day,crypto,39,0x2e4d05beafd81a6e85bc0c6a94820d61ef34f703,1682.945391046449,3.636362,woshiLimpeh
2026-05-30 06:28:12,day,crypto,40,0x9b7ac362d911e3483bdf0fb95a423278bc54bc22,1679.276905627471,20043.945373000002,Sociopathy
2026-05-30 06:28:12,day,crypto,41,0x6e1d5040d0ac73709b0621f620d2a60b80d2d0fa,1672.7494263116969,126090.445041,0x6E1d5040d0ac73709B0621F620d2a60b80d2D0F
2026-05-30 06:28:12,day,crypto,42,0xb6c258450d5c6ff0c7337865e9e7db0d52284708,1650.6715422444922,0.0,9gonmek
2026-05-30 06:28:12,day,crypto,43,0x89b5cdaaa4866c1e738406712012a630b4078beb,1647.6543847316643,138646.47648900005,ohanism
2026-05-30 06:28:12,day,crypto,44,0x5371f1b6954e31c502064614649cea3568cb76eb,1557.3417456390089,0.0,oegdatam
2026-05-30 06:28:12,day,crypto,45,0xa0da9371a4aa5f2ece33eda9b6f47b656bad1f80,1545.2282618094978,0.0,0xA0da9371A4Aa5f2eCE33eDa9B6f47b656bAd1F80-1777002339626
2026-05-30 06:28:12,day,crypto,46,0xd541994b350cdc836fb383e5d39a50bc1fede026,1468.0894212499995,8648.413882,Jkim123
2026-05-30 06:28:12,day,crypto,47,0x69c7b8de588c68d3927f094eb9ec9a2b1bbeb03c,1443.627251941789,3939.135819,egig
2026-05-30 06:28:12,day,crypto,48,0xab828a2bcb4a5a93a94cdeedf3cb70b6211babe5,1431.1560981450002,0.0,Lk1101x
2026-05-30 06:28:12,day,crypto,49,0xb55fa1296e6ec55d0ce53d93b9237389f11764d4,1404.975637149997,74525.099409,0xb55fa1296E6ec55D0cE53d93B9237389f11764d4-1777575277609
2026-05-30 06:28:12,day,crypto,50,0x24ee4a85314b19b9fbb0018ab04f36c3b7662196,1387.609336738787,15293.373755999997,
2026-05-30 06:28:12,day,crypto,51,0x20d2309cd92b797ae7ca175ed828ed8a27fbe29d,1333.2087117294432,57555.139799000004,
2026-05-30 06:28:12,day,crypto,52,0x98074758610caeaf9ecc6e8a10e65c8410b54bfb,1311.8566277320278,11086.991837,Avartist
2026-05-30 06:28:12,day,crypto,53,0x5083a040efc20da48e3602f520940cc61c2bb0ea,1310.270666301858,4700.604832,
2026-05-30 06:28:12,day,crypto,54,0x09c3cc358c072cfd57166f2aedd18a0e91a8df76,1305.0393049552079,58520.50314699998,maximumdepressed
2026-05-30 06:28:12,day,crypto,55,0x6bab41a0dc40d6dd4c1a915b8c01969479fd1292,1281.8177027798956,24432.727384000005,Dropper
2026-05-30 06:28:12,day,crypto,56,0x5f376822451bd49a69b8a62e6c716d1118d238ff,1241.861250019998,0.0,norbeszbete1
2026-05-30 06:28:12,day,crypto,57,0xa8ccda0419f357f819271437efb61022f01341a9,1237.5813173732022,31542.218583,UUDDLRLR
2026-05-30 06:28:12,day,crypto,58,0x479966e7cfc2cf1f9869871a4b68297b005df273,1218.9145925939993,0.0,Stan0922
2026-05-30 06:28:12,day,crypto,59,0x6720a06faaa87aa2c0b2f4689a164053fbab13e9,1174.1413999641004,10260.860487999998,
2026-05-30 06:28:12,day,crypto,60,0x11a3dda72c74a0d09a58779994cd7be9f9753a98,1172.7081173888528,9638.513825,NekoVivesCom
2026-05-30 06:28:12,day,crypto,61,0x7e5d2991c2647de2348287e2f499329fc6a6c4c3,1093.4729719001625,22734.192636,aswfadq1555
2026-05-30 06:28:12,day,crypto,62,0x1647c127b2bb0437896f0ab3eab107f8045af879,1073.951492011528,16732.720575,vedaresearch.xrp
2026-05-30 06:28:12,day,crypto,63,0xe9c6312464b52aa3eff13d822b003282075995c9,1056.354351020418,24170.709587,kingofcoinflips
2026-05-30 06:28:12,day,crypto,64,0x5652090d21c85a9d1ca5b6a41fe07f3099fb00c9,1056.3273103400024,0.0,AlphaBetaGamma2357
2026-05-30 06:28:12,day,crypto,65,0x66ad4221d66358ab9867f6d8cae73ede08e5cc4e,1043.3762763199702,8410.177095,Marioy
2026-05-30 06:28:12,day,crypto,66,0x0484e64092ba4108c2786b61e6fc052d3bf41b1a,1023.3206649999192,77424.92,ZinDotGae
2026-05-30 06:28:12,day,crypto,67,0xec33b99006b37e149141aee7a19858084ca3f5aa,987.3500000000001,1135.0,TRGB3
2026-05-30 06:28:12,day,crypto,68,0xd189664c5308903476f9f079820431e4fd7d06f4,980.8657590697985,31617.359624000004,rwo
2026-05-30 06:28:12,day,crypto,69,0x74fc3a8c8ebb70937a6816a5f6a83462ee9206f7,966.4905578639991,0.0,dsfghs
2026-05-30 06:28:12,day,crypto,70,0xf455a69deccc1b7afc38cf3420f02b3b6ae29d55,954.3358580000036,12958.699200000001,0xf455a69deccC1B7aFC38cF3420f02B3B6AE29D55-1766347078747
2026-05-30 06:28:12,day,crypto,71,0x94bb0eca53b5d60d42ba239672099775494d1d45,948.7266466482979,7499.627457000001,LADRUS
2026-05-30 06:28:12,day,crypto,72,0xe8ade1c67a880380ec861c476052c2f00057a859,942.5153969076055,7500.988482000001,suanlimao6
2026-05-30 06:28:12,day,crypto,73,0xc88200ae64f7e893fa683a42cac2b92060db0662,937.9989999999852,0.0,Alexandru888
2026-05-30 06:28:12,day,crypto,74,0x12c2782b74d3b2a051b55be2e5167970ace01381,933.831360262288,8149.249588,gta6wen
2026-05-30 06:28:12,day,crypto,75,0x63adda169ca8f3311b361e3e7dc1a98fa882c072,930.3342399999383,34488.647925,0x63ADda169cA8F3311b361E3E7dc1a98FA882C072-1774822849424
2026-05-30 06:28:12,day,crypto,76,0xc5d521074e88279556836998fb2a5d2e2c1c6caa,909.3913382302198,18953.637595999997,x1x1x1
2026-05-30 06:28:12,day,crypto,77,0x2c251b8671ad830c7caa1ae01f3ae9d6745aa86f,888.6426034609976,0.0,mamagoto
2026-05-30 06:28:12,day,crypto,78,0x9f5ffe76a818dce37c70f947998b52b70671a008,877.2668097173737,51432.183038999996,0x9F5fFE76a818DCE37c70F947998b52b70671A008-1772728605528
2026-05-30 06:28:12,day,crypto,79,0x6a26095c16055429012113af34b84e6221955b66,874.2151303558494,17831.671986999998,erfghnjm
2026-05-30 06:28:12,day,crypto,80,0x4f315c1f2fcfbcbccc31fa28ae086babf309efa3,841.1591748799838,0.0,DFV2
2026-05-30 06:28:12,day,crypto,81,0x49f25611eeeff52d582180ade9acda9113f5b3c3,840.6968817558118,9523.665311,ethyydsz
2026-05-30 06:28:12,day,crypto,82,0x3725d52f3c252e8374999cc8617292ea2608ad88,839.587518269961,30835.287249999998,almach
2026-05-30 06:28:12,day,crypto,83,0x3f827c9ea7d0609ab02e4b688145b9df3f1d2258,837.8934960000004,1427.933677,
2026-05-30 06:28:12,day,crypto,84,0x6916cc00aa1c3e75ecf4081df7cae7d2f3592fd4,836.5157938963966,18810.257720999998,x6916Cc00AA1c3e75ECf4081DF7caE7D2f3592fd4
2026-05-30 06:28:12,day,crypto,85,0x95a8ca6920cf876b2318c09a06b8f213874a0e30,832.754694089585,8750.541435,Cuican005
2026-05-30 06:28:12,day,crypto,86,0xd16132ccb88849df1d150b4c62913468acdb85aa,828.7727049999994,0.0,0xD16132ccB88849DF1d150B4C62913468ACdB85aa-1779101301902
2026-05-30 06:28:12,day,crypto,87,0x7076579b2d7989925b24fb345b6dbfe46f61b1e4,825.5576044799996,12951.378665,
2026-05-30 06:28:12,day,crypto,88,0x856b5c8979566eb12140d740ad88658b3ce73853,814.9052755000021,18498.757400000002,0xf4st455h1t
2026-05-30 06:28:12,day,crypto,89,0x660ccf2d4c1708e336b2ea2ab7b300778ebe99f8,811.4219204470897,12988.574965000002,
2026-05-30 06:28:12,day,crypto,90,0x34c8c1b62a854816642cb6b95510cda2157aab39,798.7137854560821,7077.143819,
2026-05-30 06:28:12,day,crypto,91,0x4d40cd002c6e0fe29b6a69a698618ab0d55ce6b1,798.4662569703299,9531.305981,spiffyspacemunky
2026-05-30 06:28:12,day,crypto,92,0x2855555a48ee7ec2e67272701651bfe77034ebe8,797.598133000025,58354.65118,2855555A48ee7ec2e67272701651BFe77034eBE8
2026-05-30 06:28:12,day,crypto,93,0x8c901f67b036b5eebab4e1f2f904b8676743a904,795.9489492864814,5782.872393000001,Marketing101
2026-05-30 06:28:12,day,crypto,94,0xd76050f456aa9e28fa6b60fe94a6dbb746a1f7f5,795.8747790510861,3400.161023,patrickgohkm
2026-05-30 06:28:12,day,crypto,95,0x8470248884a4b364829963afe634075d189070c4,782.4502220000059,55973.810419,Huiben888
2026-05-30 06:28:12,day,crypto,96,0x7ec4ffce0be6d9b30bb6c962166cde129dba00ad,769.9654499999951,23499.135000000002,drowzen
2026-05-30 06:28:12,day,crypto,97,0xd0f1c48f7eb486764bd48eff644f7e66a73a6712,765.8907847799928,0.0,XRPisSH8T
2026-05-30 06:28:12,day,crypto,98,0x4d1221c98952afae2b0afa40aa72ab9e7bc1552b,760.6659469164301,0.0,onepactwopac
2026-05-30 06:28:12,day,crypto,99,0x0188b90ca756ab57f5cc63c5c97664a8369aafc3,746.733973325704,10357.005193,ZhengYing999
2026-05-30 06:28:12,day,crypto,100,0x5bc331ff6a2f3a679f0c98cca0d92cdda5c47a59,745.6703560000929,32415.543154,
2026-05-30 06:28:12,day,finance,1,0x714a685b5454ea4d52979563bbafa77b8168ab2f,4452.790077384452,31809.500657,pada
2026-05-30 06:28:12,day,finance,2,0x53c48faa2373f597b693567f79c3782c6ce7740b,2973.916968533267,186.066665,uma003
2026-05-30 06:28:12,day,finance,3,0xed107a85a4585a381e48c7f7ca4144909e7dd2e5,2896.616948443379,3504.059665,elmcap2
2026-05-30 06:28:12,day,finance,4,0xc8ab97a9089a9ff7e6ef0688e6e591a066946418,2592.984069572587,735104.514659,ArmageddonRewardsBilly
2026-05-30 06:28:12,day,finance,5,0x03805a13a0b3e058f55f6c6af95389d4f431073d,2512.0939442430154,13235.996188999998,donthackme
2026-05-30 06:28:12,day,finance,6,0x38d812aff0b79f3bf5da2a477f780bcc163eea7c,1860.9284962973907,1336.9534350000001,0x38D812aFF0B79f3bF5Da2a477F780Bcc163EeA7c-1721165130207
2026-05-30 06:28:12,day,finance,7,0x78048aa26ac1967566b8ed11910b529e5f2d7025,1709.3706117391484,138042.32,HorribleWork
2026-05-30 06:28:12,day,finance,8,0x5e84743ad0515699b7adf2588de4c3032d538e88,1507.8244101098253,5065.08,Cbb.
2026-05-30 06:28:12,day,finance,9,0xdc4f08727c65afc4731b75cf1ed265666b7b4652,1293.1260916799656,513.76,third-eye
2026-05-30 06:28:12,day,finance,10,0x844ef6cdd0a4d691b7a81429ee550f025aa64f41,1198.6979485400043,0.0,flyfat88
2026-05-30 06:28:12,day,finance,11,0x21ff16230285273f6097846437b46d35e97f5e2a,1192.5958964669908,1067.5,predictgeek
2026-05-30 06:28:12,day,finance,12,0x97cf8743ddf387db269a76941b6af1d26974c6eb,1176.1144382945004,0.0,0x97CF8743dDF387dB269A76941B6aF1d26974c6eb-1769747285159
2026-05-30 06:28:12,day,finance,13,0xb45ed7290513adbab3a15864e9e095bc6d7b605f,1140.3282681628548,797.05,ExDeus
2026-05-30 06:28:12,day,finance,14,0x00193568a35a85e5f3dd9eaa065c59a294da6629,1071.759194884,0.0,denikv
2026-05-30 06:28:12,day,finance,15,0x9ecc57fc879ba180d8376ad967fd3d3e7a5cdd93,966.0,0.0,admsk13
2026-05-30 06:28:12,day,finance,16,0x7789c218a7641a0c5b495067082b2c9ace2aa2ce,936.1396610510001,0.0,yourQuantGuy
2026-05-30 06:28:12,day,finance,17,0x1437b932047c5e4e5ebe39ec07c931156cb23553,842.1367157650002,0.0,GibaGaba
2026-05-30 06:28:12,day,finance,18,0x72a0d79b4325638bc2bcfc9a2b8a380c2d81c059,838.3151837275946,0.0,
2026-05-30 06:28:12,day,finance,19,0x6a88c5ecd262e2c42e78bad8e6db7ab3c4e4b859,825.5025340953491,153080.627915,pelik
2026-05-30 06:28:12,day,finance,20,0x2117ae94a97d69b78cbc81b6680a62deb1955c26,818.5773249999999,0.0,Zzzz87
2026-05-30 06:28:12,day,finance,21,0x0224bb9eb0a5c9fd261ac9123a72cbdd5748292a,815.1352960790209,0.0,zb8
2026-05-30 06:28:12,day,finance,22,0x6b6fb933598b17d8ba2350481f4653628a16ce60,782.0746849999921,201046.06,ArchelausButeo
2026-05-30 06:28:12,day,finance,23,0x40604cb1f958c03bea0b18aa43e4cb0d62f33ec3,774.7936230007763,168060.58607,C03B
2026-05-30 06:28:12,day,finance,24,0x657bbe664d7b565baf4a4d6aff19e4cac14e3992,724.8745578000016,0.0,doe.john
2026-05-30 06:28:12,day,finance,25,0x6f6bc4f8a73430f59213d8812173c85e75111ab6,709.0589500000003,0.0,marsresting
2026-05-30 06:28:12,day,finance,26,0x160df84695ed42f620a1b2fa4cb69a5f69986f25,700.1747081206004,1081.1200000000001,Albedo00
2026-05-30 06:28:12,day,finance,27,0xcb0ba738754dceaad7ffea0261f01bc6ff68c56a,689.5718417000007,0.0,0xcB0ba738754dCEAaD7fFea0261F01bC6FF68c56A-1773606268429
2026-05-30 06:28:12,day,finance,28,0x09c02e58f79dc2fc1e42c7c14d43e4a142326f73,664.3268384425028,0.0,klinxiowl
2026-05-30 06:28:12,day,finance,29,0x299cb40195d270438f8950902f242d796457d85e,659.59026103,0.0,polopilo
2026-05-30 06:28:12,day,finance,30,0xe53312c6c15af508e0c31e2cfadbefddd399ab29,638.0749378260061,0.0,WharfMan
2026-05-30 06:28:12,day,finance,31,0x59db0bd8c5e0b201ec10c8d7b06150d41a7ac353,620.4043451944999,2000.0,jadebasilisk
2026-05-30 06:28:12,day,finance,32,0xbf5dfa33f94e80f7649fa94a81ab8465d65c6e7d,612.7723000400013,0.0,0xBF5DFa33F94e80F7649FA94a81Ab8465d65C6e7D-1765458383511
2026-05-30 06:28:12,day,finance,33,0x5a218c7ad04135830a45c41aaed7294df7809318,566.0483991264482,7125.023778999999,balthazar
2026-05-30 06:28:12,day,finance,34,0xaee811b7c7e5d961b545ac0e3f62f5f1cb181154,557.2497997911119,607.1128659999999,1in1000
2026-05-30 06:28:12,day,finance,35,0xecb5271853d083c561792d1bc4be8a555ce672d7,551.0471620599999,0.0,pkcccc
2026-05-30 06:28:12,day,finance,36,0x8575467a6743c81ef0a8d06acc76e99b454a87fe,542.1584500082499,1607.843601,products
2026-05-30 06:28:12,day,finance,37,0x3506af17b815867f8ae0e4641f48111ed24d5f25,516.6773106726505,4559.025839,njhkhjlbjh
2026-05-30 06:28:12,day,finance,38,0xb187a6fae3d0b60108f13006359dded4d15944a9,506.206197597,0.0,Cptrade
2026-05-30 06:28:12,day,finance,39,0x74f1b8944c7b10f7239e3dda0de6b8ee42e816a8,501.8987659624963,0.0,probability
2026-05-30 06:28:12,day,finance,40,0xeae707a267b3d6a112167b5c93c3fa74e38c2800,492.44787438849926,0.0,destinyas
2026-05-30 06:28:12,day,finance,41,0x7cfe9f1948a5cb3226abe53244a22c94134a74da,478.2289083047999,9556.93262,0x7CFE9f1948A5Cb3226Abe53244a22C94134a74Da-1779889024346
2026-05-30 06:28:12,day,finance,42,0x2e346a8c56f07ce0b566042e00f220b3e2599434,462.39466773140805,59.397259,0x2E346A8C56F07ce0b566042E00f220b3E2599434-1765952748522
2026-05-30 06:28:12,day,finance,43,0x21b48e8e2daa01f531fff08b62f2b4df6cff1f06,457.43926799999986,992.75,proposal123
2026-05-30 06:28:12,day,finance,44,0x714b8a6e115fe36061a2b5922964b654b82a6c2f,456.15306592499974,0.0,benj002
2026-05-30 06:28:12,day,finance,45,0x6742ccce2e1f47f1d7ecd7e3e0f8e6b779bcb476,450.0,0.0,SZ-TIC-M2
2026-05-30 06:28:12,day,finance,46,0xa87d59e16744acfd5c4d16613d16ea34234ce4bf,428.2163595999996,0.0,ccn023390
2026-05-30 06:28:12,day,finance,47,0x3a8aa345d5db7ec5138298c8c4f4540259be7699,415.63781107300383,0.0,TheReturnOfDarthMaul
2026-05-30 06:28:12,day,finance,48,0x500ebb48315d4e0a0262c1954844e754d7b879d4,409.5297731150001,0.0,WizhardofOddz
2026-05-30 06:28:12,day,finance,49,0x6ffb4354cbe6e0f9989e3b55564ec5fb8646a834,405.8565253601528,9131.45,AgricultureSecretary
2026-05-30 06:28:12,day,finance,50,0x73e35ce0b7e36ef3ce29ebd12b30b28007383239,403.5226977300008,12456.39,ID4
2026-05-30 06:28:12,day,finance,51,0x6c12a369df064c4ed0ccc86b5e0b16d6140d748f,399.4402908825,231.6,yixiaoliaozhi
2026-05-30 06:28:12,day,finance,52,0x7f334b1b90f493088b52a7611f75864c6f23914e,384.0326810170013,0.0,pp101
2026-05-30 06:28:12,day,finance,53,0x8ebfdc251c6c378d4a3a54a8f15cebfa4b9183ce,377.1756776399975,172091.94,deina
2026-05-30 06:28:12,day,finance,54,0xbb9c165825e9f233d1f611b50b193fe94513072b,366.7292442169846,63344.143260000004,jesterthegoose
2026-05-30 06:28:12,day,finance,55,0x9ca116e08205e9e353a026d7893c0b02977513ea,357.57733454999993,0.0,TheDowIsOver50Thousand
2026-05-30 06:28:12,day,finance,56,0x82388fc29564155dceb631c1bbb4c6674321ca37,355.56443635000016,0.0,timeflybird
2026-05-30 06:28:12,day,finance,57,0x56e3d9a06d455e0eac8a60a639451ad3252281cc,345.88333199999397,0.0,bartholomew31
2026-05-30 06:28:12,day,finance,58,0x82364ac596461f338094d1072bdcc57e8007faf0,341.3761811789998,0.0,0x82364aC596461f338094d1072bdcC57E8007fAf0-1778206964585
2026-05-30 06:28:12,day,finance,59,0xac482f27ac3d1144ca4f778af405eb5cac5d2feb,340.9200000000001,0.0,CryptoFortunate
2026-05-30 06:28:12,day,finance,60,0x4f1d5ae26fc31472966e951af3183308736d8de2,339.75496331958857,9925.125900000001,e46m3
2026-05-30 06:28:12,day,finance,61,0x8df73e2962d0184ea1f71621784d46ca6b5936c4,339.4733103940017,0.0,End123
2026-05-30 06:28:12,day,finance,62,0x731a241767938bb23d1b2fac4c9cd2f3cea9033f,335.4537490599869,3690.59,CoinTrick
2026-05-30 06:28:12,day,finance,63,0xc2e98eb992cf48744c9761797497fada7b64e288,332.72013324,0.0,dreivierteljaeger
2026-05-30 06:28:12,day,finance,64,0x279c5de35108afc30b99f09e595555b428e92b82,318.0834310104601,222.21539500000003,0x279C5de35108AFC30b99f09e595555B428E92b82-1777882786715
2026-05-30 06:28:12,day,finance,65,0xcddb450993f3566e04258d0bb2277f441bc0befa,315.8574514259999,0.0,hz8
2026-05-30 06:28:12,day,finance,66,0xc97b0b2a2547bb3ed57167092ef8a6e816c347e5,314.98114107417314,636.7826650000001,0xC97b0b2A2547bB3eD57167092EF8a6e816C347E5-1770003388001
2026-05-30 06:28:12,day,finance,67,0xe617861a96631d7cefdb1ad43e95c33b5946f251,314.68185462107067,8170.689977999999,
2026-05-30 06:28:12,day,finance,68,0x951e04e7e699882031e224763b558f7e26d4cd9c,314.5564400000003,0.0,helloiamworld
2026-05-30 06:28:12,day,finance,69,0xd4cb5f968ba7345ca6033c80e1ffea598f3eecb7,314.3271784859935,0.0,HEBI55
2026-05-30 06:28:12,day,finance,70,0xd48a81db62f742c4e42d86dfc23a7ee345366e90,312.390918652497,0.0,NiFengFanPan
2026-05-30 06:28:12,day,finance,71,0xf0d5eb1cbe7350f1f896ade6c172e6700414c665,309.07671020000055,5349.5599999999995,yen4u
2026-05-30 06:28:12,day,finance,72,0x95074f700f93bdf6e62fc965e0832064c0877b04,308.8086949623066,38262.576591,LuckyPierrot
2026-05-30 06:28:12,day,finance,73,0xf3443d0cbed767929f0de8660a0ee232b4e79a04,299.9968549449988,88887.98547400002,HMSMAD123
2026-05-30 06:28:12,day,finance,74,0x0670fee985af6e0b8e378cf6855fa2b8688c29bf,293.8252620940002,0.0,CryptoLBL
2026-05-30 06:28:12,day,finance,75,0x1d5f88f1b97317cccad804374e5bd847512e634d,293.8090845765005,0.0,firegold
2026-05-30 06:28:12,day,finance,76,0xe2b44168f9c361a06a64ed3fe0e858634e883c5a,293.285972349002,140.04000000000002,0xE2B44168f9C361a06a64ED3Fe0E858634E883c5A-1764710056110
2026-05-30 06:28:12,day,finance,77,0x45e1535c178dcafb136aec8b7058f2129b695934,292.49594897204133,423.27,dex53
2026-05-30 06:28:12,day,finance,78,0x58c028e7c41ba7ef2bde2142cd371cf491661c8e,282.376626665,2249.993852,residual
2026-05-30 06:28:12,day,finance,79,0x8db4f2bcb37078763c70dac5d99c285995479c07,280.3504969058904,282.639369,cwc909
2026-05-30 06:28:12,day,finance,80,0xe9a9db58b0e94eeb2ba0c802a9619edde0ac0c18,266.7988654695,0.0,DrakeBetter
2026-05-30 06:28:12,day,finance,81,0xb642f61b75443214ccceb79352ea7b16890695e3,265.3032611039997,0.0,spotifybest
2026-05-30 06:28:12,day,finance,82,0x9bd504ff74c36ecdcd0ef4567bf5184aad734e57,262.55656063750007,0.0,aleksanderysick
2026-05-30 06:28:12,day,finance,83,0x4bbe10ba5b7f6df147c0dae17b46c44a6e562cf3,261.8966266635107,0.0,How.Dare.You
2026-05-30 06:28:12,day,finance,84,0x5789132677a2ab9103edcea5500ef339258d4483,253.2143770800003,0.0,Lafrenze
2026-05-30 06:28:12,day,finance,85,0xe1b361d6a6f237b9ed7534d19b232df8369e1426,251.11455014229432,363.01650800000004,tja
2026-05-30 06:28:12,day,finance,86,0xdacf9f8d0341fa3770fae5c7ccd9dcfed23e3c74,250.8494283075006,1164.14,CosmicCedar
2026-05-30 06:28:12,day,finance,87,0x96f91943667762bbce634653e01e1a4745611d08,242.37926946700077,0.0,PoppingChairman
2026-05-30 06:28:12,day,finance,88,0x7e30c3a56d89edac738d788dd218a9e64fb91e50,238.6397953318833,124072.031505,Debosnys
2026-05-30 06:28:12,day,finance,89,0xa61ef8773ec2e821962306ca87d4b57e39ff0abd,236.47688971650769,804.378927,risk-manager
2026-05-30 06:28:12,day,finance,90,0x752d8af146aaad7f572215c2195263c80077d335,233.3481336599998,0.0,SmilingFriends
2026-05-30 06:28:12,day,finance,91,0x8a070f0b159fe4eeccf9a5dc18c1805578a31d4d,222.92754295999987,17.939999999999998,pravoye-yaitso
2026-05-30 06:28:12,day,finance,92,0x39a81adb16cc8d7da96349a63ca33da4ff9b7d57,222.26197849799973,0.0,massappealyo
2026-05-30 06:28:12,day,finance,93,0x568251a921b5f76d17991310425e66dd450597af,217.4982149999987,0.0,lontou
2026-05-30 06:28:12,day,finance,94,0x6ac0caf622798132614a5972f81d86ff23fc55f3,210.87206251899806,0.0,LeRoiSoleil
2026-05-30 06:28:12,day,finance,95,0x0826042fb1f3f5ff4325ed7237ebc87468070b32,208.8754599999993,0.0,deltasniper
2026-05-30 06:28:12,day,finance,96,0x0be4cefff0e2ca7ce78efd31dcac14b4296314f6,208.6296000000002,0.0,lungmatcrypto
2026-05-30 06:28:12,day,finance,97,0xd8d5289c35124b5353f5a10a28b8cc29aec38935,206.25893658356392,0.0,D8D5289c35124b5353f5A10A28B8cC29aEC38935
2026-05-30 06:28:12,day,finance,98,0x613637a4dc48fe4ac1618e2bd19458f2332f5dcd,201.59335742400015,0.0,Justin007
2026-05-30 06:28:12,day,finance,99,0x364d9754b1c9b754471785546ed715ede39f9f8f,200.00441095999963,0.0,Hormuzisnotstr8
2026-05-30 06:28:12,day,finance,100,0x1f85e6e3e41e5f1fe03f6cf22a52ae4e352ea51b,199.45026674499968,0.0,VibeyQuant
2026-05-30 06:28:12,day,culture,1,0x75d4c19708ad084c1cf6a10cfdf528c76fd94027,3136.4753742482717,4723.968959,whodet
2026-05-30 06:28:12,day,culture,2,0xb94c970ff6d7541773b6a1ec4181579f1c1cb5b5,2107.7752178000082,9499.279999999999,T.hanks
2026-05-30 06:28:12,day,culture,3,0xbbc840487fcafa8c1cc3fd95db20f272a7627927,1271.0656526490002,0.0,abcdef12344
2026-05-30 06:28:12,day,culture,4,0xf54f8f4c925a8b8b445a4a6ec93012c6fb4e3374,1114.972134051002,0.0,edcrfvtgbujmik
2026-05-30 06:28:12,day,culture,5,0x44c1dfe43260c94ed4f1d00de2e1f80fb113ebc1,726.6931642611744,5396.53,aenews2
2026-05-30 06:28:12,day,culture,6,0x5a218c7ad04135830a45c41aaed7294df7809318,609.1329732124432,5078.791986,balthazar
2026-05-30 06:28:12,day,culture,7,0x9199ba070c49a78d7b1eb029b5c03d0b2972dd2d,563.0360500000024,0.0,0x9199Ba070C49A78d7b1EB029B5c03
2026-05-30 06:28:12,day,culture,8,0x913f5f691ce0a947cf60cd573cbdc7c66d8ec676,544.0406143279906,14288.881730999998,0x913f5F691Ce0a947CF60cD573CBdC7C66d8eC676-1774844074915
2026-05-30 06:28:12,day,culture,9,0xa49b6ea0a604c581f2a9569db42c192b1c487054,529.4266163679131,3678.174508,387411007415611814092217897387
2026-05-30 06:28:12,day,culture,10,0x03805a13a0b3e058f55f6c6af95389d4f431073d,527.4313506142031,10041.369587,donthackme
2026-05-30 06:28:12,day,culture,11,0xa7ce6905990451685b70082424ac9129418d6398,475.0165388860041,0.0,someone2026
2026-05-30 06:28:12,day,culture,12,0xb19a7dc9f616c4270d5170a59a36d30de3ae3808,451.932442135301,497.56010000000003,CHANCEHAT23
2026-05-30 06:28:12,day,culture,13,0x37d9cc6367d8606b1971eae39356767da0690656,411.99587039113953,2003.6737839999998,1123581321345589
2026-05-30 06:28:12,day,culture,14,0xa2d71813dc3857e582130015bd60e5edb61ee3b7,383.34908423170054,3735.404742,exponentially
2026-05-30 06:28:12,day,culture,15,0xac26f794b6b7baa2823db9e68caedfef5a5406ff,373.79999999999995,0.0,WR100
2026-05-30 06:28:12,day,culture,16,0x83e786f1a3064af8900856c28ff7a6fc6b38f9fd,322.1746109850001,0.0,0x83E786f1a3064aF8900856c28Ff7A6Fc6B38f9fd-1779291172297
2026-05-30 06:28:12,day,culture,17,0x7f42267ac46ce8c160830b3052d93bba2cf236ff,293.5796899999841,0.0,waterwaterwater
2026-05-30 06:28:12,day,culture,18,0x33f832b83b52aa61967fb8ecb2e753734767c5e4,287.32816979999916,10246.8,fanat12
2026-05-30 06:28:12,day,culture,19,0xb38d6e52f2c77232e086c58e730d10d8b98383d6,271.4999999999998,4200.0,xiao2222
2026-05-30 06:28:12,day,culture,20,0x9aeb534c42b58b21673d5e03e9da14fbd15b2729,267.11014085997886,15707.130000000001,The-Joker
2026-05-30 06:28:12,day,culture,21,0xdf0a655b1f2961505df136ed25379a1d1daf08e8,258.46277495789036,0.0,yolol
2026-05-30 06:28:12,day,culture,22,0xc4d5a24a240ec9f52669e3251e0473fd0c5687cf,253.77110476281086,20098.103597999998,bipbipbop
2026-05-30 06:28:12,day,culture,23,0x63eaf14428a0530f597653283e31447defee2072,234.26180492399982,1899.95,Liveisdo
2026-05-30 06:28:12,day,culture,24,0xed35426be2a88e8d75a31aa4cfbf30ead42f7937,231.21473685000115,107.74,
2026-05-30 06:28:12,day,culture,25,0x9574537d031ac68f2fefd4780e930d448a860089,207.82739999998012,0.0,0x9574537D031aC68F2FeFd4780e930d448a860089-1776565971121
2026-05-30 06:28:12,day,culture,26,0xf7bbfd4588f578697c0051e855d5d1a8838ba9f7,192.23738260050095,1200.0,PiMaak
2026-05-30 06:28:12,day,culture,27,0x3f3bfc6d754e416699793901ffb12ddeee9f1d77,190.8356399999975,0.0,eNakeVets
2026-05-30 06:28:12,day,culture,28,0x9f208e85f326f865077fffa68b32d8b0e2bc12c3,176.20513381404908,475.59457699999996,mildwindow27
2026-05-30 06:28:12,day,culture,29,0x70a795a52d0d6c5d6b5b670a9eca300c66d1b884,174.81228345,0.0,troxa
2026-05-30 06:28:12,day,culture,30,0xb028b82a80c2d1e855ab4f3cd3a18ecf76838686,158.41299330829497,4241.771542,Splatlouder
2026-05-30 06:28:12,day,culture,31,0x0a6d26d31b28fd5a84c301f8b27296612f3b1d0a,158.2272597793708,258.0,Bikesarethebest
2026-05-30 06:28:12,day,culture,32,0x765fa4c18dd7c3607cdcee7a87681747c2d51508,155.34243780100041,872.91,
2026-05-30 06:28:12,day,culture,33,0xae8e51fe57d693ef2140b3cf64029526bf13afc1,154.44825003300002,1199.371111,0xae8e51fE57d693Ef2140b3cf64029526bf13AFC1-1775611606863
2026-05-30 06:28:12,day,culture,34,0x17b02d8e21426bae381b8941b96386f133504041,154.05628215999968,0.0,BrainrotStonks
2026-05-30 06:28:12,day,culture,35,0xbe44a2a22bb26dc1c9693b96d0800e1dcc31e906,145.0362424099999,0.0,csgogogg
2026-05-30 06:28:12,day,culture,36,0x2ef2887692386bebad6ef3df9fd3d0e223047f72,143.25228172000152,2435.06,T11Faker
2026-05-30 06:28:12,day,culture,37,0xd8d5289c35124b5353f5a10a28b8cc29aec38935,143.11311274250022,191.5,D8D5289c35124b5353f5A10A28B8cC29aEC38935
2026-05-30 06:28:12,day,culture,38,0x4f1d5ae26fc31472966e951af3183308736d8de2,140.29300095208328,2486.4860000000003,e46m3
2026-05-30 06:28:12,day,culture,39,0x74957ea27ac4fbdee46d861fdae357859ff67fcf,136.4633249600097,3296.27985,ultralisk
2026-05-30 06:28:12,day,culture,40,0x9f66aa958734d9d5af35f5f19a276d23e84f3a50,131.77710791275786,56.64733,MrMelonHead
2026-05-30 06:28:12,day,culture,41,0x5095e97281f28d4d8549fd3834802c24cbb793ee,130.25213051473838,40059.1966,0x5095e97281f28d4d8549fd3834802c24cbb793e
2026-05-30 06:28:12,day,culture,42,0x70d94a4ff67ed919a8480885cf0808afefe7a684,128.64498872631884,11871.644925,naiiiiii
2026-05-30 06:28:12,day,culture,43,0x28bf066c6cb952da62d6d182c16ad173ada64a4e,127.49269848921313,2976.3999999999996,plainfolder
2026-05-30 06:28:12,day,culture,44,0x8de5e02553b6afba268e0ccf91f50d881d1f2b04,126.21813655849837,0.0,mistreciberatit
2026-05-30 06:28:12,day,culture,45,0xb1fea225cd6d19c4df7b9126855d0992dd552b70,124.78079000000434,0.0,zubizubizu
2026-05-30 06:28:12,day,culture,46,0x37f8b617d9c575d2af96f095153aa7bb99922fa8,124.16833460999987,0.0,UkraineFisrt
2026-05-30 06:28:12,day,culture,47,0xb6565508fa9c6b5355b26b820190b3da9e2042e6,120.93329018042999,642.73789,TesserAI
2026-05-30 06:28:12,day,culture,48,0xba819b1e5620ea68ad99864720aa084440727ffe,120.34834493999995,525.1800000000001,addi444
2026-05-30 06:28:12,day,culture,49,0xa0c0b2127f46690233ba625cda17a4bbe2b9c4c9,115.11500000000001,0.0,27781
2026-05-30 06:28:12,day,culture,50,0x35f3f632e298b77df6acd316687169d15be3cfd0,112.3023750000657,3761.83,RickRockRick
2026-05-30 06:28:12,day,culture,51,0x35377795d164116750f1f0175c013f82cc3d56ea,110.9996640585,0.0,javarisjavarjavarisonlamar
2026-05-30 06:28:12,day,culture,52,0x77c812f7735ad07e3ce58fd466a0e1b4346bbc8c,109.44592026948521,0.0,dudukos
2026-05-30 06:28:12,day,culture,53,0x0619dafd91786867631d0546917aa35c244ed801,107.74082488000113,400.22,Kinganibus
2026-05-30 06:28:12,day,culture,54,0x392b5abcb6514e56f04d166b9cb535082ba9352a,103.5173441465148,35.77,0x392b5AbCb6514E56F04d166b9Cb535082BA9352a-1778103841807
2026-05-30 06:28:12,day,culture,55,0x91cf273d3c4c23852e2c8c728fed98ae82df30d5,103.13077788999976,0.0,OxDerv
2026-05-30 06:28:12,day,culture,56,0x4ad32cb691f7495207978cfefb74850af5206634,102.7929694924999,37.997141,
2026-05-30 06:28:12,day,culture,57,0x9fd4ca44be6bf74afc5987aa5b4305f5f748325c,101.60175635300038,0.0,lowlowlowto
2026-05-30 06:28:12,day,culture,58,0xa04f6848a20b7a2ac58a5065ae90a600e9b6eeab,98.71611425000015,0.0,
2026-05-30 06:28:12,day,culture,59,0x40416ec8233566b9e25cca160bba214b1cab6f52,98.12489547894825,1307.54,Terry241129
2026-05-30 06:28:12,day,culture,60,0x44b0a564260008b65a111286e45079f2cf360822,97.86138466000006,737.23,0x44b0A564260008b65A111286e45079F2CF360822-1779794130690
2026-05-30 06:28:12,day,culture,61,0xa37a2bd25e985179d20b2e5add2a9ada5edca9e7,97.47118648500032,0.0,
2026-05-30 06:28:12,day,culture,62,0x04bf21c2527ae8d54a2f713a6420c608366c7caf,97.04571764950015,0.0,Red781RuM
2026-05-30 06:28:12,day,culture,63,0xbeab44690e9a69da0c35f56f417f163b8657d961,95.27647567400004,300.0,grt5yre5yrty
2026-05-30 06:28:12,day,culture,64,0x944e0472b99926f4f712fc97dc0a846a8c5d8c94,94.99936496500004,0.0,mountaindewd
2026-05-30 06:28:12,day,culture,65,0x8365a0c9908dca494abaf0b90584162b474ce9a6,94.7078049999991,0.0,Retired-Davis
2026-05-30 06:28:12,day,culture,66,0x55ab6191d1d3609f6ffb12f17d56fe9453da4f88,92.20750502520025,457.5,pengu-n
2026-05-30 06:28:12,day,culture,67,0x12ed45d2b45259d27a7fb593e564cd269c4fc9b4,89.38940400482988,753.1506489999999,sazzaa
2026-05-30 06:28:12,day,culture,68,0x07cf80fbecbb58e23d5ed977af7be3c09e7aa9fa,88.51083224847844,381.81078,Panopticon007
2026-05-30 06:28:12,day,culture,69,0x038bca073c9aebb694028d70eec94116ed4bafc4,87.99148543303727,940.581426,triple-purple
2026-05-30 06:28:12,day,culture,70,0xdd1f6d56df74dc027a0577cd10cf95ebc06acc26,86.86654051132791,1316.986664,Jasonshuaixl
2026-05-30 06:28:12,day,culture,71,0xddd85ddfa58784925990c16c9858ccd62e4ee6f7,86.60973780010318,6121.4,Sreisz
2026-05-30 06:28:12,day,culture,72,0x24fbc286881b0c0e76bc7558c47c3fa5f71d973e,83.74253462500064,0.0,wqujvj
2026-05-30 06:28:12,day,culture,73,0x92916702d75bd170772befa971894ce593560f2d,83.38771077000001,0.0,payul25
2026-05-30 06:28:12,day,culture,74,0x397f327bfa0b0e9d99999f8287e9e7402017c0ed,83.16373723799961,0.0,SA88
2026-05-30 06:28:12,day,culture,75,0x2b5920274740ca61745eeb077587bf5bb4ff9db6,82.55057676411184,557.65,aHjCz
2026-05-30 06:28:12,day,culture,76,0x04a2a7075963c86990e246e73e50f8023b79e16c,82.3759213255853,2618.20755,gordontradedc
2026-05-30 06:28:12,day,culture,77,0x18a0e748f547787c49b36345132971a89e21dea8,82.21472182003254,1737.310525,oxhrvnqpslitnzajurflmxkduvbnweu
2026-05-30 06:28:12,day,culture,78,0x82882d761b0d7f18b2cc286117d10cd8a15a5519,82.20969579549092,3425.25,Sugarina
2026-05-30 06:28:12,day,culture,79,0x9696400353b2f0b6becf4fbfdde86ffd680f0861,81.18380605648872,1655.24,ent1337
2026-05-30 06:28:12,day,culture,80,0x2ca9149f3b481a56d128c002b1c06591e8e8b942,80.63845464949918,0.0,stormshadow
2026-05-30 06:28:12,day,culture,81,0xe35dfe51d8288ea409ea18a139f188a83b33f5d5,79.77542905099835,272.875,chocolate123
2026-05-30 06:28:12,day,culture,82,0xd4bb827c0227774bcde1bd881b36c7d93854a993,78.70408455000143,240.26,0xD4bb827c0227774BCDe1BD881b36C7d93854A993-1768600189069
2026-05-30 06:28:12,day,culture,83,0x69645cea639e7a19cbde6c126a197bc1abafef53,77.02453921921551,4424.121987,PredictionYogi
2026-05-30 06:28:12,day,culture,84,0x6864204009ba1e137989983eafee8644cb3f294b,76.54407394043665,5435.0,hetacz
2026-05-30 06:28:12,day,culture,85,0xe7c035ee5136d6c213160a6f760392e2eb1ed656,75.98280153741416,1789.536665,0xe7C035eE5136D6c213160a6F760392e2Eb1eD656-1767789082519
2026-05-30 06:28:12,day,culture,86,0x13414a77a4be48988851c73dfd824d0168e70853,75.93743575300277,0.0,TrevorPlovdivBulgariaForHisBirthday
2026-05-30 06:28:12,day,culture,87,0x6b3a549080f043f5ac2433a30e5ce154c7782841,74.5351299999997,0.0,PhilHawesLover
2026-05-30 06:28:12,day,culture,88,0xc684828f6b03487759ced2ebdd975f91f3532228,72.41315198951906,0.0,oliman2
2026-05-30 06:28:12,day,culture,89,0xbba4f4d3984e4a24052c3fc798a965103514f8c6,69.99931208999976,0.0,Quantentunnel
2026-05-30 06:28:12,day,culture,90,0xb70b528896f646ee5696ec5f14fd5e5d735c6087,68.97906021162453,984.71,rubik1505
2026-05-30 06:28:12,day,culture,91,0x7c2c96af5bdadc1818360ac33ba77718c5a3407e,68.75532633600596,0.0,0xMitsuki
2026-05-30 06:28:12,day,culture,92,0xcb14f61711d913773f4b982af340fa7eae175358,68.4097256509267,64.139996,ooops
2026-05-30 06:28:12,day,culture,93,0x75d1b199a96801338e67a6efaa35c0028ea87a5f,66.87493729500966,0.0,0x75d1B199a96801338e67a6eFAa35C0028eA87A5F-1770658242710
2026-05-30 06:28:12,day,culture,94,0x4f6180c59217fb7f2395fde27c57b57d6be02680,66.63664885350005,0.0,AranegaJA
2026-05-30 06:28:12,day,culture,95,0x0130afd6f3efddf1c3e16e01217b172dd9befb49,65.62307430050669,322.446922,123987456
2026-05-30 06:28:12,day,culture,96,0x9ee0bfa1ea6e81beaf301ff9c5fb0fe76c291006,63.86565259399981,0.0,predictionponyft
2026-05-30 06:28:12,day,culture,97,0xa5333b65acb8115d2b8797257503479bb88f2758,63.617581548000146,0.0,tonightwefeast
2026-05-30 06:28:12,day,culture,98,0x6a9743e7872cb5e321ca2eb97edc907bc6c14800,63.0773044855232,3528.32,ComebackLoading
2026-05-30 06:28:12,day,culture,99,0xf9939a1e54baa08e4f4d8549f1050f1ee7f6cd9d,62.4549202500007,2200.0,Degenerate-Dude
2026-05-30 06:28:12,day,culture,100,0xc5e5de237ab8601256e8d4d83e4cc538758bed1c,62.328673409999965,0.0,vladbotnaru
2026-05-30 06:28:12,day,mentions,1,0xf1f9a438f2697381b4ac8eb283d6f4dd772d1245,476.1742949999898,0.0,tunatyler
2026-05-30 06:28:12,day,mentions,2,0xc33d6aa3eb972639f31e46a6a02201cece380d40,369.78263492632203,1206.835863,penguinec
2026-05-30 06:28:12,day,mentions,3,0x9e8ecc4cb3c4e48f544cba2fbbb252a6a65e8db8,99.32242059782584,8.498588,DREAMBIG.
2026-05-30 06:28:12,day,mentions,4,0x50396e4d9d11d38b0dcfd75280101a315f50946d,86.7740849999991,0.0,Barboncino
2026-05-30 06:28:12,day,mentions,5,0x0cb10c40b0776e9ee8cef970af85724654dda76c,66.10610111898859,0.0,ninjaslashed
2026-05-30 06:28:12,day,mentions,6,0x727e819c79ac4eb555518cccdfd424d2d4cf8b9d,56.30547672839748,30.53,solder
2026-05-30 06:28:12,day,mentions,7,0x726c6e3d5cdb1a8a97b38c0e2d88448b19d66bfd,49.42545755000003,50.8,di4
2026-05-30 06:28:12,day,mentions,8,0xe0dcc05376176f9f9e5160b9aae6f51e2ca93944,47.69667832109974,10.3263,Dr.mett
2026-05-30 06:28:12,day,mentions,9,0x94bbb8f7632d11dead6b8970646ad5655a5fc320,40.7486300000005,0.0,Praescientia
2026-05-30 06:28:12,day,mentions,10,0xf16dd3586eb9ca2b002a0498548b15439991b7f9,38.06675240550021,39.28,rocky42017
2026-05-30 06:28:12,day,mentions,11,0x3314241c37a296e9aece7e7dfb5898652b4aa8c7,33.91430830449917,214.97,0x3314241c37A296e9AeCe7E7DFB5898652b4aa8c7-1767968276778
2026-05-30 06:28:12,day,mentions,12,0x8a4ec9c5684b23599bb1dd827b8a5673c2fab38c,30.353411799999776,0.0,Jamieeee
2026-05-30 06:28:12,day,mentions,13,0x196496d512ecb6b192a61aad1a115068fe8b5e04,29.559230959031026,28.985502,Mrpike
2026-05-30 06:28:12,day,mentions,14,0x91a88c9d4009b299930115eb0136be2c5ef12db7,29.308673640000023,52.1,lastwing
2026-05-30 06:28:12,day,mentions,15,0x927ffeba73eb63ffb7e576aca7d32f78e54be7e7,27.99979979999989,0.0,ClydeCash
2026-05-30 06:28:12,day,mentions,16,0x74957ea27ac4fbdee46d861fdae357859ff67fcf,26.245381641999757,77.460491,ultralisk
2026-05-30 06:28:12,day,mentions,17,0xad5353afe30c2da57709e2704ef3ccdcf67eef24,26.168239504841495,428.771305,AJSV
2026-05-30 06:28:12,day,mentions,18,0x0dedae6a02ea2ff8018ba5f277632919ed1c9025,24.03302507999979,0.0,jcharger
2026-05-30 06:28:12,day,mentions,19,0x04f6dab1a3d35fc9ad828536cd0f493013fd311a,20.226590939000005,0.0,LineEditor
2026-05-30 06:28:12,day,mentions,20,0xa400008ab672cc8a19928aa0a49852f80d1c14bb,18.353221810000004,0.0,0xA400008Ab672cC8A19928aa0a49852f80D1c14bb-1779714772177
2026-05-30 06:28:12,day,mentions,21,0x100433732983db00fab5191866e5d1a64832fe20,18.26845102500002,0.0,0x100433732983Db00fAB5191866E5D1a64832fE20-1767835906221
2026-05-30 06:28:12,day,mentions,22,0xcaf59289145789242a4af6b975997344229841ab,17.95041000000009,0.0,0xcAF59289145789242A4Af6b975997344229841ab-1772187322857
2026-05-30 06:28:12,day,mentions,23,0x4760d3da2c83feb60bade139712bfe3fe59b9899,17.04761849999999,0.0,j0nzz
2026-05-30 06:28:12,day,mentions,24,0x66c1a6fe836ff555ca32848646acedbbe93bfa3f,15.252972899994347,32.3,Y0MAMA
2026-05-30 06:28:12,day,mentions,25,0x299cb40195d270438f8950902f242d796457d85e,11.845970000003035,0.0,polopilo
2026-05-30 06:28:12,day,mentions,26,0x5968454ab9fa39745d5d4adf78f23b80ebe53fc4,10.854973046999987,0.0,UranusProbe
2026-05-30 06:28:12,day,mentions,27,0xdd535c04e3ac7c725bd99bd0269d9af10775e71e,10.475825407999992,0.0,mrsorry
2026-05-30 06:28:12,day,mentions,28,0x998b3ad9fc8219f4a9ef374196ffbb690832db96,10.324287424999994,0.0,0x998B3AD9Fc8219F4A9EF374196fFbb690832Db96-1776201383464
2026-05-30 06:28:12,day,mentions,29,0xa76b7dc2d87b3b029ee67305c538547489198a50,10.32411477499977,0.0,qcp14
2026-05-30 06:28:12,day,mentions,30,0xbb9f224569285cb57f433bbe2e71f9b8a11b557b,10.036917075325618,1099.001103,rocky42014
2026-05-30 06:28:12,day,mentions,31,0x1e9851cf9c439811937fc19c0a144c8a9fd06345,9.88679010000007,0.0,BSS37
2026-05-30 06:28:12,day,mentions,32,0x1e8efeed2bbfe3c93643b0d960f8a5466f410cc4,9.784999999999854,0.0,bodoh
2026-05-30 06:28:12,day,mentions,33,0xa5cdde81119513f0d2c28cf846095a9a49d94288,9.464210302500002,0.0,
2026-05-30 06:28:12,day,mentions,34,0xdec2a6879cf654e6bc2c0e125f65b2fa3e27b015,9.0,0.0,wisechinaman
2026-05-30 06:28:12,day,mentions,35,0x4c2a07d0b2f77d7b2cc30d9c7379fbf80ed265dc,8.641265000000203,0.0,cyfrav
2026-05-30 06:28:12,day,mentions,36,0x04f5bc449c432a1a3f7e968234173d42f19871e9,8.486775000000002,0.0,0x04f5bC449C432a1a3F7e968234173d42f19871E9-1768226209087
2026-05-30 06:28:12,day,mentions,37,0x4afdc0568e0dceecaebc1968eb38387781b412ff,8.329949819999968,0.0,
2026-05-30 06:28:12,day,mentions,38,0x5b6331e7ff0831a3fe2ed12004747db1a9c911a4,8.186000050000075,0.0,neutralwave23
2026-05-30 06:28:12,day,mentions,39,0x1232e5b39f0fe5ace85c1ab9d84aaf1a22776158,7.961126343499984,37.1,UncleFill
2026-05-30 06:28:12,day,mentions,40,0x8781519a8c1228472b5b116161e80fef7866fdca,7.425735249999995,0.0,Rasaqforeal
2026-05-30 06:28:12,day,mentions,41,0xd7b8aea1cbd4ebc569deaa8fca5238ee81249ea2,7.330622777499968,0.0,
2026-05-30 06:28:12,day,mentions,42,0x30f67d821c57a54e25e5e521dbd3b5b18309004f,7.224813224999252,0.0,shiifoo
2026-05-30 06:28:12,day,mentions,43,0x143732d8a06bd1596c694f7873cd493be80aacfe,7.1498974899999155,0.0,frozenriver
2026-05-30 06:28:12,day,mentions,44,0x8bb05212607f45175e1166bb9f73ee5b6308c328,7.053075000000035,0.0,Al3xxx
2026-05-30 06:28:12,day,mentions,45,0x1cb63fd92efcaaf359ffdf301c40674b2ed793f6,7.011625960000174,0.0,mrhack2026
2026-05-30 06:28:12,day,mentions,46,0x9baebe30d1cefe0ac5be4be85189c9fa33e95d34,7.0,0.0,tinman2
2026-05-30 06:28:12,day,mentions,47,0x2f0c7c1a19b0e6f50a379c191b61af9c9dfcf746,6.821402699999999,0.0,RealBlockHomie
2026-05-30 06:28:12,day,mentions,48,0x9b2fcb79bdb8a6a6174da327e9335f7889c6d8f8,6.524216296000304,20.0,SloppyDonny
2026-05-30 06:28:12,day,mentions,49,0xc624cccd414dc90ea329f06cf535fafa40d2ee24,6.462902519999943,0.0,Bperil
2026-05-30 06:28:12,day,mentions,50,0x9e455413b57a792dfd92032f9a7a9fb282803662,6.270211359999848,0.0,Frieren68
2026-05-30 06:28:12,day,mentions,51,0xc329f2d3e2a5f907ca8bb3dde7d003d39f0ae038,6.179581925000001,0.0,Skfikfhui
2026-05-30 06:28:12,day,mentions,52,0xeface9902242b0399856f981600b907dcc9bc9a1,5.889999999983047,0.0,macrosteaks
2026-05-30 06:28:12,day,mentions,53,0x476eeb1d21778eeaf11d54b0ef755b3a6197c744,5.859735499999994,0.0,MarciusMeh
2026-05-30 06:28:12,day,mentions,54,0xb37f3f453a78aebc6f39bf577f2d53708dadfdcf,5.526283351999837,0.0,Wwx
2026-05-30 06:28:12,day,mentions,55,0xa5628103149d04c2bebb3fd5fd575359b5a96581,5.2075891914999985,0.0,0xA5628103149D04C2beBb3Fd5Fd575359b5a96581-1778797195065
2026-05-30 06:28:12,day,mentions,56,0x48de64f9b224609361539d2cc86d30f0d0190c51,5.201896264999959,89.59,Pratikcrazy81
2026-05-30 06:28:12,day,mentions,57,0x1fcc97d92bccec98ab57be7f286c94425d77701b,5.194878083516926,9.28,.heart
2026-05-30 06:28:12,day,mentions,58,0x1e1d8abc80da6932af585d517fc10445c6ee1c4b,5.053404190000002,0.0,0x1e1D8AbC80DA6932aF585d517FC10445c6Ee1c4b-1767891120281
2026-05-30 06:28:12,day,mentions,59,0x1a94ff77cdc335af43ca58939cc851a6ae6b78b6,4.984114999999974,0.0,Terfa
2026-05-30 06:28:12,day,mentions,60,0xc7d02944a76b9f83b199e9090ecc92c82d241f8a,4.870669716421162,175.991421,0xc7D02944A76B9F83B199e9090ECC92C82d241F8a-1776944395495
2026-05-30 06:28:12,day,mentions,61,0x1cdd071bb612de6d66d0c882b676c663697de595,4.863276449998466,0.0,Lavincey
2026-05-30 06:28:12,day,mentions,62,0x79cc177b1f24a76fc620fbc4396bb07e9d614d02,4.637254249999977,0.0,stra-h11
2026-05-30 06:28:12,day,mentions,63,0xc11744be0d69ca2281e5249816cd414f8418d5cc,4.550585509999998,0.0,
2026-05-30 06:28:12,day,mentions,64,0xae31c5daff96da901abfbebcff6fd81c0c367fa1,4.499999999999986,0.0,EUfirst
2026-05-30 06:28:12,day,mentions,65,0x84c386331355f47057afca0c06c7211f4dbe35d4,4.462499999999999,0.0,Brokemaker
2026-05-30 06:28:12,day,mentions,66,0xeced899e5da49dd21b4f0d22823cf2c39496c598,4.400000000000005,0.0,Invictus07
2026-05-30 06:28:12,day,mentions,67,0xf571d53f888d98525021c14da4044da6e349d2dc,4.047491592,0.0,qcp10
2026-05-30 06:28:12,day,mentions,68,0x038103b5bf2301c2bf6f9c569d2c3514553ba37e,3.9361597800000006,0.0,daniel2522
2026-05-30 06:28:12,day,mentions,69,0x86dd5200572b3eae548d8fd9e807b78468d41af2,3.631517545087995,41.615713,0x86Dd5200572b3EAe548d8fd9E807b78468D41Af2-1768052013112
2026-05-30 06:28:12,day,mentions,70,0x52e4fc8417876a28e54b2dbc593046e68f7d7d32,3.336520290000067,0.0,EASY-W
2026-05-30 06:28:12,day,mentions,71,0x3574aa67e0027d389f4d12d5324c568cbd130f66,3.3064555999999357,0.0,0x3574...D130F6
2026-05-30 06:28:12,day,mentions,72,0x3c760e45728e0cb4b68c52980a070314b95fd4ee,3.1499999999998636,0.0,Michael5289
2026-05-30 06:28:12,day,mentions,73,0xef62d90f5f13885f38a8aa5e5feabf38c05c6ff9,3.1494027499999984,0.0,0xeF62D90F5f13885F38A8Aa5E5FEABF38c05C6FF9-1779830941310
2026-05-30 06:28:12,day,mentions,74,0x8d0c3509c152e1b4abfa470b0868ec3cce26e1ce,3.0921868625,0.0,romanew-7-spread05
2026-05-30 06:28:12,day,mentions,75,0xc9751b5f25e1ecd88ec4630d19422b58d0562c68,3.0898000000001957,0.0,NeoSay10
2026-05-30 06:28:12,day,mentions,76,0x9ebc8209443d72db51bf5c41671a2f4ce7510e1b,2.9125283805000013,0.0,0xb07C4c0034Fc05b396BC490D5Ee5FdbAd8bE5bAf-1768656867657
2026-05-30 06:28:12,day,mentions,77,0x724520ac6ab02cfa66010ef1e44b50b40232099d,2.8418909050000423,0.0,0x724520Ac6AB02Cfa66010EF1e44b50B40232099d-1779094991006
2026-05-30 06:28:12,day,mentions,78,0xdacf9f8d0341fa3770fae5c7ccd9dcfed23e3c74,2.749950000003082,0.0,CosmicCedar
2026-05-30 06:28:12,day,mentions,79,0x743d681bb4bba8743cdfc21aa5100fc79c69f77e,2.447999999999979,0.0,Suirenzirou
2026-05-30 06:28:12,day,mentions,80,0xc8e3b71b2d059cd1a54b1631d302980a41766fb0,2.3210000000000264,0.0,tywed
2026-05-30 06:28:12,day,mentions,81,0x72a22d4d155079da8f50c89d4c6c03b6428e7b65,2.25,0.0,meowtai
2026-05-30 06:28:12,day,mentions,82,0xc6777f27f1829916c5fabdd97662c79d6d77677a,2.151610000000062,0.0,trader-c6777f27
2026-05-30 06:28:12,day,mentions,83,0x1ee9a5fc09665909c0cce297c581703bfbb9197f,2.043610050001462,0.0,vinii
2026-05-30 06:28:12,day,mentions,84,0xad5a38a6549b4b1e35b8c4cfef1b5242088de224,2.0402337914130015,1.234563,odb1
2026-05-30 06:28:12,day,mentions,85,0x42477970683d4d0a52ec7082fee5d760cc5591c4,1.9354456250000105,0.0,
2026-05-30 06:28:12,day,mentions,86,0xfa2398ad0ec06cce25fa3d747a17f846f38a9d68,1.7877906000000001,0.0,raggi0
2026-05-30 06:28:12,day,mentions,87,0x8cf02c9d05a70aad0b02468ac0824c08a8b773b4,1.7700000000004366,0.0,
2026-05-30 06:28:12,day,mentions,88,0xebda7e959b1bbd38e156d16ccc5ed74c0ec3b292,1.7336652390140004,0.0,bgbbn
2026-05-30 06:28:12,day,mentions,89,0x38cf62d2fee064fc6316775a4bde92d4a0f17148,1.6932714800000213,0.0,afflilbru
2026-05-30 06:28:12,day,mentions,90,0xcb03804ae45fcd875efb72ff3fd9336cf62cfb5e,1.66922405,0.0,cloud8553
2026-05-30 06:28:12,day,mentions,91,0x0ec19560a9c841d0d69b5ae0853fb4b4d64b0099,1.6500000000000057,330.0,wrappedtina
2026-05-30 06:28:12,day,mentions,92,0x564f22744b7941ade18d5e0e4f347c30e3057026,1.5931477000000314,0.0,molodoyy
2026-05-30 06:28:12,day,mentions,93,0xba8e77e964074a32e929b4b5365f95736a48c0bf,1.5843475199999997,0.0,0xba8E77e964074A32E929b4B5365F95736A48c0bf-1769195342145
2026-05-30 06:28:12,day,mentions,94,0x5ad203d0d4a722c407e4ee21efe3807ab109db53,1.5295446366199998,9.198332,0x5AD203D0d4a722c407e4eE21EFE3807Ab109Db53-1774575959613
2026-05-30 06:28:12,day,mentions,95,0xa14dd15a484098b6b15e01891319f708ab1ffcec,1.5000000000000142,0.0,DusanKent
2026-05-30 06:28:12,day,mentions,96,0x646408b6057e82cfa1e17fb7cb56db08a64ba7c5,1.5,0.0,EdgeOnly
2026-05-30 06:28:12,day,mentions,97,0xfbf6c23738d7a0a0f8a1b41be099af3dfbd67521,1.4992833850001261,0.0,Frogert
2026-05-30 06:28:12,day,mentions,98,0xf41f1bf87c4ad6b8c707833c3c2061a0b10f1f7a,1.4649999999999892,0.0,phildubuy
2026-05-30 06:28:12,day,mentions,99,0xf2cf3cf7863182c763bce60580a7d20e9333464b,1.4544857494998098,49.44352799999999,Mojito9
2026-05-30 06:28:12,day,mentions,100,0x371473617d3064ed904cde2df3e90ad1e0be9ce3,1.4159144500000025,0.0,AndyFran
2026-05-30 06:28:12,day,weather,1,0x17e0504da9a42b1ba021e5e22802f34a42bffe5b,640.5063979278493,3006.26545,pedrobueno
2026-05-30 06:28:12,day,weather,2,0x213e1deb37695fb513e1110e6506220c37a75e0f,496.3694614325758,227.59617500000002,RecoveringGamblingAddict
2026-05-30 06:28:12,day,weather,3,0x1f66796b45581868376365aef54b51eb84184c8d,491.1049586736772,2744.830893,maskache2
2026-05-30 06:28:12,day,weather,4,0x96489abcb9f583d6835c8ef95ffc923d05a86825,458.5224754509982,0.0,anoin123
2026-05-30 06:28:12,day,weather,5,0xb40e89677d59665d5188541ad860450a6e2a7cc9,442.3442497766373,22022.873557999996,Poligarch
2026-05-30 06:28:12,day,weather,6,0xa4dda58deb4c0e437ae2a5e99db215bf5111cfc6,418.1349093011622,2792.604565,xvhydfjhcfabc
2026-05-30 06:28:12,day,weather,7,0xb89bfe9b9813607adf83489e0dca6ab25c4d1a22,407.4987141900008,644.2702999999999,fastestclick
2026-05-30 06:28:12,day,weather,8,0x3cb6c036c2e2af6b3b7fc5650c76fcffe2550f8f,399.5938523579971,0.0,LinusLoeliger
2026-05-30 06:28:12,day,weather,9,0x46992d0e547e3822a9c28723f51bfa804ae4e03c,376.863095456,0.0,anon.1980.123
2026-05-30 06:28:12,day,weather,10,0x118689b24aead1d6e9507b8068d056b2ec4f051b,354.7727154999884,0.0,russell110320
2026-05-30 06:28:12,day,weather,11,0xb98c83f1c9bc913600b0930a98402f6681688f64,342.81364520000125,4771.71,hshshhshhsh
2026-05-30 06:28:12,day,weather,12,0x5d6f0f3ab7c8219e65def601e83397453db50e20,334.44271824499947,134.29225300000002,0x5D6F0f3aB7c8219E65DEF601e83397453Db50E20-1776139588600
2026-05-30 06:28:12,day,weather,13,0x662e8b1d8b5ccefff22e8799306ae4f4110a4b20,250.6272789696568,1332.553891,0x662E8B1d8b5cCEFFf22E8799306aE4f4110a4B20-1773318981383
2026-05-30 06:28:12,day,weather,14,0xb06a0eae498750ed0acac7e1f759f741c56e52f5,244.49711102616857,16223.097082,Ooookey
2026-05-30 06:28:12,day,weather,15,0xa49b6ea0a604c581f2a9569db42c192b1c487054,237.62085009589646,4581.137085999999,387411007415611814092217897387
2026-05-30 06:28:12,day,weather,16,0xf787b8a3a4c6990f48614a0b9af8422e3e7a1b63,216.80723563540778,816.7339890000001,0bot
2026-05-30 06:28:12,day,weather,17,0xa98a7b57b3ffc40dd701ac345a6ebb1d3255a5a8,216.27846760074226,1162.5707550000002,lowM
2026-05-30 06:28:12,day,weather,18,0xfffadf38a520cd5a0035ff52d7fceb436a08864b,211.91341739398194,0.0,GoriIIa
2026-05-30 06:28:12,day,weather,19,0xcb894d56b6ed7f458e8534636a086b65e915a2e8,210.7996750000002,0.0,justme003
2026-05-30 06:28:12,day,weather,20,0xc34f6b088bb9172625ee1ea2ee8da9ac4f037d2e,206.76529050003592,12231.35026,StayFreshCheeseBags
2026-05-30 06:28:12,day,weather,21,0x36f662fcbdc8f64aa1bbaa1f8897ca0e3bb7ae14,203.66875279000033,4017.7,LACTesting
2026-05-30 06:28:12,day,weather,22,0x328ca9a107d114381615ce94ec37d4e725788fab,201.5705023400003,2257.59,CherryTheCat
2026-05-30 06:28:12,day,weather,23,0x3288d06417479b9caa40950ad68b79feaa65b8ce,198.0543399806439,328.465257,0x3288d06417479b9cAa40950aD68b79FEaa65b8Ce-1776357683682
2026-05-30 06:28:12,day,weather,24,0x3238761f20d804b6ae5776e94cdefd79ca313291,190.0,0.0,lowrisk24
2026-05-30 06:28:12,day,weather,25,0x56b381017b589fb0afb049137c8d4af2e7233fa2,188.3738985664968,0.0,0x56b381017b589FB0AFB049137c8D4Af2E7233fA2-1769535581188
2026-05-30 06:28:12,day,weather,26,0xd06f9b9147113082f59289e8c0354a08fa306719,176.59261711189356,3354.3186789999995,Climatologist
2026-05-30 06:28:12,day,weather,27,0x6fb10c9908b68c82f5889f641fdc05ca59ee9319,173.2111311039344,1844.09631,Frog-Prince
2026-05-30 06:28:12,day,weather,28,0xae68539542db9d69e66445c21e6e3bdde417064a,171.15694569379048,4823.974380000001,hgmr2
2026-05-30 06:28:12,day,weather,29,0x26cf0e9288b86f50faaccc4395fc1f44ff36c000,167.55222421849965,362.88,0x26Cf0e9288b86F50fAaCcc4395FC1F44fF36C000-1779178269041
2026-05-30 06:28:12,day,weather,30,0xe52c0a1327a12edc7bd54ea6f37ce00a4ca96924,166.67436293300125,0.0,aff3
2026-05-30 06:28:12,day,weather,31,0x945a49252f772a10c6ddd1d1e1e24ee20438a48c,165.93171453408013,13979.113808000002,zxcursed121
2026-05-30 06:28:12,day,weather,32,0x4cf2c4dbf5c65d96d8a0b221e259b99abe79ca49,164.79744524934313,4747.830161,0x4cF2c4dBf5C65D96D8A0B221e259B99abe79CA49-1761016752643
2026-05-30 06:28:12,day,weather,33,0x0832f04863139dbbeeff45a481ffc0e336c88681,163.34547935350156,0.0,artymarty
2026-05-30 06:28:12,day,weather,34,0x702e2cd7a34372405f24534e25012a6da4284357,162.15517711058294,1281.234383,Lilycul
2026-05-30 06:28:12,day,weather,35,0x83cd48cc6c9c8564835fab01237760e8ca88e218,156.4006678496459,1458.2169959999999,dashuwu
2026-05-30 06:28:12,day,weather,36,0x8796b28ca8431a29a450041e8b3454d9107cc321,151.54415620769598,1155.8739070000001,HK.C.King
2026-05-30 06:28:12,day,weather,37,0xc6dd722558dbfbd8fa780efcbe819ed8c6604b9f,146.6148645289918,0.0,tourists
2026-05-30 06:28:12,day,weather,38,0x23498989115b4c0ffcec95f57aeea6aa28211646,145.26678536405507,1342.206884,LKFA
2026-05-30 06:28:12,day,weather,39,0xb7b9ce6c3db2ebf1dcd12db8ae64cfb2e9f01e0e,144.74366139660674,1004.786106,hkoclk
2026-05-30 06:28:12,day,weather,40,0xc7d02944a76b9f83b199e9090ecc92c82d241f8a,143.61778867743487,9129.306727999998,0xc7D02944A76B9F83B199e9090ECC92C82d241F8a-1776944395495
2026-05-30 06:28:12,day,weather,41,0xdf17f4a8dd01a4cfa6fc3da323a2baee5f8697d1,142.9264979399959,0.0,Herodoto
2026-05-30 06:28:12,day,weather,42,0x3f302dbb8e2cef9c25ea1cf8980b97711234f8de,142.8430270178501,783.929249,BobbythePug
2026-05-30 06:28:12,day,weather,43,0x97abe233a0eb7f3b1a23c6e083892d6d05baa19f,136.14235880937304,2634.5094879999997,0x97abe233a0eB7F3b1A23c6E083892d6D05Baa19f-1722790943967
2026-05-30 06:28:12,day,weather,44,0x5c6b40f748a2060284d8ba41cdb01fb4169ff32b,134.1213851823602,4215.16,Phlox
2026-05-30 06:28:12,day,weather,45,0xdef6f7b147246e2bab5422c7363cdebbfd54f69a,129.72044821399322,0.0,bigbonder
2026-05-30 06:28:12,day,weather,46,0x447864124b1af665c2e03f9fe2d103da1b757f8a,126.67936500000008,20.0,hsytalent
2026-05-30 06:28:12,day,weather,47,0x8fbd7cf5f806f563080864694415829f7229a959,125.4525297349669,0.0,0x8FBD7CF5F806F563080864694415829f7229A959-1767951693822
2026-05-30 06:28:12,day,weather,48,0x78ed8966161ea0a22f0719b9c04391c6ac22ab3a,124.20690468242506,1551.765317,6000K
2026-05-30 06:28:12,day,weather,49,0x9ce164d36c403184b5816d6868c4a83a3d92bf19,123.25926798669298,5843.012180999999,weatheralpha
2026-05-30 06:28:12,day,weather,50,0x26123cbf0f4820f7e70408a8c054ba7615c05289,121.87485693774306,15020.859153000001,nexvs
2026-05-30 06:28:12,day,weather,51,0x14156aaf70f1d23d4e318ceaa240211229b29752,120.73456706699994,0.0,Reboiy
2026-05-30 06:28:12,day,weather,52,0xdd6fa07dee93539b4e80dc21fe4ce9b2ecda8a91,119.347956,309.4,acequant
2026-05-30 06:28:12,day,weather,53,0x6ff2cb14da8be7eb57541d250a0196c5f295f140,117.5955106579986,320.0,0x6FF2CB14da8BE7Eb57541D250A0196C5F295f140-1779007910425
2026-05-30 06:28:12,day,weather,54,0x116db6298abcdefe06f9f5458c293c7de185fbf1,116.19877233602529,11966.159617000001,opopv
2026-05-30 06:28:12,day,weather,55,0xc26359cb70f2fea5af5529cacec1a283d8e99325,111.59355255053396,3227.9192439999997,0xc26359cB70F2fEa5aF5529cACec1A283D8E99325-1764998420728
2026-05-30 06:28:12,day,weather,56,0x6ff6469969520918c9d9e2ee3cd94de13a41e4fb,111.49881667999989,564.44,0x6Ff6469969520918C9D9e2EE3Cd94DE13A41E4fb-1774294481642
2026-05-30 06:28:12,day,weather,57,0x3ff7d7f066f51c87791fedaa2b2202dfe62adbfa,110.52777637511383,2407.967203,anonymous8246
2026-05-30 06:28:12,day,weather,58,0xf1e18ec32b2f1e123bc098e3956e6fd00012c152,109.78100326606,372.31357,BeefsSlayer
2026-05-30 06:28:12,day,weather,59,0x36e18a37cb5449e085b10d7a58b07fc87d04eb43,109.14603712100012,0.0,lojdsnd
2026-05-30 06:28:12,day,weather,60,0xa493ef05d1e4722c0689547cef88f6e2ff821b55,108.14133325000057,175.0,ChooseAUsername3
2026-05-30 06:28:12,day,weather,61,0x4de148ab2ea9ddffdc82f5e5b8f7605d6ba118a2,105.91969193399882,86.08,dtyb
2026-05-30 06:28:12,day,weather,62,0x5a218c7ad04135830a45c41aaed7294df7809318,105.50652319461233,15294.413991999998,balthazar
2026-05-30 06:28:12,day,weather,63,0x531b7b4cda61f1ba2e12f809e2e66173f60cda26,104.43197142800017,0.0,
2026-05-30 06:28:12,day,weather,64,0x6b5012826833770af8b10acf3049f01edfcfc9ba,103.94116761000011,1311.6100000000001,bentayan
2026-05-30 06:28:12,day,weather,65,0x784aa99232ed0e1ff93588b794158bf0879e06c3,103.59031393306759,4553.500832,LeroysAndDings
2026-05-30 06:28:12,day,weather,66,0x235ebb71c81b25dd423458699a41b17722ef68f0,101.8213405127141,121.0,xp241
2026-05-30 06:28:12,day,weather,67,0x84571f1bf97a5c710cbe51daff2dd4556cc887fd,101.64678000088315,101752.45000000001,ZhangMuZhi..
2026-05-30 06:28:12,day,weather,68,0x23d18416645924e097c453e8ceadd4bfeb6a353f,100.02099487338182,3974.656319000001,fcomp3
2026-05-30 06:28:12,day,weather,69,0xc8849a93e05a2ae1b49bb07787a9e0059bb4e17e,99.99957628000993,0.0,Clicker1
2026-05-30 06:28:12,day,weather,70,0xfd368530e2d6b22677eeb90c89b29e232670a832,99.56167756324157,784.2069710000001,
2026-05-30 06:28:12,day,weather,71,0x65f93c0f054db935ed6a254c0ce0e9b3ca624425,96.37021846027528,3179.6214999999997,0x65f93c0f054db935eD6a254C0cE0e9b3Ca624425-1762251377772
2026-05-30 06:28:12,day,weather,72,0x7a0ebd0d919279b2b4469da6f3c425061b67c7a6,94.864364975,327.9928,stripbear
2026-05-30 06:28:12,day,weather,73,0x4b576526707c034d9b2c9e523b884d325b1637aa,92.7084336385,0.0,jollibee
2026-05-30 06:28:12,day,weather,74,0xfd8d4130d037d38ba3d1e7e4d89c8f65fe99038b,91.92450778300008,0.0,cryptotradernpc
2026-05-30 06:28:12,day,weather,75,0x00205869afa0fb65a86593abba6af620bfc316b9,91.78906954450122,4741.389999999999,Richard.Tysen
2026-05-30 06:28:12,day,weather,76,0x10d5defe8d9689e2dc90246ea8cb6018d8a933fd,88.85937815106286,2637.2996989999997,meowdaily
2026-05-30 06:28:12,day,weather,77,0x006cc834cc092684f1b56626e23bedb3835c16ea,88.45813277699926,0.0,0x006cc834Cc092684F1B56626E23BEdB3835c16ea-1729683673397
2026-05-30 06:28:12,day,weather,78,0x5ffea747575581e8d2dc5e23c47ab98c1638e48b,88.44833572984635,2232.8383320000003,0x5FfeA747575581E8d2Dc5E23C47aB98C1638e48b-1777529589397
2026-05-30 06:28:12,day,weather,79,0x8c6db2189c6697246c11b1f202ececc559e8f921,86.54431956288101,2020.948271,0x8C6dB2189C6697246C11B1F202EcECC559e8F921-1777280445860
2026-05-30 06:28:12,day,weather,80,0x1941ca5d7f587827da004b1b1551b0bd6429deea,86.51479190529972,4987.268700999999,0x2E7BxF72Bfx12A8H67R6CsFPu7jsVA8D
2026-05-30 06:28:12,day,weather,81,0xcb32934773126ed9267babaee1e68f0c375779aa,85.98844019505259,1386.6068589999998,NewBuildingX
2026-05-30 06:28:12,day,weather,82,0xf7a28985e205608c529e68ff6c4144274683c0c5,85.18983762908744,0.0,0xF7a28985e205608c529e68fF6c4144274683C0C5-1774182832558
2026-05-30 06:28:12,day,weather,83,0x8d71ff86701227bb479b2039edd92b08f73115d8,85.0910991416772,2533.8725,Sin3000
2026-05-30 06:28:12,day,weather,84,0x6e41f5497f0cbe0e3aef1d84a0f1be87d5795e0c,84.87767790299495,818.52575,actcur
2026-05-30 06:28:12,day,weather,85,0xc682d7943aad07c246986a7aa2989cfcb17817bb,84.86832739850797,1052.68,zthunderfury
2026-05-30 06:28:12,day,weather,86,0xf3253c1c54781ad2c75f8d50f7148c84ebc0f8e0,84.5996188399995,3783.57,whackyy
2026-05-30 06:28:12,day,weather,87,0x803a112b5eb1404eea463b26a2318cfcb3b9219e,83.91596152631973,2397.5119950000003,mgxsx
2026-05-30 06:28:12,day,weather,88,0x9a31cf2531dc71699cb0ab6083151d2ed3ef5af1,83.68585494299975,480.52,300to5k
2026-05-30 06:28:12,day,weather,89,0x9a2626d1b61d20792e4db19fd492b8cf369fc335,82.79429000799973,15.0,valuecraft
2026-05-30 06:28:12,day,weather,90,0xc90b20dd4ccd4d1f6c0a2182b8b1cf9526707190,82.64671863379408,904.6495870000001,dennycloud
2026-05-30 06:28:12,day,weather,91,0x572eda2684ce9b39643b4d453116c11f4027872b,82.42517337068898,118.34411899999998,codenamegambitdotcom
2026-05-30 06:28:12,day,weather,92,0xd7cf0d5f5d8fc21482bbcafd95da0713650165d5,82.3871156415,644.4357269999999,g3lli
2026-05-30 06:28:12,day,weather,93,0x4248a6f959dd65bc086f0286ec73790d556460ab,82.21015257898992,613.2317829999998,nzbryant
2026-05-30 06:28:12,day,weather,94,0xabbeb2bdd30ba5c51cb14168b068103961648f37,81.04452403122804,185.381558,mamai
2026-05-30 06:28:12,day,weather,95,0xd20958361074d525e4351b0bf40c648fa7c08dba,80.56588007629261,2434.9505719999997,Konst111
2026-05-30 06:28:12,day,weather,96,0x5695f7337e08fd5d2f223cc56109de76d3e760e9,79.92515442999985,632.3399999999999,Lain-777
2026-05-30 06:28:12,day,weather,97,0xc0d896336db3b2e08876a5dcd63b25a811e15430,79.31345323999676,658.36,seqre
2026-05-30 06:28:12,day,weather,98,0xe639e41094bbeae18f3e6d1790c17299183f082a,77.15154511100263,0.0,0xe639e41094bbeae18g3e6d1790c17299183f082a
2026-05-30 06:28:12,day,weather,99,0x900939fada83b830ae89e39c031e11e44bd91621,76.4154350060046,931.8884390000001,skewerpacil
2026-05-30 06:28:12,day,weather,100,0xaff9c02cbf68cdd744609279e41122c8803b64ff,75.32278369019514,1410.763834,weatherguru
2026-05-30 06:28:12,day,economics,1,0x0c0e270cf879583d6a0142fc817e05b768d0434e,1754.0914492328593,18819.71563,The Spirit of Ukraine>UMA
2026-05-30 06:28:12,day,economics,2,0xc8ab97a9089a9ff7e6ef0688e6e591a066946418,1746.7993239691132,12602.016785000002,ArmageddonRewardsBilly
2026-05-30 06:28:12,day,economics,3,0x5235578efe24555b0c98e7dc10a902b09089c04a,1258.0169900345863,11450.01,back-in-whack
2026-05-30 06:28:12,day,economics,4,0xa8b202e6e9a4c2091b6860f1f5c9e9119bbc9a39,935.9105407719617,0.0,CongMingLabs
2026-05-30 06:28:12,day,economics,5,0x0e5bd76779e74304d08e759072abf126d87da593,917.3308560285368,84.89999999999999,JAHODA
2026-05-30 06:28:12,day,economics,6,0x07046535ff9a910d7343a2c319a3e62234621858,867.8353298280272,0.0,HH168
2026-05-30 06:28:12,day,economics,7,0x71edffd0d70a1da823ff07a3c6fc81457294d338,839.4991202550009,0.0,pako
2026-05-30 06:28:12,day,economics,8,0xf9c1190aa8184bcbe418e6f5321c53b0bfbc39e2,777.8682425100269,6239.365554,AdrianCronauer
2026-05-30 06:28:12,day,economics,9,0x7bb244d0c70293e66dee84f3d0623fbbbf7d682c,772.1019473300039,0.0,WongKimArk
2026-05-30 06:28:12,day,economics,10,0xd3ecb2aee0d65622da559ff356b00e8c2e626603,756.0777000000016,0.0,sabsabinxz
2026-05-30 06:28:12,day,economics,11,0xcca90a5d3c8f2d6663817e3650d6adbe9ab44c9f,629.0036263179991,0.0,0xcCa90A5D3C8F2d6663817E3650D6aDbe9aB44C9f-1772395966516
2026-05-30 06:28:12,day,economics,12,0x9bcada74fbcaa331afecdf7e861fbc9532ecca1f,502.16540056900703,177.732678,rooivalk
2026-05-30 06:28:12,day,economics,13,0xded8a46ee5fa25b550689176ab7c58c2d44eca0f,476.83339256601175,0.0,yingxer
2026-05-30 06:28:12,day,economics,14,0x9c2617462567859fcf5764e03b9a687ebca274bc,434.03262763100065,0.0,Tigerofthehood
2026-05-30 06:28:12,day,economics,15,0x682dbb961b8b4c4c99d9d56557d5ad68847e4cd6,426.3983366380776,505.99,St3f
2026-05-30 06:28:12,day,economics,16,0xe9514aa0b925353ea0d5e32978d636ec25ebde18,421.9516129140102,0.0,b2d0
2026-05-30 06:28:12,day,economics,17,0x99b2bebd993cbf0c30fff139e9f4e2a655db8eb6,371.36875712504843,0.0,hebi007
2026-05-30 06:28:12,day,economics,18,0xb6f6c787df254b27988dcd6a648d41a1e34e3075,368.8934233730033,0.0,Yogi.Bear
2026-05-30 06:28:12,day,economics,19,0x94cff0a688ca7b2e5b2602343c49bcd812123db3,346.82224333198974,0.0,Official-Market-Maker
2026-05-30 06:28:12,day,economics,20,0x93511d72d294f1478739bc38f578bf0306fd9e4d,341.4349647735362,139.06,Dafu0715
2026-05-30 06:28:12,day,economics,21,0xf1bf47707b8e4cec6292eaa6bc47dc25871411d7,319.79725370998494,0.0,mikemoneywire - 20419
2026-05-30 06:28:12,day,economics,22,0x02e7f29f3e612a95a9ccca7131ce7dd5d56b59e5,288.40882373762724,59653.609999999986,CAR-GangVersion
2026-05-30 06:28:12,day,economics,23,0xa9fe4929d4ea1525ca03bd0ff68ea1fbf9e7f135,270.16908905200034,0.0,novv25
2026-05-30 06:28:12,day,economics,24,0x8b6b42aab3d96d71992b89bb705b6a456cacafd5,265.0505601460027,0.0,sunlc.ai
2026-05-30 06:28:12,day,economics,25,0x246b6f2cf1eb3c74ab82b5d7288ef49baeed1196,257.5527735600008,0.0,citra
2026-05-30 06:28:12,day,economics,26,0x381b87feb85472a6b7e5803dda85c9bf6882e2d3,254.0118051787959,3054.1181420000003,baiyanggaoqian
2026-05-30 06:28:12,day,economics,27,0x1a3fb05e94caef23e28905767cd603eb574a6dea,249.55090898999697,0.0,alextalley
2026-05-30 06:28:12,day,economics,28,0xce71bed9dd1418abc34d244730879d795e8683bc,247.19620169699192,0.0,tutrucks
2026-05-30 06:28:12,day,economics,29,0xf6b0f3b1e033074da078c4daca728bf3658ab8dc,236.40318761999976,0.0,kundanxp
2026-05-30 06:28:12,day,economics,30,0x5739ddf8672627ce076eff5f444610a250075f1a,217.99490249999997,0.0,hopedieslast
2026-05-30 06:28:12,day,economics,31,0x7661306c79a15af7a61d3d648534d72050cf208a,211.9933272750004,0.0,NKIT
2026-05-30 06:28:12,day,economics,32,0x78dc02c1d0e257128d664225bed583a63ddeb46d,209.47731207200002,0.0,WolfCharge
2026-05-30 06:28:12,day,economics,33,0x851281eee06e684ca9a237030fcef0c26c63a3d2,191.37293919501826,0.0,HHYP
2026-05-30 06:28:12,day,economics,34,0x00d2ebb4da03856cf1a795bd2513b23260d7fb50,187.7836161970008,0.0,coolquail
2026-05-30 06:28:12,day,economics,35,0xab18d12977eb41276083e6f05f68a23f921a467d,182.12850686999997,100.0,b3t4t35t
2026-05-30 06:28:12,day,economics,36,0x7a35f8849c597cd12c3e2e3086b52b8c4f682744,175.64731562600355,0.0,gokol
2026-05-30 06:28:12,day,economics,37,0xa0d3909f97ef568bd7089c16c1f5ac6617145b5e,171.8522667160014,0.0,pooter224
2026-05-30 06:28:12,day,economics,38,0x08458f7e9d2858027de579e4c3ca305475496b6f,170.10377780549425,0.0,GollumGekko
2026-05-30 06:28:12,day,economics,39,0xad5353afe30c2da57709e2704ef3ccdcf67eef24,169.16794900280547,816.4407469999999,AJSV
2026-05-30 06:28:12,day,economics,40,0x052f4191cd324a348835a846d34df5b0061e53fb,167.21381999998994,0.0,chriszyy3
2026-05-30 06:28:12,day,economics,41,0x3c918a8ef8c379304f744592120cbb4d76149af7,162.59999998801504,0.0,Vilgefortz
2026-05-30 06:28:12,day,economics,42,0x2282a5df686f9dd2326bba576226850d439273e8,158.11696679999977,0.0,0x2282A5Df686F9Dd2326BbA576226850D439273E8-1773345042185
2026-05-30 06:28:12,day,economics,43,0x844ef6cdd0a4d691b7a81429ee550f025aa64f41,156.75270388399076,0.0,flyfat88
2026-05-30 06:28:12,day,economics,44,0x5bb0de4e97698184ead80c80cb17a26cd6f6814b,150.7534244700073,0.0,bobe2.1
2026-05-30 06:28:12,day,economics,45,0x41e8266341517750bec28829015b5289fe00b994,136.77092602599805,0.0,0x41E8266341517750bec28829015b5289FE00b994-1766188710954
2026-05-30 06:28:12,day,economics,46,0x43405b1b3dee23baf8284b3bcfd79930600b64c4,136.05492159999812,11.0,-nkt-
2026-05-30 06:28:12,day,economics,47,0xb8d768c1fbc564ad2be4a73c08d536e998276f40,130.52108144000022,0.0,0xb8D768C1FbC564ad2Be4a73C08d536E998276F40-1774998979254
2026-05-30 06:28:12,day,economics,48,0x380002b00394456c8a247bcf115b5ee665f72325,129.99978407199524,0.0,Occasionalbettor
2026-05-30 06:28:12,day,economics,49,0xecfaf23966e472b13107d272d9bef32fee1e3c6f,125.09440460239239,200.0,TouchDownThana
2026-05-30 06:28:12,day,economics,50,0x42abb0c4c00b3ca9c0e5dea7f5c4459d23673e26,122.14140000000043,0.0,brainlag9000
2026-05-30 06:28:12,day,economics,51,0x7e01fb9dece74b0031696fe104fbcce421cc63be,117.37813016849486,0.0,KTKK
2026-05-30 06:28:12,day,economics,52,0x63d43bbb87f85af03b8f2f9e2fad7b54334fa2f1,112.89188958471641,0.0,wokerjoesleeper
2026-05-30 06:28:12,day,economics,53,0xb9cfb65e4ed4a953a72a6ea23d834a41daba75d1,111.73325356199894,0.0,Joebama
2026-05-30 06:28:12,day,economics,54,0x389a21fa2e2445c7f8b915b45b9b009bd641397d,106.16895165950018,0.0,SPY-KT
2026-05-30 06:28:12,day,economics,55,0xd8d5c4ea4c40789cc215c9695a0b300f27863071,105.31860922399937,0.0,crazycary
2026-05-30 06:28:12,day,economics,56,0xc4604b6f956bbe2179d6d102bedc8c06f02c0aa4,104.64784430999998,0.0,TraderD2
2026-05-30 06:28:12,day,economics,57,0x9f66aa958734d9d5af35f5f19a276d23e84f3a50,99.72911290900015,0.0,MrMelonHead
2026-05-30 06:28:12,day,economics,58,0x4f90a3eafe60584418cb3fc9134785cbe2bf517d,99.28242378000004,0.0,Sdfghji
2026-05-30 06:28:12,day,economics,59,0xe4141cdee5c755474516403e23fe8632a9c71364,95.03988296999978,0.0,hashc
2026-05-30 06:28:12,day,economics,60,0x8debd189ffd74160f25e367bafaed61a9fea7062,92.76624483350315,0.0,taut-dogwood
2026-05-30 06:28:12,day,economics,61,0x6af72a7d6ca36735fbbbd54feb991b2055e25a6f,91.09078772999987,0.0,chilljoker
2026-05-30 06:28:12,day,economics,62,0x24816c037cdc2c9bd979e69d777541cf560a9b79,90.08000000000175,0.0,0x24816C037CDc2c9BD979e69d777541cF560A9b79-1765846983430
2026-05-30 06:28:12,day,economics,63,0x3c01b99c8aed5d5dc7477f3dc3bb048290b1d612,90.00001042599797,0.0,FoldingKeene
2026-05-30 06:28:12,day,economics,64,0xe1b361d6a6f237b9ed7534d19b232df8369e1426,89.82899750499791,0.0,tja
2026-05-30 06:28:12,day,economics,65,0x09fc877d0f2065b37c5cb5aafc0e66602c7d4cd4,83.43077999999991,55620.520000000004,vikkS
2026-05-30 06:28:12,day,economics,66,0xff52f3ca2ce5285a06d5e793af55324be0a24546,80.10029600000053,0.0,CHIKI33
2026-05-30 06:28:12,day,economics,67,0xebf8698b6b61025c8a230c75a2a692a1537992b8,78.68037000000072,0.0,alredond
2026-05-30 06:28:12,day,economics,68,0x4e617ec97e179213f7b4b751d706713453fb82ee,78.62466857000004,0.0,Carpool
2026-05-30 06:28:12,day,economics,69,0x0cb25edac705df4c6b4d23fb6fc4e18e78301872,78.21185609500026,0.0,0x0cb25edac705df4c6B4d23FB6Fc4E18E78301872-1774209617236
2026-05-30 06:28:12,day,economics,70,0x5a60bb0b393f8497faf6f07142e11877e8cd2a67,77.08793584,0.0,paghool
2026-05-30 06:28:12,day,economics,71,0x827b8183d989b0d00b338a5363761f527e766cb4,76.72897207000005,0.0,khaldunresearch
2026-05-30 06:28:12,day,economics,72,0x9ca119b8cd7bdb890aecf1ff3b0f6e3a45cc13b5,73.0843787699996,0.0,JoeBlack01
2026-05-30 06:28:12,day,economics,73,0x5a1c1697c0d1756616faa712416e9d459e0f49c1,72.9788749700001,0.0,forgotmypasswordagain
2026-05-30 06:28:12,day,economics,74,0x50b1dbd58524a97966a5d3191f516cd8c2b3c1c7,71.80038521999995,0.0,SkullOven2
2026-05-30 06:28:12,day,economics,75,0x011175c87089797b1c5bebcfb6d501b4c51d60f7,71.43201645950103,0.0,hhhhhhhhhhhhhhhhhhhhhhhhhhhhhhhhh
2026-05-30 06:28:12,day,economics,76,0x3a8aa345d5db7ec5138298c8c4f4540259be7699,71.10792182700243,0.0,TheReturnOfDarthMaul
2026-05-30 06:28:12,day,economics,77,0xf036f9631ae2fc83821b3a8581892109d506b8f1,70.8962371259986,0.0,Randomfool
2026-05-30 06:28:12,day,economics,78,0xf2f2703d83938e05cba23c819891845d26f01762,70.27000000000021,0.0,SmolDog
2026-05-30 06:28:12,day,economics,79,0x9422f0e5a2c4358bdd2a901aa2a31f58e04ef273,68.47803311250004,218.30999999999997,flexer78
2026-05-30 06:28:12,day,economics,80,0x3aa85250afd8c8c2a0b181cd27adbe0bcf105ad7,67.94910164999988,0.0,nuttymoon
2026-05-30 06:28:12,day,economics,81,0xbd5cca971b76cbbe9308451cde76e5fe6a528408,67.28499986999998,0.0,justin.courtright
2026-05-30 06:28:12,day,economics,82,0x60567382d04d7af8776eea04468a918519ebc27c,67.21263568799964,0.0,akimbogod
2026-05-30 06:28:12,day,economics,83,0x9f140ccf5ed00fce6bcfd212896c0cf71b017328,67.06338284000003,0.0,OPOP10
2026-05-30 06:28:12,day,economics,84,0x2e87ce8a92707ecd55832568891f457884243534,64.5012999999999,0.0,0x2E87Ce8a92707ECD55832568891f457884243534-1768682796558
2026-05-30 06:28:12,day,economics,85,0xba62c8a60f8154be11a8e9bd1bce5617992458e9,61.79940350999985,0.0,DrNee
2026-05-30 06:28:12,day,economics,86,0x519794a3d72e8f18790b3089ac1e75cd74a40ce6,61.74854600000003,0.0,staticllama
2026-05-30 06:28:12,day,economics,87,0xaee67a55264f460a3f0f1e56d1322c09d48516f1,61.573042718000124,0.0,3xh
2026-05-30 06:28:12,day,economics,88,0xda5e2797e0637127b58ab2abd66e858cd1a0fda6,61.4574485560006,0.0,postable
2026-05-30 06:28:12,day,economics,89,0x27e56917c5c7c5ae7662b85cf86c289bfc39fb20,61.24224860650247,0.0,AdjunctBias
2026-05-30 06:28:12,day,economics,90,0x71ca04d689bc38c5e4dcda8a4d743f279c5a3501,60.20000000001164,0.0,Ronaldo2100
2026-05-30 06:28:12,day,economics,91,0xc34b01c51c987180f19242bc45c8044ab476cbe2,59.84496062149995,35530.276361,ssxji
2026-05-30 06:28:12,day,economics,92,0xc0e4eac75334ce2686391feeeb1df182ae7e4ec7,59.69985285400003,0.0,Mewpa
2026-05-30 06:28:12,day,economics,93,0x3069c1002bd0bb6aec054c7a27722919df95f8ef,58.782476560999385,0.0,Orion96
2026-05-30 06:28:12,day,economics,94,0x9e7e57fbc4dd03dc7b0eea98f1f01bc100083e1d,56.32000880000851,0.0,mcorleone
2026-05-30 06:28:12,day,economics,95,0x3cafe19c407342bc7cea21424e861c37038c6d8a,56.17641190799998,0.0,FortunatelyFestive
2026-05-30 06:28:12,day,economics,96,0x4755072010b0a6963d5140b4c34ba6a544664338,55.397228225999925,0.0,QMG-MACRO
2026-05-30 06:28:12,day,economics,97,0xa5ccc31031045dbf98eb1ffac37e8070233afeb0,54.88167625299934,0.0,bargaingreed
2026-05-30 06:28:12,day,economics,98,0xb1a1985278c50a25758e2e25a217d084706add34,54.55112274999999,0.0,.brain.
2026-05-30 06:28:12,day,economics,99,0xa91e35fabb109ceee01ef8b7aec7c8cec9924e7f,54.31740000000002,0.0,houseru
2026-05-30 06:28:12,day,economics,100,0xf30c0fe80a1d68745c194147f244b532df6fba89,53.43962627999997,0.0,ye.eth
2026-05-30 06:28:12,day,tech,1,0x61b36d11209b5f58a642bda3d8f3148b4b919d22,2501.4604013700005,0.0,rkassandra
2026-05-30 06:28:12,day,tech,2,0x3d50d49babadb8fb3e44485fa05c2604c90e713d,2189.0234548750013,0.0,hkimcont
2026-05-30 06:28:12,day,tech,3,0x00425c692a667981118f679ef68fdc775257321e,1875.2935916749993,0.0,99problems123
2026-05-30 06:28:12,day,tech,4,0xc6dd722558dbfbd8fa780efcbe819ed8c6604b9f,1840.0763583999933,0.0,tourists
2026-05-30 06:28:12,day,tech,5,0x736539924a5602b37a03a54fc12c1cc8f98964da,1438.2799355270008,0.0,cqk
2026-05-30 06:28:12,day,tech,6,0x0e65acd3fccbdf60e7ac42afaad32bf1c940e33f,1366.9600249999985,0.0,lEGLeGDaNDAnYah.
2026-05-30 06:28:12,day,tech,7,0x511f9c771449162349795d17becf8b37031acbe1,646.0228431524429,1825.8689319999999,Bigggggggg
2026-05-30 06:28:12,day,tech,8,0xa28cea90f23798fcfa4806d0c8927c95fdb3e10f,581.3550485825003,0.0,ICTRADING
2026-05-30 06:28:12,day,tech,9,0x5a218c7ad04135830a45c41aaed7294df7809318,523.4640927697883,3006.766856,balthazar
2026-05-30 06:28:12,day,tech,10,0x12d51de654df441c57e97c81156613681114f0eb,448.86822500000017,0.0,drakelong
2026-05-30 06:28:12,day,tech,11,0x9604b357e8307b0ccc8eb5812725d2b112c6fc1d,447.5497600000017,0.0,Batundi
2026-05-30 06:28:12,day,tech,12,0xac4a1fabdac2438d6afa2a9e8e83845310a0bf1e,373.45902063727533,1070.2966649999998,HerrieDavis
2026-05-30 06:28:12,day,tech,13,0x28b291aa82da13e1d58993873806c92908d5eb4f,346.83661854350066,0.0,libratus1
2026-05-30 06:28:12,day,tech,14,0x4d1bcbaeed22c6da173b1a356c3c6d2270081419,341.7157299999999,0.0,RolandChang
2026-05-30 06:28:12,day,tech,15,0xefddc1d3285d0fe1b9f2aa06e04901f527a08370,312.5817067770006,0.0,vino1234
2026-05-30 06:28:12,day,tech,16,0x36901eb0f21519cc9055662a6d2483e96da1e16f,294.6597125728813,119.969714,melchior1248
2026-05-30 06:28:12,day,tech,17,0x28bf066c6cb952da62d6d182c16ad173ada64a4e,291.68716241000004,540.0,plainfolder
2026-05-30 06:28:12,day,tech,18,0xb10047d6a254b2ebb306d7a7d13bf59171ab6461,267.46415528999205,0.0,Parz1vaI
2026-05-30 06:28:12,day,tech,19,0xddd85ddfa58784925990c16c9858ccd62e4ee6f7,261.1775008300026,0.0,Sreisz
2026-05-30 06:28:12,day,tech,20,0xe828957de161efdff4318de1cf1d9716a1e45cea,225.84782499999983,0.0,luckyshoe
2026-05-30 06:28:12,day,tech,21,0x03805a13a0b3e058f55f6c6af95389d4f431073d,223.57294034885695,1359.306765,donthackme
2026-05-30 06:28:12,day,tech,22,0x57c02fb1189621fe9c0dbd97c7066920eeb260c5,223.24694512500014,0.0,0xhanxyz
2026-05-30 06:28:12,day,tech,23,0x45dbbf4fed6c845f4e857edc6e744236501c8f65,207.4998803200001,0.0,orzanovn
2026-05-30 06:28:12,day,tech,24,0xc84e2bab463cf7aa4b210afb2033142ea0ddea43,201.80193683199997,0.0,OAJUNF
2026-05-30 06:28:12,day,tech,25,0x7d1bb9f000e5fce13db3a0927b64aa38e69de75c,191.67592829899945,220.0,bmtr
2026-05-30 06:28:12,day,tech,26,0x2e1c6e971cff5c3259090d3dea7802a15e4edb61,186.38208161327205,21.55,0x2E1C6E971cff5c3259090d3dEa7802A15e4eDB61-1779115991589
2026-05-30 06:28:12,day,tech,27,0x7e80049eb08ac45b6ddadd8d069db6fd94ba631b,178.88492335980982,1735.263037,J25525
2026-05-30 06:28:12,day,tech,28,0x4fd237e78ef8660f2b47e13924ebcbf9302748e6,161.5728468000001,0.0,ikerv
2026-05-30 06:28:12,day,tech,29,0x6630c34aa5836d4610fb6303d0ee9d966cd42f4e,155.51491780000015,0.0,garlictrump
2026-05-30 06:28:12,day,tech,30,0x0a6d26d31b28fd5a84c301f8b27296612f3b1d0a,151.64701177249833,0.0,Bikesarethebest
2026-05-30 06:28:12,day,tech,31,0x74957ea27ac4fbdee46d861fdae357859ff67fcf,150.05042248719707,512.537827,ultralisk
2026-05-30 06:28:12,day,tech,32,0xb48ef6deecd526c0974c35e1f7b5c3bbd12fa144,149.99999999999955,0.0,100x
2026-05-30 06:28:12,day,tech,33,0x33db47152223a9b30a1891902402ad7e3485417a,147.31374954450484,425.77,calm.rabbit
2026-05-30 06:28:12,day,tech,34,0x9de768f8daeb0ec2bdfd88311ec8592af68f73a5,147.23883623999996,0.0,Isasgec
2026-05-30 06:28:12,day,tech,35,0x7b75e76b13a8d792bd4ce25d76a50be61ced3fd1,143.45193762000054,0.0,Xeny
2026-05-30 06:28:12,day,tech,36,0x4f1d5ae26fc31472966e951af3183308736d8de2,139.6269729404985,638.14,e46m3
2026-05-30 06:28:12,day,tech,37,0xdf8103a369799de9f938a6ffcfca446e1c3e697d,139.34547500000002,0.0,gummy-usb
2026-05-30 06:28:12,day,tech,38,0x16ef1f5b4e6f3809ee68d74109581804ab32534f,136.8417250000001,0.0,megabase
2026-05-30 06:28:12,day,tech,39,0x2110ba2a1e18840109482ff4ddc547baeff45850,129.30188084849942,0.0,George.Smiley
2026-05-30 06:28:12,day,tech,40,0x52ebca459280966f4a56240a05e38df8527067ac,128.77129900099996,252.82,merz1305
2026-05-30 06:28:12,day,tech,41,0x8454f39e7fa6957dfbf1ecc574820ada1c92331a,120.70679035000012,500.0,cripes3
2026-05-30 06:28:12,day,tech,42,0x04dcbd9b805b220a9b2d27e4d9e649ed07902387,120.68630000000098,0.0,thursdays
2026-05-30 06:28:12,day,tech,43,0xd8d5289c35124b5353f5a10a28b8cc29aec38935,118.94773322750001,0.0,D8D5289c35124b5353f5A10A28B8cC29aEC38935
2026-05-30 06:28:12,day,tech,44,0xa52b785a5510117ac3ae03d75d029f89a36c9480,118.39188824999928,3525.46,Hashbrown
2026-05-30 06:28:12,day,tech,45,0x419199360647609ef4b17b1f1dff1041c15c569f,117.89473471999997,0.0,Aussxx
2026-05-30 06:28:12,day,tech,46,0x4f23a0976493be385412ce9a6b93841ee2c090db,115.207726649998,0.0,Hiworld.
2026-05-30 06:28:12,day,tech,47,0x9974a5d270e6353bee0f8379e9a144f3ac4b2840,109.74248470849997,0.0,tryingtobest
2026-05-30 06:28:12,day,tech,48,0x9fa34e8af5d5fc723d9009654aac94905eb34899,107.44598374793503,221.992413,CapybaraTraiding
2026-05-30 06:28:12,day,tech,49,0x5999ebfa145490e0280dd246856a5b3605f7ae94,102.20296600499842,0.0,kl1v
2026-05-30 06:28:12,day,tech,50,0x6f084a641012bb925f2f3c7f44a6fec5025e54d3,97.47381155999989,0.0,warptrading
2026-05-30 06:28:12,day,tech,51,0x3ac4443fec5d95795d6857c52c0c6884c3200e8b,89.99988377999966,0.0,0x3Ac4443Fec5D95795D6857C52C0C6884C3200E8B-1773197078829
2026-05-30 06:28:12,day,tech,52,0x0d15e2724df455f9e65b15104d21d76412a2c454,89.99987405999946,0.0,e88888
2026-05-30 06:28:12,day,tech,53,0xd9430448ac33ddce60fa8feaee5e83d0b6b7195c,86.46814995000204,0.0,pitya
2026-05-30 06:28:12,day,tech,54,0xa37a2bd25e985179d20b2e5add2a9ada5edca9e7,85.85749600000008,0.0,
2026-05-30 06:28:12,day,tech,55,0x9aeb534c42b58b21673d5e03e9da14fbd15b2729,85.81587500000205,0.0,The-Joker
2026-05-30 06:28:12,day,tech,56,0x01084f5428d45a0a73ece45c2bca9f1417383d55,82.33199553000006,0.0,CreatorOfMyths
2026-05-30 06:28:12,day,tech,57,0xde0463ea7f611b065e8ab06bbfbddad75e6dfa37,81.70470451999972,0.0,mwenya
2026-05-30 06:28:12,day,tech,58,0x1f9f03e7ce52979b658b0bb75b483ff923fda025,81.66584674499984,0.0,ChadStarmer
2026-05-30 06:28:12,day,tech,59,0xbfc3317656b23fbf131544523370d2a54266b21f,79.01473690749987,0.0,NAA
2026-05-30 06:28:12,day,tech,60,0x7d58986f00b3c00e9b24d02f8e35381ca154cfcc,78.45062993599993,0.0,peter239784
2026-05-30 06:28:12,day,tech,61,0xc682d7943aad07c246986a7aa2989cfcb17817bb,74.82683552902381,108.0,zthunderfury
2026-05-30 06:28:12,day,tech,62,0xb2ca88cd9c431a0f1223029088beb0cf4f035fb0,74.23297611999999,0.0,IceFrosst
2026-05-30 06:28:12,day,tech,63,0x64b8f6cfcc770cfa03ab57f7ab802ed86e9f051b,73.81617393500002,0.0,ujelly
2026-05-30 06:28:12,day,tech,64,0xf63b4119ad71204b6e944171a22d3f9fbfbbe23d,73.52337700500004,0.0,0xf63b4119AD71204B6E944171A22d3F9FbfBbE23d-1779911398207
2026-05-30 06:28:12,day,tech,65,0xcd6be6693e2bc11150d397caa9e6f7c6744b68f5,73.48777581000013,0.0,AlfredTheShiller
2026-05-30 06:28:12,day,tech,66,0xd5b97d08ec6098407bfbf66c2786ccc9967fe44e,70.33897015249931,0.0,Optimus-
2026-05-30 06:28:12,day,tech,67,0x48ecc049f171a8c7758e5d351e5f6c3c6df58f36,64.88596476000029,0.0,machiavelia
2026-05-30 06:28:12,day,tech,68,0x0c158b14900aa6adc02b863acfb70108377f4268,64.81457685000001,0.0,0x0c158b14900Aa6aDc02b863aCFb70108377F4268-1773648220647
2026-05-30 06:28:12,day,tech,69,0xc7d02944a76b9f83b199e9090ecc92c82d241f8a,64.76493891679308,36.298633,0xc7D02944A76B9F83B199e9090ECC92C82d241F8a-1776944395495
2026-05-30 06:28:12,day,tech,70,0x07d4245464dc4fa05d0b3f084d82482462dc8991,63.395890118263196,1384.501,Wojtek
2026-05-30 06:28:12,day,tech,71,0x6aadd768be92870421b17a1e5d7069beff559cb9,62.74752072000004,0.0,internship-researcher
2026-05-30 06:28:12,day,tech,72,0xb1bf8085299bc75d472a177d76493c4ac3a5f74b,61.5,0.0,eth20000000
2026-05-30 06:28:12,day,tech,73,0xe1b361d6a6f237b9ed7534d19b232df8369e1426,59.967720000000554,0.0,tja
2026-05-30 06:28:12,day,tech,74,0xd6222e6e84a12099dd0fe604e27764750aaddee0,58.51493281499995,0.0,8auk6WK
2026-05-30 06:28:12,day,tech,75,0x8794fcd5e59392994b2160517fc8ccf9c9b6fa1b,57.372971199999995,0.0,0x8794fcD5e59392994B2160517fC8Ccf9C9B6fA1B-1778803013336
2026-05-30 06:28:12,day,tech,76,0x479e5b18c07f28e109ffbbd857eb97ead3a22f6d,57.179359999999974,0.0,0x479e5B18C07f28e109fFBBd857Eb97EAD3A22F6D-1776470647329
2026-05-30 06:28:12,day,tech,77,0xad128860261aa3b09e29aed57b23d58c04e8b115,56.940980000000025,0.0,0xAD128860261aA3B09E29aed57B23D58c04e8B115-1770237115503
2026-05-30 06:28:12,day,tech,78,0x67482380b9d3266dcfee87abb8ae006c7cce151b,56.89801838550102,0.0,daddypapi
2026-05-30 06:28:12,day,tech,79,0x0729a91138dba9addc310d39f57aad555371c50e,55.999288800000016,0.0,0x0729A91138dbA9addc310D39F57aAd555371C50
2026-05-30 06:28:12,day,tech,80,0x747837d9e1763345ab994e8652c8d0ba59bb4003,54.69050927100011,0.0,xcaiox
2026-05-30 06:28:12,day,tech,81,0xfdfca60e7aebfc50dfdc40c27987970aa9c1288c,52.87614438500023,0.0,Polyticks
2026-05-30 06:28:12,day,tech,82,0x4aa2661df2285ad3e17f4267c3469785d7ef3170,52.219524999999976,0.0,fearthereaper7
2026-05-30 06:28:12,day,tech,83,0xef262b8829cd9598d2c756c3e290485556bf4f27,51.97052615999999,0.0,truechad
2026-05-30 06:28:12,day,tech,84,0x5235578efe24555b0c98e7dc10a902b09089c04a,51.965149999999994,0.0,back-in-whack
2026-05-30 06:28:12,day,tech,85,0x93dd60777de748b4041638b4370e0342a2f36954,50.41971422999984,0.0,koiko
2026-05-30 06:28:12,day,tech,86,0x7207afc03a8c134f831ba13e12c790b46a0fe423,50.25495241500039,0.0,ilovetradingsomuch
2026-05-30 06:28:12,day,tech,87,0xd8d18a1582775c0dc0c23a112eca9a59b1057de6,48.876100000000406,0.0,mitsusan
2026-05-30 06:28:12,day,tech,88,0xb779436770333f8d584dd8a61fba3910c324ab22,48.61028806499996,572.9067319999999,Awestin.eth
2026-05-30 06:28:12,day,tech,89,0xd0f86659dc92dc80302ace04fbf4e93d74696b50,47.99997627000005,0.0,0xd0F86659dc92DC80302aCE04fbf4E93d74696b50-1757755172744
2026-05-30 06:28:12,day,tech,90,0x4a2be7a7e6e3b41dc2de00706b4c09660ca9af20,47.70010341650004,3107.29581,troim
2026-05-30 06:28:12,day,tech,91,0xb10bf118b2a3c1cff0379a4134a82eb6d51e0b04,46.991399999999885,0.0,0xB10bf118b2A3c1cfF0379a4134A82Eb6d51e0b04-1767216280668
2026-05-30 06:28:12,day,tech,92,0x4fecf6ca71317bfe80ab3fb4dbdc8b41e627135d,46.63094120534504,645.6183,mahdi72
2026-05-30 06:28:12,day,tech,93,0x5edc7bba7516cd28dc886ad576ba197bb114bbad,46.22182804625817,240.0,Tee1000
2026-05-30 06:28:12,day,tech,94,0x23b94ddda543d546e4e77fffb340a74852746447,46.125,0.0,zootv
2026-05-30 06:28:12,day,tech,95,0x28ca4e9a04531f2eac0c2770f95db4e1c6a65d19,45.08289749749986,0.0,DuneMentat
2026-05-30 06:28:12,day,tech,96,0x562bc8068347268d9a69b8dd464d00eed0f9dc09,44.70201587440806,388.291109,SweetChariot
2026-05-30 06:28:12,day,tech,97,0x6188e6cbf222e89eee7a673e305ee249f26115c0,43.35907368750003,0.0,mihyu
2026-05-30 06:28:12,day,tech,98,0x300c5e1ec9e4d6e8bd9617f0a44508170c5b6a92,42.180779999999984,200.0,wendywu1
2026-05-30 06:28:12,day,tech,99,0x6ffdf781b9fabc368137c1d835644f12b9a6a637,42.010482800000005,0.0,ng6000
2026-05-30 06:28:12,day,tech,100,0xe57f0995558a365974148e142e406eef1772795e,41.866469155000004,0.0,poppybroker
