timestamp,timeframe,category,rank,address,pnl,volume,userName
2026-08-03 06:30:50,day,overall,1,0x6d20c35f65d9899b6d6b74f8466e824580f9a165,342506.06882908964,13701.910115000002,Djdjdjekekek
2026-08-03 06:30:50,day,overall,2,0x1b20a00709dfe648afd26b326394b5e031f83ab0,181362.5270692407,0.0,0x1b20a00709DfE648AFd26b326394b5e031f83ab0-1785189457930
2026-08-03 06:30:50,day,overall,3,0x3dfb153c197d4c19d3b31c1ecd2c7b6860eeabaf,52628.71788007612,233746.27459500002,0x3DFb153c197D4C19D3B31c1ecD2c7B6860eeabAf-1722957908185
2026-08-03 06:30:50,day,overall,4,0xb0c85813a7a4428f1139ff91d3118a92c391fe7f,41731.31021086088,95741.451402,-...Derrick.rose-
2026-08-03 06:30:50,day,overall,5,0xc65ca4755436f82d8eb461e65781584b8cadea39,27789.148126579123,70000.0,greyoctober
2026-08-03 06:30:50,day,overall,6,0x03805a13a0b3e058f55f6c6af95389d4f431073d,24780.55276849009,44398.534789,donthackme
2026-08-03 06:30:50,day,overall,7,0x204f72f35326db932158cba6adff0b9a1da95e14,21421.126378323883,395172.1914570001,swisstony
2026-08-03 06:30:50,day,overall,8,0x93fb8127a1b21a112b11af936361225df0563e4a,20770.61617877143,3201.519178,LlamaLoco0000
2026-08-03 06:30:50,day,overall,9,0x2005d16a84ceefa912d4e380cd32e7ff827875ea,20030.754762661294,424880.4485619999,RN1
2026-08-03 06:30:50,day,overall,10,0xd23f8c8aab13cfb2a35da40b67f8471faf9894a1,20023.424497278244,72945.61082200002,Corlys
2026-08-03 06:30:50,day,overall,11,0x517fb680c99c7d1e619f9073681e20a68265933f,16990.10495826925,42445.917231,pleasedontstopthemusic
2026-08-03 06:30:50,day,overall,12,0xdd882a70680633a75516f6ed5fce443e2d96dadb,16167.924315366574,54278.91899,MeiGuNiuBi
2026-08-03 06:30:50,day,overall,13,0x0346afae2603313d2bbee96b628536c8cbe352a5,13706.315947254421,290609.651485,GoalLineGhost
2026-08-03 06:30:50,day,overall,14,0xeafc018ccbca46db203ba57c3e798ce0e84fe4c4,13334.571460893756,57864.533933,coltsmildx
2026-08-03 06:30:50,day,overall,15,0x4f29e103339919c4baaea2a60195cf1c8bb27a7e,13078.73339670993,30563.009297000004,0x4f2
2026-08-03 06:30:50,day,overall,16,0xdbdd45150249e229eb4ca8aa48a30dca21faa5de,12540.638415812457,32900.63262900001,0xdbdd45150249e229eB4cA8aa48A30Dca21Faa5de-1757094771846
2026-08-03 06:30:50,day,overall,17,0x9c3ce009c9b039956665cecc4cd14de862b5e8c9,10254.410259314991,604.435293,0x0x23kjookhaiuohduoayh8c9
2026-08-03 06:30:50,day,overall,18,0x4b4071d1456249cd8d7272d533a3efe191aa2f6a,9701.087258793985,0.0,SebastianAde1996
2026-08-03 06:30:50,day,overall,19,0x6ae91ab1abd010bef9301499f3c65cb40f7cfef2,9605.336377855558,21680.561652,RLXDJ19701601
2026-08-03 06:30:50,day,overall,20,0xa1f39b9b21a7bfb0f540cf106b92e240c7b7d99c,9218.51719170995,4542.641194,facai86868
2026-08-03 06:30:50,day,overall,21,0x44c58184f89a5c2f699dc8943009cb3d75a08d45,9124.181039310175,96506.837004,JhonAlexanderHinestroza
2026-08-03 06:30:50,day,overall,22,0xe6bff499390d0988f81967d095925b44aad38380,8852.645000219978,0.0,CHACHA125655
2026-08-03 06:30:50,day,overall,23,0xfbd8c9c22ca76b3662d0e53a4f79719fdc684027,8834.480293186329,24276.594337,0xfBd8C9C22cA76B3662d0e53A4f79719FDC684027-1779347618060
2026-08-03 06:30:50,day,overall,24,0x1aa20e9c2b2a3963dabb3bf8b36b39abbe2030cc,8731.914892183508,0.0,qinlaoban
2026-08-03 06:30:50,day,overall,25,0xfa8fc6a3e706bc4aa7556d060564c154322ad61b,8504.394056974521,0.0,singaporesling
2026-08-03 06:30:50,day,overall,26,0xbca08c1bc204a34f2fddbe47b438b9bd42ac9705,8217.743125441708,37049.817566000005,1winstreak1
2026-08-03 06:30:50,day,overall,27,0xd48a81db62f742c4e42d86dfc23a7ee345366e90,7981.145027093699,0.0,ComingBack
2026-08-03 06:30:50,day,overall,28,0xccf128f31a3af399c40dd9854c83b60101dd25a0,7905.813159635887,22295.39,reakt2026
2026-08-03 06:30:50,day,overall,29,0x9e3ed7b661a903fc97afcf49e0f014ebe869f882,7888.405409657073,115014.742948,0x9e3ed7b661a903fc97afcf49e0f014ebe869f882-1783406009396
2026-08-03 06:30:50,day,overall,30,0x28bf066c6cb952da62d6d182c16ad173ada64a4e,7275.769977411846,19164.843929,plainfolder
2026-08-03 06:30:50,day,overall,31,0x06dc51826bc524d9a83770e7de9dd7e005b04524,7191.90934863314,172758.31169200002,0x06dc51826bc524d9a83770e7de9dd7e005b0452
2026-08-03 06:30:50,day,overall,32,0x3b62c64ebaee15478e8b21765b9f940458655cc8,7140.744765000025,25000.0,rollobravado
2026-08-03 06:30:50,day,overall,33,0x1086a06b43fe0d2d01c343ec0087eea94c2c330a,7094.183491999975,53370.36161199999,zzongzl
2026-08-03 06:30:50,day,overall,34,0xc72d7dcdb23597d143a83536fb97b1d7db7efc21,7025.895199974824,17306.155,HongYunX
2026-08-03 06:30:50,day,overall,35,0x1a6692c85ec7ab4503ae10bd8a30da8e0ca4ae5e,6775.379999999933,0.0,fenglin5945
2026-08-03 06:30:50,day,overall,36,0xe16d3f2a5807999b358affd9445c3a09e45e5e30,6629.9887684087735,19003.902534,0xE16D3F2A5807999b358aFfD9445C3a09E45E5e30-1776429210592
2026-08-03 06:30:50,day,overall,37,0x5a218c7ad04135830a45c41aaed7294df7809318,6546.146838905314,45041.483396,balthazar
2026-08-03 06:30:50,day,overall,38,0x6139c42e48cf190e67a0a85d492413b499336b7a,5752.970923239363,31384.161711,RememberAmalek
2026-08-03 06:30:50,day,overall,39,0xa3fec54e1310fb6a05191420c9d44df4087caac5,5709.62,0.0,tian888
2026-08-03 06:30:50,day,overall,40,0x3cd63e65f3df4aaf8ebe9de56fe5f8f633b218e4,5358.050717655991,0.0,HerbertAppreciator
2026-08-03 06:30:50,day,overall,41,0xf3ce7f04dde4f8c5aed19a20e5ecd8520e5ca57a,5249.224779059994,18397.739999999998,
2026-08-03 06:30:50,day,overall,42,0xc5187cb669690150643ba2f9aac6b7d98d212594,5197.259160914636,12713.909695000002,mustbethewater
2026-08-03 06:30:50,day,overall,43,0x7e5e420a5cde8a322f3b5b93a12a164827f47315,5088.830143312898,467.52136499999995,StasPanda
2026-08-03 06:30:50,day,overall,44,0xc3c3b3ef304ddbea39fa2246e683a71da5d0eec8,4955.6154108181,0.0,comon119
2026-08-03 06:30:50,day,overall,45,0x91667e40b80c447050904b042f3b85d22fc6b479,4930.606459132767,15884.735,BerryEnjoyer
2026-08-03 06:30:50,day,overall,46,0x614dc8d3542c12103d2c6a3553fd761e391d1546,4877.2957612570735,0.0,mr.ozi
2026-08-03 06:30:50,day,overall,47,0xb1ca909e848cc24ec4e220ce1c453bc290c51705,4770.894380755292,55695.569536,R79dgahr
2026-08-03 06:30:50,day,overall,48,0x4b1db2741699fee93d2fd63eec0a6778a39f76a0,4573.051147150979,20464.31,roll47
2026-08-03 06:30:50,day,overall,49,0xcf609d3256f0f37f0595e5dc64012fa3a8fea6f5,4519.586798000033,5999.996249999999,0xcF609D3256f0f37f0595E5Dc64012Fa3a8fEa6f5-1771809916847
2026-08-03 06:30:50,day,overall,50,0xd5b510cca6682d4ab23afadf4694a2febadb3364,4470.320576480288,49971.84624,ofgoodfgdohojdf
2026-08-03 06:30:50,day,overall,51,0x090af6fd2aeb04202abc97370aa86c1b81d90fa6,4446.493724528309,13682.743003000001,VictorLudorum
2026-08-03 06:30:50,day,overall,52,0x851b1719f70a23f081427a5ded1e534de699961e,4362.119375686074,33214.120178000005,Ramdan
2026-08-03 06:30:50,day,overall,53,0x602785cdf56a03221130d3d42a577ac6cf444320,4358.120871429826,424.571738,lpcapital1
2026-08-03 06:30:50,day,overall,54,0xf8f3cc7e42da6a28dd2e128317b9c7ba78137e0b,4148.958028498748,36999.797669,yishengpingan
2026-08-03 06:30:50,day,overall,55,0xbaa2bcb5439e985ce4ccf815b4700027d1b92c73,4068.5131143831095,44488.50412599999,denizz
2026-08-03 06:30:50,day,overall,56,0x27f738fe203827445690339104aae35b20bc44b0,4005.232666999742,575.0,ic4cream
2026-08-03 06:30:50,day,overall,57,0x0178034c3b9df6d926e3e713046b08567ab73f7a,3828.374043914824,2030.0,Ehpair
2026-08-03 06:30:50,day,overall,58,0xb55fa1296e6ec55d0ce53d93b9237389f11764d4,3816.729443347431,58414.759319,0xb55fa1296E6ec55D0cE53d93B9237389f11764d4-1777575277609
2026-08-03 06:30:50,day,overall,59,0xeb68675c06e0bb9f08ba510550912d77289ce362,3795.8083244825098,3654.620749,0xeB68675C06E0bB9F08ba510550912d77289Ce362-1778811892036
2026-08-03 06:30:50,day,overall,60,0x161a7f666ca49d592848cf415b42f49a84714103,3599.1135378075915,9471.321308,torta.tech
2026-08-03 06:30:50,day,overall,61,0x6157d529ae129fe08f22a27ed42e741d2eaa9fb4,3594.7907534714905,0.0,DaBossHogg
2026-08-03 06:30:50,day,overall,62,0xe899b5ea69afb161da7a35597b6fe70398860899,3594.4194474049145,20994.62,SlavaUkraini
2026-08-03 06:30:50,day,overall,63,0xa3844ad8ea22bba23dc8b9e577710915c0e83c9f,3488.1295783332444,14376.848329,0xA3844aD8Ea22Bba23DC8b9E577710915c0e83c9f-1782485282625
2026-08-03 06:30:50,day,overall,64,0x9fad8308ef6b6ed5320e53a290a3bd4ad91f5a9f,3479.9850312899434,0.0,Dingwin
2026-08-03 06:30:50,day,overall,65,0x21af26a0436f379e66c12c6089e5c2c1e1cef272,3474.3873062281564,48528.945185,De-Damodar-Daar-Ma-Paani
2026-08-03 06:30:50,day,overall,66,0x30c16e063c3be66d93acf14c06e2741e348f9f91,3472.8041000706535,6007.910903999999,Ditto321
2026-08-03 06:30:50,day,overall,67,0xdc41c39b95453c943174f369926018f6963bdd7e,3303.424350453122,56635.601006,quavoo
2026-08-03 06:30:50,day,overall,68,0x011f2d377e56119fb09196dffb0948ae55711122,3184.5924675515366,10407.871837,11122
2026-08-03 06:30:50,day,overall,69,0xe156c859fc8a3aace3f2f981459d8f989eea134b,3133.9335065869745,19720.957467,0xE156c859FC8A3AAce3F2F981459d8F989EeA134B-1760249318007
2026-08-03 06:30:50,day,overall,70,0xfbe66593e49c4e7a7180a2582f041158bfb800f8,3051.946227489985,0.0,gaven-willwin
2026-08-03 06:30:50,day,overall,71,0x6304679c4bee05e560ebb637758a617086d4e570,3023.238034599999,0.0,TheVeteran77
2026-08-03 06:30:50,day,overall,72,0x9d84ce0306f8551e02efef1680475fc0f1dc1344,3003.4790827549277,6019.368151,ImJustKen
2026-08-03 06:30:50,day,overall,73,0x84cfffc3f16dcc353094de30d4a45226eccd2f63,2994.4441140756862,4881.5599999999995,mooseborzoi
2026-08-03 06:30:50,day,overall,74,0xc6e956068048c1cf98d8f0b3a495edc9da130741,2989.365637707684,25912.743327999997,luck00004
2026-08-03 06:30:50,day,overall,75,0x4c104e61febf3944fcfc05ee94551b815ffdb6a4,2923.504732331281,9257.851427,Heaterrr
2026-08-03 06:30:50,day,overall,76,0xd84c2713e2b58beb1d9dc4421aabd778573ee0a5,2863.162802429495,6500.3128480000005,ZCu007
2026-08-03 06:30:50,day,overall,77,0xa804390f80019699ab34a282c0df7528fba82a75,2810.1741963260647,3404.81,riverskew
2026-08-03 06:30:50,day,overall,78,0x99518fa0d201e7542ea2b852809da5a5c8d811bd,2809.716240614268,11016.857607000002,imnice
2026-08-03 06:30:50,day,overall,79,0xeebde7a0e019a63e6b476eb425505b7b3e6eba30,2781.9819518604572,215263.10822700002,Bonereaper
2026-08-03 06:30:50,day,overall,80,0x257e2a380c21e5eae834a94f49d88a83f47cca61,2730.450112690024,5140.18804,
2026-08-03 06:30:50,day,overall,81,0x942e79166821f3f4e67872e44f1672fcccd2be27,2695.5410440877154,6235.419596,smallreceipt
2026-08-03 06:30:50,day,overall,82,0x0c99d9f172fc4c25fd2aa92f9fc272da5f020c88,2655.364407471694,9688.627491000001,DCAAA
2026-08-03 06:30:50,day,overall,83,0xc0df1962fe833018dca318301b3344a43a965974,2642.1199799905,13309.392552,0xC0Df1962FE833018dcA318301b3344A43A965974-1769556877728
2026-08-03 06:30:50,day,overall,84,0x3f0c31c1eeb2c595bf4bb5ec05ef262e60355292,2629.8097742688533,27579.852868,beracha7
2026-08-03 06:30:50,day,overall,85,0x0e50849ef225489b1879e3418e5b7633355a2609,2629.7921496078147,4798.580341,Meowtchi
2026-08-03 06:30:50,day,overall,86,0x09e27c2cbcd98c7e821ef66b309506701dcf29de,2625.3725804999985,4999.5,ronaldk
2026-08-03 06:30:50,day,overall,87,0x5c07ef274ec004bfdd011b4041f1cfc428b4be1a,2615.048936,18045.074264,ZhengYing9999
2026-08-03 06:30:50,day,overall,88,0xe734e7bf7cfb9e464681f71822f6c2f6be514f0c,2605.322884902735,104770.48918599999,boyau
2026-08-03 06:30:50,day,overall,89,0x86de0516011e2ad7ce3abdc13577de8608db55c3,2584.393764990935,23870.98375,zhangfan151
2026-08-03 06:30:50,day,overall,90,0xe5241830e8876c115d7dc8311ad9f43d85fdd34f,2566.1024898481555,799.870732,GamblingOdyssey
2026-08-03 06:30:50,day,overall,91,0x565ca59275f81991bd9877d7fa8404c5ecf6519e,2560.67048000003,4912.312249999999,IamFKINGbankrupt
2026-08-03 06:30:50,day,overall,92,0xc9e3208526a3554342652c26bec1ba2c230993f2,2512.383798114505,8122.8791949999995,helloeveryone
2026-08-03 06:30:50,day,overall,93,0xeb490d0534bb68b4c2ce139b219a728cd2c3693e,2502.2519152650057,0.0,78979879879879
2026-08-03 06:30:50,day,overall,94,0x29b52d98ac9ef9414b04164246c95bc63d74cc6c,2501.2962058106496,44299.20359600001,0x29b52d98ac9ef9414b04164246c95BC63d7
2026-08-03 06:30:50,day,overall,95,0x629da223adfc9957329e02de95ae3d263f92756c,2479.5934225382152,37290.58067299999,jackinv1lvl2
2026-08-03 06:30:50,day,overall,96,0x880b1fc5d3beb01c237f0848b249fd72b48fc98b,2473.963567249215,12366.92,cruzNBA
2026-08-03 06:30:50,day,overall,97,0xf15e6859a33640d7536e5924fa49efddfdc280b5,2457.7738656119977,957.0,sherman1234
2026-08-03 06:30:50,day,overall,98,0x9b129ad05bc0a8df3c73dfcc66fe75252daec2d5,2440.152616690624,3242.081085,0x9b129aD05Bc0a8df3C73DfCC66fE75252DaEC2D5-1778811687225
2026-08-03 06:30:50,day,overall,99,0x0ec857f5a1cb0844bfec59a9735e66aa1e3b1d07,2436.7053756766336,27081.010607000004,PaperPrinter
2026-08-03 06:30:50,day,overall,100,0xfd691577dc6a9d21e9611b93ef9177d36738a2e1,2430.2516405351435,3043.0,petanimal
2026-08-03 06:30:50,day,politics,1,0x3cd63e65f3df4aaf8ebe9de56fe5f8f633b218e4,5358.050717655991,0.0,HerbertAppreciator
2026-08-03 06:30:50,day,politics,2,0x614dc8d3542c12103d2c6a3553fd761e391d1546,5084.146739407559,0.0,mr.ozi
2026-08-03 06:30:50,day,politics,3,0xbaa2bcb5439e985ce4ccf815b4700027d1b92c73,4643.307991153095,44488.50412599999,denizz
2026-08-03 06:30:50,day,politics,4,0xfbd8c9c22ca76b3662d0e53a4f79719fdc684027,4053.800096475359,2434.0,0xfBd8C9C22cA76B3662d0e53A4f79719FDC684027-1779347618060
2026-08-03 06:30:50,day,politics,5,0xe899b5ea69afb161da7a35597b6fe70398860899,3594.4194474049145,20994.62,SlavaUkraini
2026-08-03 06:30:50,day,politics,6,0x011f2d377e56119fb09196dffb0948ae55711122,2578.9621717064583,6329.871837000001,11122
2026-08-03 06:30:50,day,politics,7,0xd23f8c8aab13cfb2a35da40b67f8471faf9894a1,2493.280551166099,3379.9600000000005,Corlys
2026-08-03 06:30:50,day,politics,8,0xfd691577dc6a9d21e9611b93ef9177d36738a2e1,2430.251640534494,3043.0,petanimal
2026-08-03 06:30:50,day,politics,9,0x9b129ad05bc0a8df3c73dfcc66fe75252daec2d5,2403.946235215495,214.11,0x9b129aD05Bc0a8df3C73DfCC66fE75252DaEC2D5-1778811687225
2026-08-03 06:30:50,day,politics,10,0xc84f7e76ec28ef20e7773b7b4926bfb7378be0c5,2354.2912414625753,0.0,BrightStars
2026-08-03 06:30:50,day,politics,11,0xcc033f89eb48f85ed62b727f0745bb651578d5c0,2350.0671501135002,0.0,zhaoyk
2026-08-03 06:30:50,day,politics,12,0x62cf46cd4c3af254dccfc37a7f93de265b4b5826,2186.59373665549,0.0,eCash
2026-08-03 06:30:50,day,politics,13,0x1ecc91dbd13963efbaa305262a23164c68eb53a9,2097.923399999996,0.0,20YrsOfBoredom
2026-08-03 06:30:50,day,politics,14,0xeb490d0534bb68b4c2ce139b219a728cd2c3693e,1941.084266952501,0.0,78979879879879
2026-08-03 06:30:50,day,politics,15,0x9d84ce0306f8551e02efef1680475fc0f1dc1344,1924.2662879242562,48.61999,ImJustKen
2026-08-03 06:30:50,day,politics,16,0xecaa8806a9a05049d7d5260a33dc924220e377a9,1849.8990958304785,15824.82,Melody626
2026-08-03 06:30:50,day,politics,17,0xf0d5eb1cbe7350f1f896ade6c172e6700414c665,1646.0802965069925,0.0,yen4u
2026-08-03 06:30:50,day,politics,18,0xb10047d6a254b2ebb306d7a7d13bf59171ab6461,1644.5029229280772,39621.791098999995,Parz1vaI
2026-08-03 06:30:50,day,politics,19,0x6139c42e48cf190e67a0a85d492413b499336b7a,1615.677641369868,31384.161711,RememberAmalek
2026-08-03 06:30:50,day,politics,20,0xb4f2592e67c333e73c923547cfe05e768180e5fa,1477.9665501494892,1163.45,M2sx92kljs42
2026-08-03 06:30:50,day,politics,21,0x0c0e270cf879583d6a0142fc817e05b768d0434e,1379.9930811626837,922.863869,The Spirit of Ukraine>UMA
2026-08-03 06:30:50,day,politics,22,0x7f9e2d1df78614564a70becc7fa14aa9a6623a0e,1375.7185692021158,25900.410251999998,nojnn
2026-08-03 06:30:50,day,politics,23,0x821783d5666ce226580f4c0703af300efc169299,1323.1897232710016,0.0,baddestofthemall
2026-08-03 06:30:50,day,politics,24,0xd63c5144b66e1d29b7b21fe2cd92c26f2988d2f6,1235.002665,0.0,laganza
2026-08-03 06:30:50,day,politics,25,0xe258c02a1ed5c159f3268cf7728ba5706f8bd084,1091.1588547163078,93296.22356900001,yikaiz
2026-08-03 06:30:50,day,politics,26,0x05e26c775ecfe91b897d47f134c1bf5900ca6e12,1001.3877239174908,0.0,Llalalala
2026-08-03 06:30:50,day,politics,27,0x6fe403e59634efe75f338b7b69585ab54d9d5781,999.9999984489968,0.0,Chp420
2026-08-03 06:30:50,day,politics,28,0x2b76c1d12cd928b1d95a6d2c7f1e6f6e7f14edef,982.4323768875038,0.0,idfinsider0228
2026-08-03 06:30:50,day,politics,29,0x03805a13a0b3e058f55f6c6af95389d4f431073d,978.5214141046745,5294.4488280000005,donthackme
2026-08-03 06:30:50,day,politics,30,0x005ed998fcb786679eb8bfd0d20c15c0903d6d8e,966.9313021915004,98.28999999999999,0x005ED998fCb786679Eb8Bfd0d20c15C0903D6D8E-1778811773658
2026-08-03 06:30:50,day,politics,31,0x40cfb29411d29f4fa0908f2a121297042cccd21d,966.3175994199992,0.0,whig
2026-08-03 06:30:50,day,politics,32,0x3007ea6df4389c173a5119162be94aac6bba763a,962.0326088889378,1351.35135,marseille
2026-08-03 06:30:50,day,politics,33,0x0891c7a1fe43c18c964b7313ba754bb208da508a,961.7653556985133,4194.56,chickendilla
2026-08-03 06:30:50,day,politics,34,0xc7d02944a76b9f83b199e9090ecc92c82d241f8a,891.9271310696495,3824.66823,0xc7D02944A76B9F83B199e9090ECC92C82d241F8a-1776944395495
2026-08-03 06:30:50,day,politics,35,0x5cd5c8d7a17c78d7389d8b87b611aed83322ac33,879.1129403157029,4219.73,nonkenny90
2026-08-03 06:30:50,day,politics,36,0x6cd84a3230d0b0837c8169f64b6ece55faafd98d,875.4793294920037,0.0,Lior-Pa
2026-08-03 06:30:50,day,politics,37,0x835b9f8e830f441087babdcd1f8665f7ec4f118f,865.6826731499998,115116.09999999999,epistemic
2026-08-03 06:30:50,day,politics,38,0xdf17f4a8dd01a4cfa6fc3da323a2baee5f8697d1,857.7396273128688,2950.88,bahibahibahi
2026-08-03 06:30:50,day,politics,39,0x39fd7f7e5d025a0c442cb89a773f314f81807d31,855.8230320800005,0.0,0x39FD7f7e5d025a0C442CB89a773F314F81807D31-1763491453684
2026-08-03 06:30:50,day,politics,40,0x99518fa0d201e7542ea2b852809da5a5c8d811bd,851.0285556675017,2590.45,imnice
2026-08-03 06:30:50,day,politics,41,0x8e5c0cc55cda93d6cae14becb3b738a44dcaa68a,835.0915258754976,0.0,cocos228
2026-08-03 06:30:50,day,politics,42,0xfb5148fc7223630e0967dbfa8cd920d83ab4742d,817.2397316096176,7266.18,StudentMoney
2026-08-03 06:30:50,day,politics,43,0xe234959595e01dacd391a9502a6ad0edf4e3304a,815.7004563281371,20326.357293,0x23d81ba9371e576015c1e562db09c689f56c028
2026-08-03 06:30:50,day,politics,44,0x3c593aeb73ebdadbc9ce76d4264a6a2af4011766,800.5841457629867,0.0,eightpenguins
2026-08-03 06:30:50,day,politics,45,0xf797d4d1c038d1eb0593edae0e66bf8e4b2e0bf2,764.4585419747054,65.22738799999999,DerDon
2026-08-03 06:30:50,day,politics,46,0xf56710c938232eb3a18f4116519f02c12fa5d3ef,741.5236005905008,0.0,simpleinvestor
2026-08-03 06:30:50,day,politics,47,0x2d99e29c4f066ba32098c65e4c7454b277d94ca3,719.5750211369304,15225.612135,scout
2026-08-03 06:30:50,day,politics,48,0x1e1f17412069c0736adfaadf8ee7f46e5612c855,715.8956241369597,0.0,Brokie
2026-08-03 06:30:50,day,politics,49,0x83733b87090cf97aee473b1000beb9bfab7af0bc,700.2770890015072,2419.9478879999997,merod
2026-08-03 06:30:50,day,politics,50,0x3eae57986be5e0ca435102ffe1f14206ffa2e2ed,665.3159125752572,8024.5599999999995,thoodr
2026-08-03 06:30:50,day,politics,51,0xc03ce4d8af842ca6251ac57228b3ffb166ed50af,652.1417188808555,25770.0,NyetRisk
2026-08-03 06:30:50,day,politics,52,0x2b5920274740ca61745eeb077587bf5bb4ff9db6,640.3707782059864,1360.22,aHjCz
2026-08-03 06:30:50,day,politics,53,0x836ffd95ef3cf3c7987612279b2152b11ce6906e,636.2328330754463,28105.442543,MrNoItAll
2026-08-03 06:30:50,day,politics,54,0xa1eb17b183e4c634f251fe61c46a828d27a91c67,624.5131021569996,0.0,Mgmgigante
2026-08-03 06:30:50,day,politics,55,0x4b2995b6c8cc2cf56899ad62ee87c3f70c97716f,617.8212832680001,0.0,f2hf84hg52h5
2026-08-03 06:30:50,day,politics,56,0x90bfc858ddb497e6208a92dce15cfe9a480d3348,602.0784346890432,1463.8558819999998,pmwatcher
2026-08-03 06:30:50,day,politics,57,0x154ca10dfee317dcfb9337788db7da858cba658e,573.65182,0.0,brokenstryker6
2026-08-03 06:30:50,day,politics,58,0x2e0b70d482e6b389e81dea528be57d825dd48070,566.3344741310866,24031.724260000003,Trump2028
2026-08-03 06:30:50,day,politics,59,0x08e5270424521885592ace3ea096c1521ac66aa6,560.0012308169989,0.0,0xe84F78e32490B657Cb34E22e05884dbF60B95507-1777524018636
2026-08-03 06:30:50,day,politics,60,0x30e443872ddf63b2908a49f92cd690c304a55102,552.6135351046396,334.0,truthteller
2026-08-03 06:30:50,day,politics,61,0x6e82b93eb57b01a63027bd0c6d2f3f04934a752c,550.8780655909941,0.0,DLEK
2026-08-03 06:30:50,day,politics,62,0x0e64bde21d716711fbe59095eb0c88fae55e336d,545.4781814254993,0.0,KioskJammer
2026-08-03 06:30:50,day,politics,63,0xd77ba3d17771e8eab33e062678e3580bcaf124ab,527.9798161604995,0.0,Billy2025
2026-08-03 06:30:50,day,politics,64,0xc0df71cee3d45ebfb6d187bd31c3d7316a758dad,504.7752049999963,0.0,MSKW22222
2026-08-03 06:30:50,day,politics,65,0x9e0c8052eb230557bc5025990096cfca2525832d,502.7819668150005,0.0,PuntPP
2026-08-03 06:30:50,day,politics,66,0x2974bd0059e48f215c391882976e0f1b4c8c9c23,501.3400199635071,0.0,65765757
2026-08-03 06:30:50,day,politics,67,0x4a2be7a7e6e3b41dc2de00706b4c09660ca9af20,500.4391265490194,766.4757340000001,troim
2026-08-03 06:30:50,day,politics,68,0x819f9aa2e4da899e185762e03690415ea758f3e7,499.08335289200306,3392.3201499999996,donotthinktwice
2026-08-03 06:30:50,day,politics,69,0x5d2f66b260702f5c3404afdff4cf6dae1bb45034,498.84818118750263,0.0,
2026-08-03 06:30:50,day,politics,70,0xf475a5c11fd319ceff08d991c6256467080ee2f9,494.5737739214999,0.0,tofutoddler1
2026-08-03 06:30:50,day,politics,71,0xb1ca909e848cc24ec4e220ce1c453bc290c51705,493.50132625584956,10099.244578,R79dgahr
2026-08-03 06:30:50,day,politics,72,0x4b79e9c082e9abec83c9c0fa49e58dbfb0b547e6,473.47291006700107,0.0,Cassiopeian
2026-08-03 06:30:50,day,politics,73,0xbf961d0c79db0bf55050cadc0995835f09c09942,467.0135980355117,0.0,browne
2026-08-03 06:30:50,day,politics,74,0x88c4919de76e526d55a32c1f8afb439dd1f1129a,463.34524918114766,539.165764,QuietRiskisWrong
2026-08-03 06:30:50,day,politics,75,0xd4281e4ed3c38413e4333b960c17bc516e456368,462.6732746538546,6010.0,YuliaKyiv
2026-08-03 06:30:50,day,politics,76,0xe2d1d4e673e954af33713e43f978aeb667597072,457.60559283400016,0.0,Investoooooooor
2026-08-03 06:30:50,day,politics,77,0x134a63b764ac7b008356e8db1857db94e6b09e42,453.1229036076111,8993.62,Bertapotamous
2026-08-03 06:30:50,day,politics,78,0x090af6fd2aeb04202abc97370aa86c1b81d90fa6,450.92261577340105,2010.1894550000002,VictorLudorum
2026-08-03 06:30:50,day,politics,79,0xb886580698ede4b18de3e446b2d8da8bcedd81b3,450.4728768203581,1841.784125,0xB886580698eDE4b18DE3E446b2D8Da8bCEdd81B3-1767532547794
2026-08-03 06:30:50,day,politics,80,0xc7e53ac4a7c76d6df8b794de2e7d0794265d2d3a,447.390910997492,1309.573329,LiquidatedDegen
2026-08-03 06:30:50,day,politics,81,0x5e73afb20c2b27caccdaad9e49b97fd336576697,444.8029579209833,290.0,Newshound
2026-08-03 06:30:50,day,politics,82,0xb0c85813a7a4428f1139ff91d3118a92c391fe7f,441.943316740304,3109.293462,-...Derrick.rose-
2026-08-03 06:30:50,day,politics,83,0x68c24bf4a8ad4d79a6fe4b8eec6f93a02dfd1711,439.24600335228024,0.0,mombil
2026-08-03 06:30:50,day,politics,84,0xc97b0b2a2547bb3ed57167092ef8a6e816c347e5,438.85581392892345,17862.890000000003,Avamax
2026-08-03 06:30:50,day,politics,85,0xdfe3fedc5c7679be42c3d393e99d4b55247b73c4,435.2370261118049,0.0,cqs
2026-08-03 06:30:50,day,politics,86,0x7bbf09fc724e3ca90332e17d4f352b3cbc0f7ce5,418.0665964871441,1281.055056,pestanimal
2026-08-03 06:30:50,day,politics,87,0xd7e3da53d32768336b53bd4120be309b72438327,406.38252524999973,75.25,
2026-08-03 06:30:50,day,politics,88,0x3fd0190eb137e335db080b9855f90c86849f0022,402.972786516003,0.0,
2026-08-03 06:30:50,day,politics,89,0xa9f39e68481913a586db8c258fcc2d64ca3e62df,399.9999807739996,0.0,Maui1234
2026-08-03 06:30:50,day,politics,90,0x521bf1c6a5435219b599127d85b7afe28758db60,395.50056499999846,0.0,Hannah-Montana
2026-08-03 06:30:50,day,politics,91,0xdb976ec8f75771f7af08d13546fe3d000867eee8,390.0629111825019,5.35,G.Hchen
2026-08-03 06:30:50,day,politics,92,0xa3282d3e882501229c75d0caf134e62e3afb4977,389.8719249984133,1036.23,korda77
2026-08-03 06:30:50,day,politics,93,0x93521335308a270795daa9f073b5406938b12227,388.5047475124229,0.0,peterfromfamilyguy
2026-08-03 06:30:50,day,politics,94,0x85a85805bcbdf2e629788adac1420b6b53949281,385.4449790874969,0.0,LJa7io23MCv954j
2026-08-03 06:30:50,day,politics,95,0xe8c4d68aff65b38cac46987b9b65e01eb47d395d,384.8415228387712,587.53139,JAMJAMJAM4
2026-08-03 06:30:50,day,politics,96,0x8d85fa205607bde362a92208fb04e6d9e44c726f,379.18069033552456,765.08909,CheChe-0
2026-08-03 06:30:50,day,politics,97,0xedf01e2d7cdcd4139d757863255d5cd4ecee1e2a,376.71061503550027,0.0,deeznuts83
2026-08-03 06:30:50,day,politics,98,0x2663daca3cecf3767ca1c3b126002a8578a8ed1f,376.37140279094456,47170.82000000001,Q96s3kwozynxpau
2026-08-03 06:30:50,day,politics,99,0x41eacf5aaa4c7fc883a098635b981050715d7a3d,372.93016536899813,2971.594333,Chungvicular
2026-08-03 06:30:50,day,politics,100,0x8b4bca1d794779e66e023d44391b2a86c5ab541b,367.064407446509,0.0,0x8B4bcA1D794779E66e023D44391B2A86C5ab541B-1769764313952
2026-08-03 06:30:50,day,sports,1,0x6d20c35f65d9899b6d6b74f8466e824580f9a165,342809.8150939611,1549.142856,Djdjdjekekek
2026-08-03 06:30:50,day,sports,2,0x1b20a00709dfe648afd26b326394b5e031f83ab0,181362.5270692407,0.0,0x1b20a00709DfE648AFd26b326394b5e031f83ab0-1785189457930
2026-08-03 06:30:50,day,sports,3,0x4ab9b54427ec4b7f3646b1a0ef1bed73bc708ebe,102266.86937,0.0,RWCS
2026-08-03 06:30:50,day,sports,4,0x6c3aae17140c5e3cde62380daaa323e38575c459,100287.227136,0.0,AvrahamEisenberg - 10161
2026-08-03 06:30:50,day,sports,5,0xa8cf2ed8751f4e58ad039e1b68a8b58b4395031f,85547.41699299996,0.0,
2026-08-03 06:30:50,day,sports,6,0x3dfb153c197d4c19d3b31c1ecd2c7b6860eeabaf,52628.71788007612,233746.27459500002,0x3DFb153c197D4C19D3B31c1ecD2c7B6860eeabAf-1722957908185
2026-08-03 06:30:50,day,sports,7,0x3d8a89a20aa73fba0f30d080e8120de9f9555724,50766.935668000006,0.0,Poyo
2026-08-03 06:30:50,day,sports,8,0x0d18e30e252008d83f51dae00d36873ddd9e24a6,29726.538637000078,0.0,MonsieurDimanche
2026-08-03 06:30:50,day,sports,9,0x0f35109cc3ceaf729609c3109310791bd616c84a,27254.641564000005,0.0,
2026-08-03 06:30:50,day,sports,10,0x782186952ef2ca75ea91c95aef25bbdcffb4bb1a,23607.800415098933,0.0,thif - 33063
2026-08-03 06:30:50,day,sports,11,0x204f72f35326db932158cba6adff0b9a1da95e14,21421.126378361136,395172.191457,swisstony
2026-08-03 06:30:50,day,sports,12,0x2005d16a84ceefa912d4e380cd32e7ff827875ea,20141.933197464794,424880.4485619999,RN1
2026-08-03 06:30:50,day,sports,13,0x95b198f900d19a80d3d7e47b7b17708af254f9ac,18124.591877,0.0,thepicklebomber - 3805
2026-08-03 06:30:50,day,sports,14,0x7fb23b0d330ea4ac4f3cecce1eb81fb0bfb3ed4b,14768.168524999995,0.0,
2026-08-03 06:30:50,day,sports,15,0x4f70929ba287ac85dc2431c85382ccd9e6b0d185,14234.245540373951,0.0,Lance Uppercut
2026-08-03 06:30:50,day,sports,16,0x0346afae2603313d2bbee96b628536c8cbe352a5,13706.31594725512,290609.651485,GoalLineGhost
2026-08-03 06:30:50,day,sports,17,0xeafc018ccbca46db203ba57c3e798ce0e84fe4c4,13334.571460893756,57864.533933,coltsmildx
2026-08-03 06:30:50,day,sports,18,0x15ae79d7cd60b2a7f06ae46eb4c7a0eb16096ffd,13228.384829999999,0.0,humiliating piglet
2026-08-03 06:30:50,day,sports,19,0x4f29e103339919c4baaea2a60195cf1c8bb27a7e,13078.733396709926,30563.009297000004,0x4f2
2026-08-03 06:30:50,day,sports,20,0xdbdd45150249e229eb4ca8aa48a30dca21faa5de,12374.331808321644,31280.312629000004,0xdbdd45150249e229eB4cA8aa48A30Dca21Faa5de-1757094771846
2026-08-03 06:30:50,day,sports,21,0x903221b1098263779ae19486028c844e8c338717,11412.823804000014,0.0,0x903221b1
2026-08-03 06:30:50,day,sports,22,0x9c3ce009c9b039956665cecc4cd14de862b5e8c9,10254.410259314991,604.435293,0x0x23kjookhaiuohduoayh8c9
2026-08-03 06:30:50,day,sports,23,0x322f041810cee536293dcb4c99fc23b3a766940a,10043.226767999999,0.0,Sports
2026-08-03 06:30:50,day,sports,24,0x4b4071d1456249cd8d7272d533a3efe191aa2f6a,9701.087258793974,0.0,SebastianAde1996
2026-08-03 06:30:50,day,sports,25,0x9e3ed7b661a903fc97afcf49e0f014ebe869f882,9648.713964517316,43078.974354,0x9e3ed7b661a903fc97afcf49e0f014ebe869f882-1783406009396
2026-08-03 06:30:50,day,sports,26,0x6ae91ab1abd010bef9301499f3c65cb40f7cfef2,9605.336377855558,21680.561652,RLXDJ19701601
2026-08-03 06:30:50,day,sports,27,0xe0eeb30d92eb2a995fc82b4e58def02c53e6fa3f,9426.288296831113,0.0,predictor - 3335
2026-08-03 06:30:50,day,sports,28,0xa1f39b9b21a7bfb0f540cf106b92e240c7b7d99c,9218.51719170995,4542.641194,facai86868
2026-08-03 06:30:50,day,sports,29,0x44c58184f89a5c2f699dc8943009cb3d75a08d45,9124.181039310177,96506.837004,JhonAlexanderHinestroza
2026-08-03 06:30:50,day,sports,30,0x84898b583d56054b502c6564f3edfad43b54e211,8927.851561376445,0.0,JustLearning
2026-08-03 06:30:50,day,sports,31,0xe6bff499390d0988f81967d095925b44aad38380,8852.645000219978,0.0,CHACHA125655
2026-08-03 06:30:50,day,sports,32,0x1aa20e9c2b2a3963dabb3bf8b36b39abbe2030cc,8731.914892183508,0.0,qinlaoban
2026-08-03 06:30:50,day,sports,33,0xfefaf44054fb92d87882f2bd24bddbd163487bed,8476.656116999999,0.0,vivaFujimori - 33031
2026-08-03 06:30:50,day,sports,34,0xae95a2fd8df6b5e621d583157d47412a6b066579,8274.744259,0.0,draintheswamp!
2026-08-03 06:30:50,day,sports,35,0xbca08c1bc204a34f2fddbe47b438b9bd42ac9705,8212.599386804737,36314.565301,1winstreak1
2026-08-03 06:30:50,day,sports,36,0x09fb8ab5f70b2140511c366451e0f02c3c10d01c,7974.457056,0.0,mkiaz - 1025
2026-08-03 06:30:50,day,sports,37,0xd48a81db62f742c4e42d86dfc23a7ee345366e90,7942.608211163722,0.0,ComingBack
2026-08-03 06:30:50,day,sports,38,0xccf128f31a3af399c40dd9854c83b60101dd25a0,7905.813159635887,22295.39,reakt2026
2026-08-03 06:30:50,day,sports,39,0x1f682adb9a5cf101bcf53a7cd00bc2c594f7c9b3,7677.93231,0.0,0x3177d25a95524e6d98843c78cd604b67fb1b92b9
2026-08-03 06:30:50,day,sports,40,0x7668efbca0df8195ba199d3e19cb768e8b3779ec,7415.563737000004,0.0,
2026-08-03 06:30:50,day,sports,41,0x3b62c64ebaee15478e8b21765b9f940458655cc8,7140.744765000025,25000.0,rollobravado
2026-08-03 06:30:50,day,sports,42,0xc72d7dcdb23597d143a83536fb97b1d7db7efc21,7025.895199974766,17306.155,HongYunX
2026-08-03 06:30:50,day,sports,43,0x1a6692c85ec7ab4503ae10bd8a30da8e0ca4ae5e,6775.379999999932,0.0,fenglin5945
2026-08-03 06:30:50,day,sports,44,0x0393b7a4c1e4a72564bf8287c7d1471ac9a61130,6550.193144999999,0.0,
2026-08-03 06:30:50,day,sports,45,0x7430669ff298f8dc78e3339448d4994e812d111f,6530.533578999999,0.0,zwe2edS1ms
2026-08-03 06:30:50,day,sports,46,0xb254cd171eb8d5b4b60703f99fd13474504bb70a,6116.458664,0.0,maga - 97
2026-08-03 06:30:50,day,sports,47,0x0af5f7ff9e6b4957e26d064b3218c38c59c87e3f,5982.980714,0.0,brian - 23314
2026-08-03 06:30:50,day,sports,48,0xf1302aafc43aa3a69bcd8058fc7a0259dac246ab,5774.4153815031705,0.0,TraderRed
2026-08-03 06:30:50,day,sports,49,0xa3fec54e1310fb6a05191420c9d44df4087caac5,5709.62,0.0,tian888
2026-08-03 06:30:50,day,sports,50,0xfcbe281f11f195423fdf458582e1215790b7aa8b,5171.851393012967,0.0,igot
2026-08-03 06:30:50,day,sports,51,0x9950ee8a9cf72226eb1f6f02b086c17198074f87,5064.889840753716,0.0,inanity - 38305
2026-08-03 06:30:50,day,sports,52,0x88186ddbea78ab3d65b7d08f0658b9c22037f265,4999.839805000004,0.0,
2026-08-03 06:30:50,day,sports,53,0xc3c3b3ef304ddbea39fa2246e683a71da5d0eec8,4954.999999998137,0.0,comon119
2026-08-03 06:30:50,day,sports,54,0xef1d0c6244e7a8c9640b08758a8425b5d2a5bdcb,4744.460834,0.0,
2026-08-03 06:30:50,day,sports,55,0xd5b510cca6682d4ab23afadf4694a2febadb3364,4470.7205604802875,49971.84624,ofgoodfgdohojdf
2026-08-03 06:30:50,day,sports,56,0x64310c79be3502dd17e88d9ca7df781700a66f1f,4403.783522999997,0.0,Sergeantx - 410
2026-08-03 06:30:50,day,sports,57,0x851b1719f70a23f081427a5ded1e534de699961e,4362.119375686074,33214.120178000005,Ramdan
2026-08-03 06:30:50,day,sports,58,0x602785cdf56a03221130d3d42a577ac6cf444320,4358.120871429826,424.571738,lpcapital1
2026-08-03 06:30:50,day,sports,59,0xf8f3cc7e42da6a28dd2e128317b9c7ba78137e0b,4148.9580284987505,36999.797669,yishengpingan
2026-08-03 06:30:50,day,sports,60,0x27f738fe203827445690339104aae35b20bc44b0,4005.232666999742,575.0,ic4cream
2026-08-03 06:30:50,day,sports,61,0x730ae359e9441f836022f7ec14b941fdc942a0fe,3882.4374039999993,0.0,rippopsmoke - 56
2026-08-03 06:30:50,day,sports,62,0x7789806c754eb0af4c3abeb026c218b4ba78f823,3870.924806999974,0.0,VibesGreaterRules
2026-08-03 06:30:50,day,sports,63,0x63f8eb9f5f902f6637f75f10fc185e77b0f660ac,3859.364997,0.0,hmm ok
2026-08-03 06:30:50,day,sports,64,0x0178034c3b9df6d926e3e713046b08567ab73f7a,3828.3740439148387,2030.0,Ehpair
2026-08-03 06:30:50,day,sports,65,0xd218e474776403a330142299f7796e8ba32eb5c9,3807.8467716278246,49174.92868900001,cigarettes
2026-08-03 06:30:50,day,sports,66,0x30c16e063c3be66d93acf14c06e2741e348f9f91,3689.747715220292,4801.449310999999,Ditto321
2026-08-03 06:30:50,day,sports,67,0x161a7f666ca49d592848cf415b42f49a84714103,3600.1135336439183,9471.321308,torta.tech
2026-08-03 06:30:50,day,sports,68,0x6157d529ae129fe08f22a27ed42e741d2eaa9fb4,3594.7907534714905,0.0,DaBossHogg
2026-08-03 06:30:50,day,sports,69,0xa3844ad8ea22bba23dc8b9e577710915c0e83c9f,3488.1295783332444,14376.848329,0xA3844aD8Ea22Bba23DC8b9E577710915c0e83c9f-1782485282625
2026-08-03 06:30:50,day,sports,70,0x9fad8308ef6b6ed5320e53a290a3bd4ad91f5a9f,3479.9850312899507,0.0,Dingwin
2026-08-03 06:30:50,day,sports,71,0x21af26a0436f379e66c12c6089e5c2c1e1cef272,3474.3873062281564,48528.945185,De-Damodar-Daar-Ma-Paani
2026-08-03 06:30:50,day,sports,72,0xb5fc4d5388952dc7a798fe784fe659f9a20e5ca4,3468.8486149998826,0.0,
2026-08-03 06:30:50,day,sports,73,0xdc41c39b95453c943174f369926018f6963bdd7e,3220.9167865091003,40475.252065,quavoo
2026-08-03 06:30:50,day,sports,74,0xe156c859fc8a3aace3f2f981459d8f989eea134b,3133.9335065869745,19720.957467,0xE156c859FC8A3AAce3F2F981459d8F989EeA134B-1760249318007
2026-08-03 06:30:50,day,sports,75,0x8b5a7da2fdf239b51b9c68a2a1a35bb156d200f2,3044.8101619998924,0.0,Joe-Biden
2026-08-03 06:30:50,day,sports,76,0x84cfffc3f16dcc353094de30d4a45226eccd2f63,2994.444113456644,4881.5599999999995,mooseborzoi
2026-08-03 06:30:50,day,sports,77,0x687349b551df31c4a330bbaf1519458cb521d9e5,2966.8310484142407,0.0,ihatedmyself
2026-08-03 06:30:50,day,sports,78,0x4c104e61febf3944fcfc05ee94551b815ffdb6a4,2923.504732331281,9257.851427,Heaterrr
2026-08-03 06:30:50,day,sports,79,0xfab242aa69777dda9ab74b6a6aa878555f3feacd,2845.680646,0.0,Luxy - 6433
2026-08-03 06:30:50,day,sports,80,0xa804390f80019699ab34a282c0df7528fba82a75,2811.1121256100596,3404.81,riverskew
2026-08-03 06:30:50,day,sports,81,0x0c99d9f172fc4c25fd2aa92f9fc272da5f020c88,2792.4585288329254,7688.5768290000005,DCAAA
2026-08-03 06:30:50,day,sports,82,0xc4c81a4e8e39d374b12e27a0373f6e2ccb4f8618,2757.9446580000013,0.0,mhonkasalo
2026-08-03 06:30:50,day,sports,83,0xc0df1962fe833018dca318301b3344a43a965974,2648.0520139785012,13309.392552,0xC0Df1962FE833018dcA318301b3344A43A965974-1769556877728
2026-08-03 06:30:50,day,sports,84,0xe5241830e8876c115d7dc8311ad9f43d85fdd34f,2566.1024898481555,799.870732,GamblingOdyssey
2026-08-03 06:30:50,day,sports,85,0xa8845b7cf1cdc5d63a226d7db2be64feb8119d7d,2537.449412,0.0,mbharus - 38295
2026-08-03 06:30:50,day,sports,86,0xf15e6859a33640d7536e5924fa49efddfdc280b5,2487.9192157319967,957.0,sherman1234
2026-08-03 06:30:50,day,sports,87,0xbb90ad2434c27716e987f6318df47285c6ddffbe,2473.6647920000005,0.0,AceBaby256
2026-08-03 06:30:50,day,sports,88,0x629da223adfc9957329e02de95ae3d263f92756c,2430.21334775805,35595.31067299999,jackinv1lvl2
2026-08-03 06:30:50,day,sports,89,0xae50d6935c736696a99c309a4dcabe1343b20354,2428.523338,0.0,dougiedigital - 11986
2026-08-03 06:30:50,day,sports,90,0x0e50849ef225489b1879e3418e5b7633355a2609,2419.8283707288065,1682.469573,Meowtchi
2026-08-03 06:30:50,day,sports,91,0x2b71bc97507076a80bd0000cdb134e4fc3041359,2402.6987620001287,0.0,97507076a80bd0000cdb134e4fc304135
2026-08-03 06:30:50,day,sports,92,0xc9e3208526a3554342652c26bec1ba2c230993f2,2369.5487988435452,7540.995492,helloeveryone
2026-08-03 06:30:50,day,sports,93,0xd0e952c49e2f8251350fbabeea8eaf3eb0a067ff,2326.286480498322,0.0,0xd0e952c49e2F8251350fbaBEEa8eAF3Eb0A067fF-1730820030728
2026-08-03 06:30:50,day,sports,94,0x44a1159b925c145e70f746bb3f0f58380553bd21,2241.7274820168095,2149.9173330000003,yupiiiiiiiii
2026-08-03 06:30:50,day,sports,95,0x1ec4295fcbcd51699c396b8e1930daa674fedefa,2239.209254284702,108226.69516500001,Charger.zzz
2026-08-03 06:30:50,day,sports,96,0x7822337de78e1228e50b41c67a41c1ca8a519348,2220.0,0.0,thinfinger
2026-08-03 06:30:50,day,sports,97,0xa6e0306faf29392b182c08794d9fdbfb9f3b9970,2214.444599999998,0.0,July31Power
2026-08-03 06:30:50,day,sports,98,0xb2e28dafe130a77086831ace307e3db217054e99,2202.9441622398735,0.0,alruelop
2026-08-03 06:30:50,day,sports,99,0x1681a11dd513197c99f8ed05acd253880d0c5032,2199.9950011660003,0.0,YONGWIN004
2026-08-03 06:30:50,day,sports,100,0x443bcce588e26763987e9ae44b6b7845f09fe8bb,2163.9687446760163,0.0,0x443BCCe588E26763987e9Ae44b6b7845F09Fe8bB-1769536380439
2026-08-03 06:30:50,day,crypto,1,0x93fb8127a1b21a112b11af936361225df0563e4a,21850.338883759978,0.0,LlamaLoco0000
2026-08-03 06:30:50,day,crypto,2,0xfa8fc6a3e706bc4aa7556d060564c154322ad61b,8508.407400312008,0.0,singaporesling
2026-08-03 06:30:50,day,crypto,3,0x06dc51826bc524d9a83770e7de9dd7e005b04524,7191.909348633024,172758.31169200002,0x06dc51826bc524d9a83770e7de9dd7e005b0452
2026-08-03 06:30:50,day,crypto,4,0x1086a06b43fe0d2d01c343ec0087eea94c2c330a,7094.183491999975,53370.36161199999,zzongzl
2026-08-03 06:30:50,day,crypto,5,0xb55fa1296e6ec55d0ce53d93b9237389f11764d4,3816.729443351156,58414.759319000004,0xb55fa1296E6ec55D0cE53d93B9237389f11764d4-1777575277609
2026-08-03 06:30:50,day,crypto,6,0xd84c2713e2b58beb1d9dc4421aabd778573ee0a5,2863.162802429495,6500.3128480000005,ZCu007
2026-08-03 06:30:50,day,crypto,7,0xeebde7a0e019a63e6b476eb425505b7b3e6eba30,2781.981951860711,215263.10822700005,Bonereaper
2026-08-03 06:30:50,day,crypto,8,0x3f0c31c1eeb2c595bf4bb5ec05ef262e60355292,2629.8097742688533,27579.852868,beracha7
2026-08-03 06:30:50,day,crypto,9,0x5c07ef274ec004bfdd011b4041f1cfc428b4be1a,2615.048936,18045.074264,ZhengYing9999
2026-08-03 06:30:50,day,crypto,10,0x86de0516011e2ad7ce3abdc13577de8608db55c3,2584.393764990935,23870.98375,zhangfan151
2026-08-03 06:30:50,day,crypto,11,0x565ca59275f81991bd9877d7fa8404c5ecf6519e,2560.67048000003,4912.312249999999,IamFKINGbankrupt
2026-08-03 06:30:50,day,crypto,12,0x0ec857f5a1cb0844bfec59a9735e66aa1e3b1d07,2436.705368512132,27081.010607000004,PaperPrinter
2026-08-03 06:30:50,day,crypto,13,0x502b532f55778c0985846dc53a9bc71eb4f33b15,2310.5618430214163,23196.005078000002,0x502b532F55778c0985846Dc53a9bc71eB4F33b15-1761320484518
2026-08-03 06:30:50,day,crypto,14,0xf705fa045201391d9632b7f3cde06a5e24453ca7,2275.7510594823398,7824.38,
2026-08-03 06:30:50,day,crypto,15,0xfb3ff28bb7f5d472e50b382bcb36ab27947dcc89,2269.906290515104,10790.674277,0xfb3fF28bB7F5d472e50B382bCB36aB27947dcc89-1785472974246
2026-08-03 06:30:50,day,crypto,16,0x3048d65321be3497164cdfc2996f94f98a2e7537,2256.1134004366177,95304.571705,twitter-CryptoWithGab
2026-08-03 06:30:50,day,crypto,17,0xbf337426aa856996b8bb79b238345dd1a0276bf7,2123.8648447451415,109694.576007,nagi777
2026-08-03 06:30:50,day,crypto,18,0x60bf59e257dd9bc9c6a5d0d0fd7881d76aee15aa,2122.9358650800013,0.0,sssxx
2026-08-03 06:30:50,day,crypto,19,0xa0e72d5575095199ae08ce0dce447f21b7249461,2109.5837638506055,88455.658922,uninformedfloww
2026-08-03 06:30:50,day,crypto,20,0xfb1c3c1ab4fb2d0cbcbb9538c8d4d357dd95963e,2037.92010357877,19360.809216999998,
2026-08-03 06:30:50,day,crypto,21,0xce25e214d5cfe4f459cf67f08df581885aae7fdc,1983.7393919868628,87553.90125300002,0xcE25E214D5cfE4f459cf67F08DF581885AAE7Fdc-1777575398144
2026-08-03 06:30:50,day,crypto,22,0xd189664c5308903476f9f079820431e4fd7d06f4,1819.112390130409,29273.160317,rwo
2026-08-03 06:30:50,day,crypto,23,0xcb92e59eef071c7dfac33fbc64c60952d277e62f,1798.2940589101636,14204.462846999999,lelimarket
2026-08-03 06:30:50,day,crypto,24,0xf133feba7e09c394ca24a10def22f773abe86bc5,1681.9441510097386,8067.919915,0xf133feBa7E09C394cA24A10DEF22f773ABe86BC5-1785473101594
2026-08-03 06:30:50,day,crypto,25,0x00033f1089ff061813850e5135483bed39ce3b49,1636.9468131076392,105548.45243100001,dsfasdf12e3oiam
2026-08-03 06:30:50,day,crypto,26,0xee65685de42f8de9a03b4c53ee77d56a20d2cfc9,1619.0226531620137,151276.05401999995,0x50f7
2026-08-03 06:30:50,day,crypto,27,0x037c0f46600702e77ccb738721a78d6418d3a458,1616.5709618655656,10288.272303999998,0x037c0f46600702E77CCB738721a78D6418d3A458-1776941975810
2026-08-03 06:30:50,day,crypto,28,0xe055d214540ba6fde3c5c18adb7fed9c02630628,1602.5822517843335,34441.314608999994,AgropescaJacare
2026-08-03 06:30:50,day,crypto,29,0xcf02d27b5530b9a70671d0b9fbad95e6bda90396,1585.4719650436489,51395.630398,To-Lam
2026-08-03 06:30:50,day,crypto,30,0xb0f85baa97990910a3e8ac2b4a58a322f01ecef5,1571.140768239391,41602.05439799999,pspspsps5
2026-08-03 06:30:50,day,crypto,31,0x4171038d6e472cce0236d8705d75cfb8c68fbdb1,1464.246771559998,12261.419723,stylus4493
2026-08-03 06:30:50,day,crypto,32,0x21d0a97aac03917e752857a551bbe5103a00e8d7,1461.7536727823608,7728.106851,PBot-6
2026-08-03 06:30:50,day,crypto,33,0xb0c078c893300f44d341f4e854d8964b47dce88f,1339.7447123689271,9405.516638,Bossgirl
2026-08-03 06:30:50,day,crypto,34,0xfd326d28f55e429ebf7ecba4eddc487ff410c9c1,1328.3474401699982,0.0,KhanKluay
2026-08-03 06:30:50,day,crypto,35,0x885278f0e304bc2d53f805af2ab779cb6011c569,1260.872874846158,36532.882151000005,gabigol
2026-08-03 06:30:50,day,crypto,36,0x28a925cbabba481892436272efd06f1856cbcfb7,1248.9147648600028,1855.99,0x28A925CbaBba481892436272efD06F1856cBcFB7-1771928814900
2026-08-03 06:30:50,day,crypto,37,0x861f4149171db053c73382c40d2c7e5408fd177d,1232.8035524850056,0.0,D7422D98eA0d5b6Dd942a8eEd1d2a61945bFd0
2026-08-03 06:30:50,day,crypto,38,0xba083b5a3fa26a03f403a77782825a7f0857528f,1227.1060817977113,2673.41647,
2026-08-03 06:30:50,day,crypto,39,0x75fcfdc90a173071ac2010fa9c9842c582e30a4c,1212.1339832712038,13601.690213,AutomatedTrading
2026-08-03 06:30:50,day,crypto,40,0x251c1a283703beed41590b0875a8dcb8ddd1541f,1173.1221640003496,47704.869999999995,0xAAAAA
2026-08-03 06:30:50,day,crypto,41,0x3d11a3582fafad11987e1ebc9d6bfd40516e5349,1129.9097184375096,35962.792919,Myronzhu02
2026-08-03 06:30:50,day,crypto,42,0x9a18f10966262d9be5d662754256380583fabb54,1129.576663641701,38152.9185,Myronzhu01
2026-08-03 06:30:50,day,crypto,43,0xebf2634de9b6c9c5370718caf7226deab8e25d03,1116.9963895935048,16911.922888,0xebf2634de9B6C9c5370718caf7226deaB8E25d03-1779193696310
2026-08-03 06:30:50,day,crypto,44,0x0c7c5204404e9d5402d258fedac59c7212bae4cb,1116.7196826606232,44850.17681900001,OhioRiskManagement
2026-08-03 06:30:50,day,crypto,45,0x4b9549e716a6cf035534ad7643f1fe9f74ded663,1108.6735320063162,5911.000207,sanyuu
2026-08-03 06:30:50,day,crypto,46,0x421fa4931af9ad358f3f00e6080bdadde5e8c724,1079.0679610270545,7337.491695000001,0x421fa4931af9AD358F3F00e6080bDAdDE5E8C724-1785473297318
2026-08-03 06:30:50,day,crypto,47,0xdcf2b1e540fa4a2fc9c70f649696a38a641058e9,1074.4683215422979,3085.85818,0xdcF2B1E540Fa4A2Fc9c70F649696a38a641058E9-1785473495273
2026-08-03 06:30:50,day,crypto,48,0xfcefc196f9c260705ae2434333061cc2ca43ed6c,1073.4699218127425,2064.071947,0xFceFC196F9C2607adff434312061Cc2cA43ED6c
2026-08-03 06:30:50,day,crypto,49,0xe26f947c02941a1e16fc0607ddfab00f2d7dd401,1068.815871985329,3089.730823,0xe26F947C02941a1e16fc0607ddFab00f2D7Dd401-1785474823660
2026-08-03 06:30:50,day,crypto,50,0x782587508e7dbc3c80f193db8d07646dfba46194,1068.2278180731412,3118.4961169999997,0x782587508E7Dbc3c80F193Db8D07646Dfba46194-1785474521518
2026-08-03 06:30:50,day,crypto,51,0x5280c7f900f0ad1d157e5cd889d842ad5d7340fc,1067.8339449724278,3179.737523,0x5280C7F900f0ad1D157E5cD889d842Ad5D7340fC-1785473812618
2026-08-03 06:30:50,day,crypto,52,0x18fa8d4d44729b09a3f38959d67be8ca87353f1b,1066.088221904222,3059.7136480000004,0x18fa8D4D44729B09a3f38959d67bE8ca87353f1B-1785474962662
2026-08-03 06:30:50,day,crypto,53,0xccd801da7da6735371183e6ec569617688f68ae2,1063.4233117940598,3119.76159,0xCcd801da7da6735371183e6EC569617688F68Ae2-1785472941332
2026-08-03 06:30:50,day,crypto,54,0x941bab976778883cb53781ac694f83db1e5af274,1053.9719444291911,3120.217681,0x941bAB976778883CB53781aC694f83db1E5af274-1785473630984
2026-08-03 06:30:50,day,crypto,55,0xdbb3504ad33143437d2f2c3e3351931ef97ce9bf,1052.28131537926,3114.318809,0xDbB3504AD33143437d2F2c3e3351931Ef97Ce9bf-1785473970092
2026-08-03 06:30:50,day,crypto,56,0xc86fe6b4ce516d0ca43ea9e748988a159ff71816,1048.6691571135732,3027.536293,0xC86fe6B4ce516d0CA43eA9E748988a159ff71816-1785474367691
2026-08-03 06:30:50,day,crypto,57,0xe676553164b9fc8eeb7add8871043f501c345ce1,1039.684808273863,3059.673756,0xE676553164b9fC8eEB7add8871043F501c345CE1-1785474662292
2026-08-03 06:30:50,day,crypto,58,0xa8054b16cba983bf3cb77e41e9b905ad23f18f47,1028.2800245636492,3085.668945,0xA8054B16CbA983Bf3cB77e41e9b905AD23f18F47-1785475710814
2026-08-03 06:30:50,day,crypto,59,0xeb25df5f9fac4844b89844af859f5097b3315435,1028.088328824062,3003.1555789999998,0xeB25DF5f9FAC4844B89844af859f5097B3315435-1785474105833
2026-08-03 06:30:50,day,crypto,60,0x61313791c42f09ea053acc9eea9aaa6e7300fd16,1026.7698372400046,0.0,emreus
2026-08-03 06:30:50,day,crypto,61,0xd0b6ce3010cd04c25121861ad0d0e453004cf8de,1019.090510026834,3073.4375219999997,0xD0b6ce3010Cd04c25121861aD0d0e453004cF8DE-1785475230039
2026-08-03 06:30:50,day,crypto,62,0x167812bf21c716d4c0a6a90d312f4b11e2f529a4,1018.3649585160633,3019.351893,0x167812bF21C716D4C0A6a90D312F4B11e2f529a4-1785475883128
2026-08-03 06:30:50,day,crypto,63,0x33f0b9b0e3fb9a4271441dc9d4780ef85a8a433a,1005.7739937000006,0.0,Bailu2026
2026-08-03 06:30:50,day,crypto,64,0xd6e8b068b1213e199b61f54eec1ac2793615a959,1000.0496908799996,0.0,vitaliy007
2026-08-03 06:30:50,day,crypto,65,0x06732d7baac0aa87ed71058fbe201ee07bdde313,998.232819063929,2999.7168530000004,0x06732d7BAAc0AA87eD71058FbE201Ee07bdde313-1785475545161
2026-08-03 06:30:50,day,crypto,66,0xba8c5fbcc5f58b0e4ae0c1413e0413f8c803e77d,995.512034779742,28593.410875999994,Rock.San
2026-08-03 06:30:50,day,crypto,67,0x285e6a6d7f4f8b5f64fb23ac351a0b41844af38c,988.7075043839905,0.0,
2026-08-03 06:30:50,day,crypto,68,0xe4b387c0b170c532c28680dca19ce5c7b04e96b1,984.2998829999997,1996.507319,kinza23
2026-08-03 06:30:50,day,crypto,69,0xe9f5c9585796abec6f50f063187dbf015858cb06,983.6483165523424,3328.834227,MorfisCrypto
2026-08-03 06:30:50,day,crypto,70,0xefb16a727fa24c0518a5c1b87920117e5b615e8f,968.6787054977826,6099.797617,1111111111111111111112
2026-08-03 06:30:50,day,crypto,71,0xe721a8c471ed9fb845055b6886512140a3a1c394,968.3880117435813,28204.368322000002,Stanlay7
2026-08-03 06:30:50,day,crypto,72,0x83f78ab06696e26e2cfdf8c0b619b22b81fb28cd,962.5051663101804,7032.008127000001,anon4328904832094
2026-08-03 06:30:50,day,crypto,73,0x0fe40e887acbd0022f89d996acce26ab428501b7,957.6977757295826,2757.787425,gobblewobble
2026-08-03 06:30:50,day,crypto,74,0xcbc5d8509552a47be7a2386311e43a05cee3e175,929.8976380000022,0.0,larkspur
2026-08-03 06:30:50,day,crypto,75,0xe76b66a2d968321765f6106e3bcf25bba0ca9b3e,914.4599830000002,7736.928400000001,mo707707
2026-08-03 06:30:50,day,crypto,76,0x3375550a4d4c4b68d5b2de7fe9d02a352455a69c,911.8308898611363,15819.193824999998,bitcoinlight
2026-08-03 06:30:50,day,crypto,77,0x19557e938337f6d9f8103b47262dcf8504ad9865,900.9958218300017,0.0,183xx
2026-08-03 06:30:50,day,crypto,78,0xc684828f6b03487759ced2ebdd975f91f3532228,897.2914839850018,0.0,oliman2
2026-08-03 06:30:50,day,crypto,79,0x9eb48be5d329b282b8a18473db7ca6eaeeec65a1,876.402776999952,1709.983162,SirMartingale
2026-08-03 06:30:50,day,crypto,80,0xdaee998426ebc81d0a15d7c13b2bdddaf8e18559,870.2155742799969,7327.098884999999,alpha5ii-copybestbot
2026-08-03 06:30:50,day,crypto,81,0x57f2faf2eb75fd26bce0b5baf5ee7ffaadd66356,854.0128884841906,13763.078987,13mm-wrench
2026-08-03 06:30:50,day,crypto,82,0x7cb218cda1e165e8a68a0e3dd74449ba1036512a,849.7674325523319,2819.737159,0x7cB218cda1e165E8A68A0e3DD74449Ba1036512a-1785476041573
2026-08-03 06:30:50,day,crypto,83,0x3295b02e615aa20025c7085144d3fc37af417f33,848.537256456294,2829.802946,0x3295B02E615aa20025C7085144d3FC37aF417f33-1785474241691
2026-08-03 06:30:50,day,crypto,84,0xd692943ba30fcf48a041f75895853300833b8b9a,844.4536773656914,2311.866108,MartyFinklestein
2026-08-03 06:30:50,day,crypto,85,0xc6e23c098ae30bd9b0270f72ca83e963e9b34c72,840.815711382795,2819.752224,0xC6e23C098AE30bd9B0270f72CA83e963E9b34C72-1785473333723
2026-08-03 06:30:50,day,crypto,86,0xd02b6d910a38479c3125308fc4737a46509cd6df,840.2946493205018,15800.730163,wowitsamazing
2026-08-03 06:30:50,day,crypto,87,0xd6eae34160f39799e834702fb3698c20aa4414a0,838.6417555349453,11376.553667,trading-2
2026-08-03 06:30:50,day,crypto,88,0xf0444c62b2a7d1d35e2ddad9ac6c372c7ceb0062,838.6203143870172,2807.131775,0xF0444c62B2a7d1D35E2ddad9Ac6c372C7CeB0062-1785475377680
2026-08-03 06:30:50,day,crypto,89,0x9009fa39d08aaab7d13e24afb4b08b5f15a10015,828.836623568796,2757.8825719999995,0x9009FA39d08AaAB7d13E24AfB4b08B5F15A10015-1785475087693
2026-08-03 06:30:50,day,crypto,90,0xe0414cedf6af8ba4b9f2cfb857eca11ce588be79,823.3655086184191,19351.758975,0xE0414cEDf6AF8bA4b9F2cFb857EcA11CE588BE79-1773762643892
2026-08-03 06:30:50,day,crypto,91,0x3441d1af2c4c76149eeab9e2e4e0bf87d55e3dbe,821.2533082868867,15667.148416,IIIIIIIlllllllIIIlllllll
2026-08-03 06:30:50,day,crypto,92,0x09f2ca667e9a60eefd812c6b346311843d0d7090,813.7243123399994,294.16,cruise305
2026-08-03 06:30:50,day,crypto,93,0xf841f268b8326fc38a9ec51a3fe552d2cd66915b,799.2273638131664,5890.277925,ImTestingInProd
2026-08-03 06:30:50,day,crypto,94,0xafee5a9590176b684a9ce6c39de15ab597b1881e,780.4013778017184,9650.403994000002,LimaTAUFIK
2026-08-03 06:30:50,day,crypto,95,0x20d2309cd92b797ae7ca175ed828ed8a27fbe29d,776.6677202448482,40159.209762,
2026-08-03 06:30:50,day,crypto,96,0x633e96a4b7ae543522358282eafa023fe61bd305,771.606691528496,13674.867398000002,0x633e96a4b7ae543522358282eafa023fe61bd305-1783406206089
2026-08-03 06:30:50,day,crypto,97,0x754e848a37b30fe885cf0211788364e8e0c54f27,767.545407410739,503.83000000000004,jorgecheesey
2026-08-03 06:30:50,day,crypto,98,0xad1f04cd8de7d7b3130a166d191169083b916c61,764.7933869630069,0.0,ask15
2026-08-03 06:30:50,day,crypto,99,0x6e6d96f31208a4d5a74d3d32529617bc69b100f4,761.9297670000012,22620.574316,AIJJ
2026-08-03 06:30:50,day,crypto,100,0x3a653ee0d2e994325fdda4c4e31630e7b25647db,760.2414920274007,27277.321665000007,ShanShadow
2026-08-03 06:30:50,day,finance,1,0x517fb680c99c7d1e619f9073681e20a68265933f,9457.266151343341,5059.287616999999,pleasedontstopthemusic
2026-08-03 06:30:50,day,finance,2,0xc6e956068048c1cf98d8f0b3a495edc9da130741,2989.365637707684,25912.743327999997,luck00004
2026-08-03 06:30:50,day,finance,3,0x03805a13a0b3e058f55f6c6af95389d4f431073d,2948.72523767894,1650.121687,donthackme
2026-08-03 06:30:50,day,finance,4,0x09e27c2cbcd98c7e821ef66b309506701dcf29de,2623.9325805,4999.5,ronaldk
2026-08-03 06:30:50,day,finance,5,0xe734e7bf7cfb9e464681f71822f6c2f6be514f0c,2348.241763914586,55272.645681999995,boyau
2026-08-03 06:30:50,day,finance,6,0x51a86fe763d28695ff8c1d0cf6670161c6dbd398,1804.6000000000013,0.0,0x51A86fE763D28695FF8c1D0cf6670161c6dBd398-1759932029835
2026-08-03 06:30:50,day,finance,7,0x1d8c256b15d3cd1f5db221e70c77f552eb8d757a,1764.4237705745254,1500.0,Hourglass
2026-08-03 06:30:50,day,finance,8,0xefde9ff487fae209ab6e3157a8acb4276f9c783d,947.4429004850003,0.0,Umaroth
2026-08-03 06:30:50,day,finance,9,0xfcf4e98f6e8cf7a161dcd13865f834090a58527f,906.2836327273611,1227.870407,0xfcf4e98F6E8cF7a161DcD13865f834090A58527f-1767455799465
2026-08-03 06:30:50,day,finance,10,0x50c80ae7a66e49701dc9388bd13574ba03e0caa2,651.7137464258121,9177.53231,flipforchanel
2026-08-03 06:30:50,day,finance,11,0x93015c5a80ca8b96a8b9914c826fe759a2a93b67,606.985534667001,0.0,Tipsterman
2026-08-03 06:30:50,day,finance,12,0xeb490d0534bb68b4c2ce139b219a728cd2c3693e,561.1676483125048,0.0,78979879879879
2026-08-03 06:30:50,day,finance,13,0x5a45565906b8478fe456a0d313ce8839b3e7f628,546.3007627183961,6895.902605000001,FFIE.
2026-08-03 06:30:50,day,finance,14,0x090af6fd2aeb04202abc97370aa86c1b81d90fa6,531.7803784755342,431.91159899999997,VictorLudorum
2026-08-03 06:30:50,day,finance,15,0x25b23e01a7d90e25871d1098841f25e856943b9e,525.2750318340009,50.0,winnerSpecter
2026-08-03 06:30:50,day,finance,16,0x1d38541906e1f4e23774f27d2b82b41552d12078,453.22243841599993,0.0,Donintello
2026-08-03 06:30:50,day,finance,17,0xbace5a5a9e309d69164dc81788d353fed8d43429,448.79274993999934,0.0,antoinelegwr
2026-08-03 06:30:50,day,finance,18,0x993c072519306017fe9a6b3ee6fa4a02b3056787,434.6659263545007,2866.35,Jep-G
2026-08-03 06:30:50,day,finance,19,0x764b305694b026c1acce7bf862c3b5456a146bad,414.6597628924983,215.0,quietparcel
2026-08-03 06:30:50,day,finance,20,0x44c1dfe43260c94ed4f1d00de2e1f80fb113ebc1,412.1378487999609,0.0,aenews2
2026-08-03 06:30:50,day,finance,21,0x9e88f359b9803e41420fbb13385c5ae1765c301c,373.69855235132854,639.4585950000001,YoungAlphaGoat
2026-08-03 06:30:50,day,finance,22,0x40604cb1f958c03bea0b18aa43e4cb0d62f33ec3,337.0413450000633,0.0,C03B
2026-08-03 06:30:50,day,finance,23,0xc97b0b2a2547bb3ed57167092ef8a6e816c347e5,322.6574407553271,6147.730538,Avamax
2026-08-03 06:30:50,day,finance,24,0x88c4919de76e526d55a32c1f8afb439dd1f1129a,311.83946408649354,0.0,QuietRiskisWrong
2026-08-03 06:30:50,day,finance,25,0xc7d02944a76b9f83b199e9090ecc92c82d241f8a,291.5135371283104,249.78176,0xc7D02944A76B9F83B199e9090ECC92C82d241F8a-1776944395495
2026-08-03 06:30:50,day,finance,26,0x403f2471f8aaa1e8a224f1338b073bfa3fdb94f1,287.43125377904835,15714.316454,PollProponent
2026-08-03 06:30:50,day,finance,27,0xfd557e6db670c9704bc1d0d8e8b585c7d9c9f905,269.72974787600106,425.231883,northdrawer
2026-08-03 06:30:50,day,finance,28,0x97ead83eb0e6b7f142e63284791882f05ddf3363,262.79759903001286,0.0,Hakei.
2026-08-03 06:30:50,day,finance,29,0xb2ef91409df27ba0f582284f23f7b47d00ed90e2,240.71179789500002,0.0,gambler-666
2026-08-03 06:30:50,day,finance,30,0x15433540ca3794108e602bfd353189519af8baaf,236.45401304499774,0.0,DualDelta
2026-08-03 06:30:50,day,finance,31,0xf8871f87fbb32d5ce21e3f8902f70f4f0f266b54,233.1829219299991,135.0,newbie77
2026-08-03 06:30:50,day,finance,32,0x961a3ebcc591e90255b590a1299c1fc4aba973ac,232.51873335000073,0.0,BridgeLake
2026-08-03 06:30:50,day,finance,33,0xb619ed5b378053f8309c307d2f7adf9c13665068,225.14987302000372,0.0,tnl
2026-08-03 06:30:50,day,finance,34,0xbfb3b7bd96f923fc22ecc8fb416d4dc5d3b24b43,222.20522700250513,0.0,borchi
2026-08-03 06:30:50,day,finance,35,0x1cd24cc49782240413903b4b7e7694779f917f85,220.82542946349713,11299.086736,bitterfish
2026-08-03 06:30:50,day,finance,36,0x74b4f9447b14b12308963fc048ae363eb0756bea,219.89828275830223,2090.613332,0x74B4F9447B14b12308963FC048Ae363EB0756bEA-1769170826159
2026-08-03 06:30:50,day,finance,37,0xcc21c12cc8c703d9e5858cce872671b1fc5ccde3,217.51636082,7265.289999999999,wangddsx
2026-08-03 06:30:50,day,finance,38,0xbea810a37a6166b87c6b4ef5208175fd279c36ef,212.27124554499937,141.08,
2026-08-03 06:30:50,day,finance,39,0x7bbf09fc724e3ca90332e17d4f352b3cbc0f7ce5,210.83207284772652,20.0,pestanimal
2026-08-03 06:30:50,day,finance,40,0xdac432f5a09b4b79ab5e259c30e51f8512e9a8c9,205.59774498944978,105.0,0xDAC432f5A09b4B79ab5E259c30E51F8512E9a8c9-1762236145761
2026-08-03 06:30:50,day,finance,41,0xbe0e2ccaba04e1cff6328df819aba5648578d429,201.10183657750235,131.05262,hesure
2026-08-03 06:30:50,day,finance,42,0xfbfd14dd4bb607373119de95f1d4b21c3b6c0029,197.54560141959428,12.85111,XAE12Archangel
2026-08-03 06:30:50,day,finance,43,0x997d42dd7a52a44936ff69f087368e48facedecf,196.09865941999988,0.0,rodger
2026-08-03 06:30:50,day,finance,44,0xa18c5cf2bc6eec389d2d512582ae14654b99d792,194.52204284500476,0.0,gmtrader
2026-08-03 06:30:50,day,finance,45,0x9a3fa403a6666eef75f92f181fcf13f9c051914a,193.5602528745003,0.0,Rex416
2026-08-03 06:30:50,day,finance,46,0x8e0c9366ec7a1be9cb073e0f7d72f3dfc9aa7fa3,189.69102864584602,32.369862,GellerCharlie
2026-08-03 06:30:50,day,finance,47,0x82e9d3f90d899a01490a5d7ae41ad9ab3169b34c,181.14711089999946,9057.029999999999,hgamezoon
2026-08-03 06:30:50,day,finance,48,0xd23f8c8aab13cfb2a35da40b67f8471faf9894a1,174.55008054902282,420.58999999999986,Corlys
2026-08-03 06:30:50,day,finance,49,0x4a2be7a7e6e3b41dc2de00706b4c09660ca9af20,173.89785031499923,0.0,troim
2026-08-03 06:30:50,day,finance,50,0xbfef3b8b4b1e2521789e44bff0c100c9101fd4d6,173.71875,0.0,Cyrus256
2026-08-03 06:30:50,day,finance,51,0xf2d76badb030ecb60688b169c7e0a84344a631ca,168.59892500000024,0.0,aserejejadeje
2026-08-03 06:30:50,day,finance,52,0x43372356634781eea88d61bbdd7824cdce958882,165.9237649850038,0.0,Anjun
2026-08-03 06:30:50,day,finance,53,0xb4eea1c82f0c4cf7e02e69212bd447a63314cc59,163.05389823999997,641.58,HyperwellNerdZ
2026-08-03 06:30:50,day,finance,54,0x4e25605fd905e9972efc0f4d8814530c655cd7a7,162.6571798200457,0.0,
2026-08-03 06:30:50,day,finance,55,0x942e79166821f3f4e67872e44f1672fcccd2be27,161.01679647161836,45.263156,smallreceipt
2026-08-03 06:30:50,day,finance,56,0x90c23cb846d4c78b59096bae855161d92ea28c24,156.55247672009864,2844.9700000000003,cryptothan
2026-08-03 06:30:50,day,finance,57,0x264cbb7263b0c336c58fb5a5de1773896e6bbaca,144.16380002700316,923.0,sdhyky
2026-08-03 06:30:50,day,finance,58,0xb2cd99ff5ad8f27c781e54e854ab1b2ab1afc187,139.999706877501,0.0,vicks
2026-08-03 06:30:50,day,finance,59,0x8c0ddefb3ad5c6b2bdd08c581404aeca27c59d95,138.9425,0.0,abze
2026-08-03 06:30:50,day,finance,60,0xebaba6d3c08c5fff3d444ce0f751e6d97f15cff5,136.30596065999998,0.0,0xeBABa6D3C08C5FfF3d444cE0F751E6D97F15CFf5-1779341123078
2026-08-03 06:30:50,day,finance,61,0x02faced3886bba0d1ad601118f04d82b7ee1d979,134.59449975000007,1956.109025,mutednova
2026-08-03 06:30:50,day,finance,62,0x7f9e2d1df78614564a70becc7fa14aa9a6623a0e,130.94737442123005,418.860214,nojnn
2026-08-03 06:30:50,day,finance,63,0x72f13795baf0bfc6714c3566fdf03ff95611595e,130.82633644950238,4.13,pmwinner
2026-08-03 06:30:50,day,finance,64,0x17e42a96d19502f341e5657b57bd2309f5ef4d33,128.89574630000004,0.0,SlayerH
2026-08-03 06:30:50,day,finance,65,0x51de66b7f3d10eceb99aab57622ca850655e9e4a,128.38576969499977,0.0,0x51dE66B7f3d10EceB99aaB57622cA850655e9E4A-1779581016815
2026-08-03 06:30:50,day,finance,66,0x4d3e6f882536f5bde89d20a64e2198b1c1e8783b,128.27681870249216,0.0,bitcoinmafia
2026-08-03 06:30:50,day,finance,67,0x6718abb58bd86a3fe1e65f5e3ae9140333c8a38e,125.32249988000149,0.0,coco040678
2026-08-03 06:30:50,day,finance,68,0x18dd2d49f8d320c7e3645913eb42af9ae62e5c04,122.77783970150006,0.0,vanpro
2026-08-03 06:30:50,day,finance,69,0x03759cc53b7c86272c221534bc21ba181b625f13,122.40696700000001,250.0,romanew-8-win-yes
2026-08-03 06:30:50,day,finance,70,0x06ce4f6a73871f2026003b611ba4ca9ab8c70b8b,119.22097702999736,3109.1800000000003,0x06ce...c70b8b
2026-08-03 06:30:50,day,finance,71,0xeb77593d1187a2d01c22fb24567b21cddd214e6b,118.72925627830006,11417.1443,dry-september
2026-08-03 06:30:50,day,finance,72,0x82afe364e6a7758837bb4b10b8dde113da46f7d1,117.686101065,1859.1851329999997,bentofashion
2026-08-03 06:30:50,day,finance,73,0x00207d0a01ca0e7150d3a7dc2e926a96a8894ee3,116.84726683999997,0.0,tbn888
2026-08-03 06:30:50,day,finance,74,0xa540e7ff75ef4bf7ebc6c793cbabe87cee970b43,112.50278434118445,13162.450828000003,pennedreadful
2026-08-03 06:30:50,day,finance,75,0x5e84743ad0515699b7adf2588de4c3032d538e88,110.33370915300475,5.957135000000001,Cbb.
2026-08-03 06:30:50,day,finance,76,0xc1a58674dbcc1d3208f7e61a0a8b252162caf290,109.89900118655714,14544.69,amis
2026-08-03 06:30:50,day,finance,77,0x94daa3bf531255d6565e937c7249d3918fa12bf1,103.99993096000071,0.0,SaracensCapital2
2026-08-03 06:30:50,day,finance,78,0x25c5f36b0b016ec83a14965fea1bc5c3ec398581,103.32927439000001,0.0,0x25C5f36B0b016ec83A14965fEA1bc5C3EC398581-1767479353082
2026-08-03 06:30:50,day,finance,79,0xdc0e23ef31cd155a40e9c0b06e17d946878993ab,103.0,0.0,jasonwang123
2026-08-03 06:30:50,day,finance,80,0x0e68e0ea896b3a73a35785f53fc3a95217c4826b,102.19829552000101,237.16,chad-2001-c
2026-08-03 06:30:50,day,finance,81,0x0eac23578a5066ad4885e3c40161746df2ed140a,100.50618343999986,0.0,ocene
2026-08-03 06:30:50,day,finance,82,0x6af72a7d6ca36735fbbbd54feb991b2055e25a6f,100.00000692000003,0.0,chillballer
2026-08-03 06:30:50,day,finance,83,0xaee811b7c7e5d961b545ac0e3f62f5f1cb181154,98.38418418446417,1833.13,1in1000
2026-08-03 06:30:50,day,finance,84,0x1f9e15f39bbd5d163b0eacf0fbef647ced9e4f1a,97.71171855049852,0.0,ClickEqualConversion
2026-08-03 06:30:50,day,finance,85,0xbdd11cc911ec8ed95887e56dc253d70cb36b0c4f,97.22382173999995,0.0,BTCisaHarshMistress
2026-08-03 06:30:50,day,finance,86,0x2b670a311561dcaf741d8155451774d3fa7fb814,97.1854954356686,236.61,0x2b670A311561DcAF741D8155451774D3Fa7fb814-1778467735876
2026-08-03 06:30:50,day,finance,87,0x389a21fa2e2445c7f8b915b45b9b009bd641397d,97.12557024499802,0.0,SPY-KT
2026-08-03 06:30:50,day,finance,88,0x0840f6d2f4c4e625db8c43b2fd7b0d54678e9746,97.10970790331635,340.0,0x0840F6d2f4C4e625Db8C43B2fd7B0d54678E9746-1781423249299
2026-08-03 06:30:50,day,finance,89,0x726c6e3d5cdb1a8a97b38c0e2d88448b19d66bfd,96.86680032999993,38.15,idl
2026-08-03 06:30:50,day,finance,90,0xca88d64f331060ea470e473b687b26337facefb2,96.33465570000044,0.0,alexfunfunfun
2026-08-03 06:30:50,day,finance,91,0xf797d4d1c038d1eb0593edae0e66bf8e4b2e0bf2,91.75808418998713,0.0,DerDon
2026-08-03 06:30:50,day,finance,92,0xeae707a267b3d6a112167b5c93c3fa74e38c2800,91.15322972000013,0.0,destinyas
2026-08-03 06:30:50,day,finance,93,0x74f1b8944c7b10f7239e3dda0de6b8ee42e816a8,90.97247543849517,0.0,probability
2026-08-03 06:30:50,day,finance,94,0xee8aef5adc04ffb8cb3417233389473246bdf0b0,90.77574999999999,0.0,0xeE8aef5aDC04FFb8Cb3417233389473246BDf0b0-1773254929104
2026-08-03 06:30:50,day,finance,95,0x46b353667fd7d846af3bbeda6584b0e5b883d3de,89.78905134999559,303.94010000000003,bjprolo
2026-08-03 06:30:50,day,finance,96,0x91572b16dc769ef8b8f1f98d5270b05a36e3626b,89.66094944000179,0.0,0x91572B16dC769ef8b8F1F98D5270B05A36e3626b-1770128923810
2026-08-03 06:30:50,day,finance,97,0xedc84058541b1ef3586be91fd56860c1de283296,89.03442002550764,1603.04,0xJasonSan
2026-08-03 06:30:50,day,finance,98,0x71abe97b83eaba3f06cb04fd4d9a03ee37d2f015,88.99636181249844,0.0,groth
2026-08-03 06:30:50,day,finance,99,0x244ba241484b6af2ad4cfee3c3a77885c82ed87f,87.59367743999974,135.96,0x244Ba241484B6AF2AD4Cfee3C3A77885C82eD87f-1739990656649
2026-08-03 06:30:50,day,finance,100,0xbdcb293dd41148a20895d0e818c0d96c0756e811,86.30415569999968,0.0,ourdemocracy2
2026-08-03 06:30:50,day,culture,1,0xb1ca909e848cc24ec4e220ce1c453bc290c51705,2567.963345470247,28015.840170000003,R79dgahr
2026-08-03 06:30:50,day,culture,2,0x9a3fa403a6666eef75f92f181fcf13f9c051914a,2193.7858093653595,2493.837459,Rex416
2026-08-03 06:30:50,day,culture,3,0xdaad6f960d507dba148c1ff908db5a28743169cc,2179.849771000001,0.0,junkbonds
2026-08-03 06:30:50,day,culture,4,0xd23f8c8aab13cfb2a35da40b67f8471faf9894a1,2161.2214448054146,8980.790385999999,Corlys
2026-08-03 06:30:50,day,culture,5,0x955c9661bf6e010beff0ba896a49f715a8c8990f,2126.4305891559343,1838.98,
2026-08-03 06:30:50,day,culture,6,0x99518fa0d201e7542ea2b852809da5a5c8d811bd,1958.6876849467699,8426.407607000001,imnice
2026-08-03 06:30:50,day,culture,7,0x03805a13a0b3e058f55f6c6af95389d4f431073d,1887.9601340250538,2035.310064,donthackme
2026-08-03 06:30:50,day,culture,8,0x5095e97281f28d4d8549fd3834802c24cbb793ee,1512.162625113313,5018.36911,0x5095e97281f28d4d8549fd3834802c24cbb793e
2026-08-03 06:30:50,day,culture,9,0xb0c85813a7a4428f1139ff91d3118a92c391fe7f,1455.7770463333545,6964.6752400000005,-...Derrick.rose-
2026-08-03 06:30:50,day,culture,10,0x97f3f9f15c0063710c60d3ac9c40d17f4ba60eba,1146.4294893599981,0.0,Investnow
2026-08-03 06:30:50,day,culture,11,0x9d84ce0306f8551e02efef1680475fc0f1dc1344,1053.3805903651519,5141.04,ImJustKen
2026-08-03 06:30:50,day,culture,12,0x5652090d21c85a9d1ca5b6a41fe07f3099fb00c9,1008.4598654279998,0.0,AlphaBetaGamma2357
2026-08-03 06:30:50,day,culture,13,0x517fb680c99c7d1e619f9073681e20a68265933f,1001.0860307700004,6106.908899999999,pleasedontstopthemusic
2026-08-03 06:30:50,day,culture,14,0x764b305694b026c1acce7bf862c3b5456a146bad,890.8407791705004,1788.6000000000001,quietparcel
2026-08-03 06:30:50,day,culture,15,0x28bf066c6cb952da62d6d182c16ad173ada64a4e,889.8691438810602,1082.44,plainfolder
2026-08-03 06:30:50,day,culture,16,0xe962dfbaed113be79c38e122e67a431231a9663a,785.8585650000005,0.0,Maanimo
2026-08-03 06:30:50,day,culture,17,0x9aeb534c42b58b21673d5e03e9da14fbd15b2729,754.644203349555,17627.512689,The-Joker
2026-08-03 06:30:50,day,culture,18,0x114aa2a5a68a70387ba041faca00b937ca98f1d1,720.5547393499999,0.0,Topman1031
2026-08-03 06:30:50,day,culture,19,0x5a218c7ad04135830a45c41aaed7294df7809318,665.3254024116613,7640.716886,balthazar
2026-08-03 06:30:50,day,culture,20,0xfcf2059c73fe5ebfe708591500ed3fc821497279,600.2417144439974,6985.42,0xfcf2059C73fe5ebfe708591500eD3FC821497279-1768056005270
2026-08-03 06:30:50,day,culture,21,0xab21252b603aea73ed9c89adede6d523cf6cc521,561.3139633950705,4026.3117,enderone
2026-08-03 06:30:50,day,culture,22,0x8565b21d736741147592264d75cc26ccf2040c43,556.8100807000083,732.08,dddtrips
2026-08-03 06:30:50,day,culture,23,0xfdf17710c572a46e992978d380cd27b1538c7195,538.416648205,0.0,GvLBV
2026-08-03 06:30:50,day,culture,24,0xe9ce3189cc3fa8b767c2b9ebf2a564887cd19811,482.7976918369968,0.0,safubets
2026-08-03 06:30:50,day,culture,25,0x760907c8840491c8c86fddb843d3f1d801786c4e,468.0,0.0,0x760907C8840491c8C86fdDB843D3f1d801786C4e-1771959662080
2026-08-03 06:30:50,day,culture,26,0xb17d4706e45bf0935acc338162bd40af837e59ae,433.54033938195016,99.999549,Mithrandir.
2026-08-03 06:30:50,day,culture,27,0x6fd4e7920761623e4f2852bb60c0b59a709f4fa0,394.8236383741357,1083.85,usurper55
2026-08-03 06:30:50,day,culture,28,0xf16dd3586eb9ca2b002a0498548b15439991b7f9,385.0920006055005,0.0,rocky42017
2026-08-03 06:30:50,day,culture,29,0xcf006e28309313be21b36d22bde515882182353f,375.4697411435002,0.0,rocky42009
2026-08-03 06:30:50,day,culture,30,0xaca23974e2b8131efbafaa1fe03ea9595ea0b9a1,368.2363655099907,2233.6361439999996,ellio8989
2026-08-03 06:30:50,day,culture,31,0xc5187cb669690150643ba2f9aac6b7d98d212594,353.74230942791974,3103.937941,mustbethewater
2026-08-03 06:30:50,day,culture,32,0x7afb239dabdd549d09ccd3e6cc910958894b61ea,344.48576806993583,1091.579339,buyaoshangtou1
2026-08-03 06:30:50,day,culture,33,0xb4137939635b2d6d29bfac4429eaab05f5d81cb7,335.3782667134992,0.0,
2026-08-03 06:30:50,day,culture,34,0x661daf6af6d884012dd6db73c09d72e8be224dc6,326.9664589194999,0.0,DOLLAR-PRINTER
2026-08-03 06:30:50,day,culture,35,0xb7de57721ee931290e90bc0c8a9f38855130b802,309.9625493314943,0.0,on-cinema
2026-08-03 06:30:50,day,culture,36,0x277989790d4a8c782d7a4992e13c2dcaa031239a,307.79234384500114,22.5,balabalababalabala
2026-08-03 06:30:50,day,culture,37,0xfd557e6db670c9704bc1d0d8e8b585c7d9c9f905,280.2163329297557,1902.60984,northdrawer
2026-08-03 06:30:50,day,culture,38,0x9199ba070c49a78d7b1eb029b5c03d0b2972dd2d,272.4751037280148,3750.99,0x9199Ba070C49A78d7b1EB029B5c03
2026-08-03 06:30:50,day,culture,39,0xe904443b4084bbda216e344353a44cd4324a2d9f,269.54430564648646,5593.200000000001,shovelingdigging
2026-08-03 06:30:50,day,culture,40,0x1e3f6cf4e6cc1de08a57f8cc92f5ae278ee94ec2,263.9999999999999,0.0,dada999
2026-08-03 06:30:50,day,culture,41,0xbbdcefe91e01e982c7b8532da6128f6ed7445d81,261.49641049999997,0.0,Bobi-Beebs
2026-08-03 06:30:50,day,culture,42,0x54096e86cac2d70d04fd98ee16f633c7e9d479db,244.9485799999993,0.0,Boss7
2026-08-03 06:30:50,day,culture,43,0x712ff6df3887ef407655e2f7711bc1d03e859fe6,231.24894196700006,0.0,Vespuccii
2026-08-03 06:30:50,day,culture,44,0x9afeaa84ba61d876f04575c7cb667853f173062a,217.34353971049973,1303.12,05005
2026-08-03 06:30:50,day,culture,45,0x111f9b5f33812ecabda0922a868cb76a27adaf00,216.08786165000106,0.0,RabbitRunning
2026-08-03 06:30:50,day,culture,46,0xd1a63a243042d864520512fbdbd2fd20e0ab1507,208.98800105000737,485.00999999999993,DkOYL
2026-08-03 06:30:50,day,culture,47,0x2b3d1e9bdf941d435dc91a8b974b86f7064c8db7,207.84071124598267,1781.0099999999998,crckr
2026-08-03 06:30:50,day,culture,48,0xee0284b647c829d4d24041f660e3253e382c180e,196.52820000000057,0.0,kol111
2026-08-03 06:30:50,day,culture,49,0xbe78735039230635d5debcdc11400619d7e2c533,188.64265315253942,1218.1979199999998,splatloud
2026-08-03 06:30:50,day,culture,50,0x4363b77e27605f59bcf101eba5d2498c8875c153,186.1015412585,6308.462595,Amir10001
2026-08-03 06:30:50,day,culture,51,0x1f85eb9c455c5bdef5d96c2739076678c7157b02,183.1252885057362,541.6533909999999,0x1F85EB9C455c5BDEF5D96C2739076678c7157B02-1778811447702
2026-08-03 06:30:50,day,culture,52,0x69448d9d3ae6c6c62d94ab9c1ea696532fa47275,181.21619230800002,0.0,helpinghans
2026-08-03 06:30:50,day,culture,53,0x511f9c771449162349795d17becf8b37031acbe1,180.19472193029105,1891.996576,Bigggggggg
2026-08-03 06:30:50,day,culture,54,0x0d42d3504ae69136406708fc1cc3117842932eee,176.82492039231693,3999.916469,ppobb1123
2026-08-03 06:30:50,day,culture,55,0x8ace6b1016214876667444d2b3055065da996069,174.35493627300002,0.0,wastrel
2026-08-03 06:30:50,day,culture,56,0xf2f52144a3936d4400b52ad6a2e4dbd7993e137e,170.99426642649905,0.0,coinflip123
2026-08-03 06:30:50,day,culture,57,0xe8ade1c67a880380ec861c476052c2f00057a859,167.48511339599986,0.0,suanlimao6
2026-08-03 06:30:50,day,culture,58,0x2ef2887692386bebad6ef3df9fd3d0e223047f72,165.73267000003125,1455.02,fghsrthrhrshrsth
2026-08-03 06:30:50,day,culture,59,0x849ccb5907938ce8be18ed5dbf583288e2da4009,156.7810271002818,11915.772529,Ondra
2026-08-03 06:30:50,day,culture,60,0xa98eb807461aee34ab424905f91453128220daa3,156.30517832114998,1003.5916500000001,
2026-08-03 06:30:50,day,culture,61,0xc2e5359b204c4296b7e1a07603fe0b657486b3a5,143.54200000000128,0.0,euro-catcher
2026-08-03 06:30:50,day,culture,62,0x4906519b8b658eba58d3daf27d50be539ace7e10,141.93466235699998,0.0,camtomo
2026-08-03 06:30:50,day,culture,63,0x3e015384b4edf6ce05bc290e5f64bcba1e54757a,135.76997829999982,0.0,taysonfurry
2026-08-03 06:30:50,day,culture,64,0x69645cea639e7a19cbde6c126a197bc1abafef53,133.22546901425812,5343.598657999999,PredictionYogi
2026-08-03 06:30:50,day,culture,65,0xe6c6f1d992367fb31219ae05464fdcfd2b7577b7,131.9994131280007,0.0,carboyant
2026-08-03 06:30:50,day,culture,66,0xe0969a9ad466da69e034b271ef4e74ebd592be8e,130.99811425500047,0.0,MineYours
2026-08-03 06:30:50,day,culture,67,0xf02105d60083d7d74d7e0f9785d79e06137cdf56,127.79182963462881,1577.3671379999998,MollyParkets
2026-08-03 06:30:50,day,culture,68,0x00dcc064f44f8c686bcbd7988de2cd3e0129d521,127.51169522699956,560.0,hgcvcv
2026-08-03 06:30:50,day,culture,69,0x5441cc74275aaf5378efd99d1d2f025d79c71f2d,126.78727513599999,0.0,
2026-08-03 06:30:50,day,culture,70,0x503fc56715e48b6ede4c7289135be83a88208989,125.71019999999999,0.0,0x417932ca3da34bf3df20009512a85b2eee9429c3
2026-08-03 06:30:50,day,culture,71,0x7e25f3dbd55afd690302c4abcd8c3fb182d39712,123.81095299899971,1628.9699999999998,Novapm
2026-08-03 06:30:50,day,culture,72,0x5386c28311272ff4c6adf6d208dcbe3c3692f618,123.08060898550048,0.0,Furbo2
2026-08-03 06:30:50,day,culture,73,0xc684828f6b03487759ced2ebdd975f91f3532228,122.95352971305874,5007.782852,oliman2
2026-08-03 06:30:50,day,culture,74,0x514bed69dd15b0aa7183f985bdce50681a026931,122.3935000000007,0.0,ProsperIntelligence
2026-08-03 06:30:50,day,culture,75,0x4e72c22cd76f9973a48aedfd79feeaacc8b7ffb9,122.05083588151888,1086.08857,0x4E72c22CD76f9973a48aedfd79FeEAaCC8B7FFb9-1778811541343
2026-08-03 06:30:50,day,culture,76,0x5f4fc359460dbe427ae7d4f81b4a34b3678cc2f1,121.05100479000157,748.09,0x5f4fc359460Dbe427Ae7D4F81b4a34B3678Cc2F1-1766878911831
2026-08-03 06:30:50,day,culture,77,0xa1e9ab4d47ce17961795c6250a99e07b7c9d8b44,120.60035666000113,0.0,Gaeten-Dugas
2026-08-03 06:30:50,day,culture,78,0x2ebc92335746caaa8ec7536722ac692250e989c8,119.80000000000001,0.0,Touji89
2026-08-03 06:30:50,day,culture,79,0xc21e82b5c9fb7174dd71276023dd1cc417a9e6d3,116.93506139999693,0.0,Solitude26
2026-08-03 06:30:50,day,culture,80,0x1740369c1f8b9df534cf1e3ffbef55dadbd8d7c0,114.64971771399905,1499.99,huixue
2026-08-03 06:30:50,day,culture,81,0x732f92a77d0d7d9f3a2bca0ed6b5dd5b52b3201e,113.92599798351694,1854.917558,Mr-Ferrari
2026-08-03 06:30:50,day,culture,82,0x52ebca459280966f4a56240a05e38df8527067ac,112.19975865299966,1412.38,AMAM13
2026-08-03 06:30:50,day,culture,83,0x9696400353b2f0b6becf4fbfdde86ffd680f0861,111.54148061130218,2304.8561929999996,ent1337
2026-08-03 06:30:50,day,culture,84,0x3653235d75a0d5969c42f7514d4df8ea5f8cef74,108.83748946184403,1468.401138,0x3653235d75A0d5969C42f7514d4Df8eA5F8CEF74-1778811817579
2026-08-03 06:30:50,day,culture,85,0x7b16e6b955178022519584ac686e25ba39a1358a,108.03461220243202,2056.18,
2026-08-03 06:30:50,day,culture,86,0x35926f7f63d7478a665890c58870e567f6bec68c,107.91153903400004,302.74,8014a3d96c
2026-08-03 06:30:50,day,culture,87,0x0086cb69cb8540e5561ba1968718e3b305631b8c,104.589868703008,2631.032324,manuelarias
2026-08-03 06:30:50,day,culture,88,0x142541b4dd8ac5e793e01c06e683035df3f8d60d,104.29751671643277,2160.305166,kaliom
2026-08-03 06:30:50,day,culture,89,0x1cd147d1dfd1f129409bdaca9a543b217ea39c20,104.05752529070014,1349.75785,0x1Cd147D1dFD1f129409BDaCa9A543B217ea39c20-1730764125093
2026-08-03 06:30:50,day,culture,90,0x04f6dab1a3d35fc9ad828536cd0f493013fd311a,103.73670143999999,0.0,LineEditor
2026-08-03 06:30:50,day,culture,91,0x12f789f085184cc0e8af7592bd82566fb06a4ae3,103.26373635000073,0.0,treh
2026-08-03 06:30:50,day,culture,92,0x42b8dc8fe87f097fd6ac24208995bfe498071305,102.76132932149994,3710.3520179999996,ressseyn
2026-08-03 06:30:50,day,culture,93,0x5822b9376e50d576ef85e62be0f53434816f8774,100.07967432552368,1166.371512,dex52
2026-08-03 06:30:50,day,culture,94,0xe7c035ee5136d6c213160a6f760392e2eb1ed656,99.57800474499982,2727.95,0xe7C035eE5136D6c213160a6F760392e2Eb1eD656-1767789082519
2026-08-03 06:30:50,day,culture,95,0x34a9e26af9bcec22a27cbc96f55cdbb39ad74cfd,99.01320677563763,1281.413501,
2026-08-03 06:30:50,day,culture,96,0xc7d02944a76b9f83b199e9090ecc92c82d241f8a,98.81679550284662,1407.090122,0xc7D02944A76B9F83B199e9090ECC92C82d241F8a-1776944395495
2026-08-03 06:30:50,day,culture,97,0x2583829535661016b85cea56eab41a2a5280261a,97.56858111999998,0.0,
2026-08-03 06:30:50,day,culture,98,0x750545482cf883fcd5e7f7ad8e14d3f61a322978,96.37219111813465,364.12757400000004,Jackybrown
2026-08-03 06:30:50,day,culture,99,0x9542ff7d244ecef30e0d15c584f427abc82a888b,96.19580550000012,0.0,ohex56
2026-08-03 06:30:50,day,culture,100,0x347cbdeb5b2fc5d2ba33c22c9129987cbf946b1f,93.27193055600037,0.0,Po1yBot-QI6GR4DKSp
2026-08-03 06:30:50,day,mentions,1,0x38f50488b14a87769e0c5cd6c514b6c2e8ec6824,262.1345888799988,342.88,OxfordExpress
2026-08-03 06:30:50,day,mentions,2,0x5f3ee9c40be255d1c18ca38bf4ab94b564c75337,102.54317553000033,100.0,0x5F3ee9c40Be255D1C18cA38bf4Ab94b564C75337-1776862065527
2026-08-03 06:30:50,day,mentions,3,0xf903c4cd098184e67a06a04f9b8fdb36e7bbe028,100.97980444199948,0.0,Viserys
2026-08-03 06:30:50,day,mentions,4,0x3577763ad9d0d03f8977c74b962df9dea4996eff,88.85557736900046,0.0,0x3577763AD9D0d03F8977C74B962dF9Dea4996EFF-1767394315226
2026-08-03 06:30:50,day,mentions,5,0xa24d3122ecad883b0fe1ff7b9b2d9967e23d3065,86.75000000000591,1000.0,Anatol50
2026-08-03 06:30:50,day,mentions,6,0x95074f700f93bdf6e62fc965e0832064c0877b04,83.4785469999988,389.0,95074f700f93bdf6e62fc965e0832064c0877b04
2026-08-03 06:30:50,day,mentions,7,0xbe0e2ccaba04e1cff6328df819aba5648578d429,80.31750494999983,454.54,hesure
2026-08-03 06:30:50,day,mentions,8,0x4410108997d7321edf1f364d5baf441acdd84cf1,80.16486549999999,453.851,daxia138
2026-08-03 06:30:50,day,mentions,9,0x08ef9bb12e694e305d5e0cf1761874ce902ae466,60.80578816000002,35.026151,0x08ef9Bb12E694e305D5E0cf1761874cE902aE466-1758127915454
2026-08-03 06:30:50,day,mentions,10,0xe1173c89e54a444c355f928031aadbbc0bdfb4e7,58.759519874999995,199.995825,alexludoman
2026-08-03 06:30:50,day,mentions,11,0x4b8ae011176b76888949476d7fb7a56985faf4a4,52.3083010600003,0.0,chessplayer
2026-08-03 06:30:50,day,mentions,12,0xcbcc04488f28863dea12109c675c1ab657e96d6a,51.76812759650002,67.22,nebula1
2026-08-03 06:30:50,day,mentions,13,0x299cb40195d270438f8950902f242d796457d85e,51.04176047500641,0.0,0x93718462075596-836100846371
2026-08-03 06:30:50,day,mentions,14,0x62365f754d4aa7dc537f997f23bb5dd9a9e36881,47.506775484497666,73.2987,Slackjaw
2026-08-03 06:30:50,day,mentions,15,0xa400008ab672cc8a19928aa0a49852f80d1c14bb,41.253961962999995,0.0,0xA400008Ab672cC8A19928aa0a49852f80D1c14bb-1779714772177
2026-08-03 06:30:50,day,mentions,16,0xe8fcb5f37ef114be04c7e54ff601730117340d3b,33.649991843000066,0.0,Fihdrzgdd
2026-08-03 06:30:50,day,mentions,17,0x22af2eeb8ce0251f483de6d0d8c44889a4c7399a,33.64572999999996,0.0,asadwq
2026-08-03 06:30:50,day,mentions,18,0xa3e22cd32aa9238ef7dbcfb4761e33b9eaa1fdf8,33.17428066199864,48.81,pootytherewardfarmer
2026-08-03 06:30:50,day,mentions,19,0xb22085e3eae25e5f96568f84c7b25b9bf7c45f71,31.17543923800004,205.0,buzzedballs
2026-08-03 06:30:50,day,mentions,20,0x74957ea27ac4fbdee46d861fdae357859ff67fcf,31.14593858156013,879.2503449999999,LornaPredicts
2026-08-03 06:30:50,day,mentions,21,0x17f4b0fe0b10bcb3b04cfe102a6bc2c8ae659d7f,30.471795962156648,5.555554,getmetoskii
2026-08-03 06:30:50,day,mentions,22,0x1e934f01216bf34b277eaeebe2c81183bed278bc,27.599999999999454,0.0,kennedywithautism
2026-08-03 06:30:50,day,mentions,23,0xd8d5289c35124b5353f5a10a28b8cc29aec38935,26.399999999999636,0.0,D8D5289c35124b5353f5A10A28B8cC29aEC38935
2026-08-03 06:30:50,day,mentions,24,0xb37f3f453a78aebc6f39bf577f2d53708dadfdcf,24.784880000000157,0.0,Wwx
2026-08-03 06:30:50,day,mentions,25,0x46b353667fd7d846af3bbeda6584b0e5b883d3de,23.77343749999892,259.5012,bjprolo
2026-08-03 06:30:50,day,mentions,26,0xadf18a599d0c73e432d042ad6d922051ae796460,22.728713339999956,254.38,Kactus
2026-08-03 06:30:50,day,mentions,27,0x50b977391c4b3dd88b0a0bef03c3434fe4284298,22.137592000001007,254.00750000000002,rocketcrypto
2026-08-03 06:30:50,day,mentions,28,0x63850ce907044eac77fba13d59f263ade68093f2,20.748499999999694,0.0,Waterfall
2026-08-03 06:30:50,day,mentions,29,0x1c144e30f405a25f991cbd8baa15d40599090869,20.588070567988325,0.0,bernardbulletin
2026-08-03 06:30:50,day,mentions,30,0xbc2b11426abc01e11d9bbd75b398f9d1664cb91f,19.902570006175893,58.22209999999999,Joleen1544
2026-08-03 06:30:50,day,mentions,31,0xc602e34792d9a5e129f3404daef2df43d1d37fc1,18.20391998299783,214.20000000000002,Dr.PNL
2026-08-03 06:30:50,day,mentions,32,0x1cfc260bfa2b5ae89377863180ca3b4f5c862111,17.821239999999307,0.0,lissartter
2026-08-03 06:30:50,day,mentions,33,0x9a94e5b4f0d6c646ed49e832cf8142c45474d5f9,17.2600479999997,1569.952,.Menthe
2026-08-03 06:30:50,day,mentions,34,0x49b2f9109cf47d73775a244e5fe209b9991b0544,17.03604306,0.0,0xAAfdD0102035adAF79B7669edBd4f507F58e5eC5-1773204710464
2026-08-03 06:30:50,day,mentions,35,0xe8c4d68aff65b38cac46987b9b65e01eb47d395d,15.969919999999775,207.5,JAMJAMJAM4
2026-08-03 06:30:50,day,mentions,36,0x67634d50197cfea2857998df52564b26deae8d5c,15.647205500000013,0.0,Yalud
2026-08-03 06:30:50,day,mentions,37,0x1ee9a5fc09665909c0cce297c581703bfbb9197f,15.103977592000774,0.0,vinii
2026-08-03 06:30:50,day,mentions,38,0x66c1a6fe836ff555ca32848646acedbbe93bfa3f,14.614454999973532,136.9,Tian-Wen
2026-08-03 06:30:50,day,mentions,39,0x9b2fcb79bdb8a6a6174da327e9335f7889c6d8f8,14.500000000001819,0.0,SloppyDonny
2026-08-03 06:30:50,day,mentions,40,0x7bff96579b20fe3530e140d6a3c223c9f2127cd6,14.304139999999734,0.0,KingZeManel
2026-08-03 06:30:50,day,mentions,41,0x6b0ebbef2630b9a0da35594bf7ddd1911246e3ea,14.109999999999957,0.0,
2026-08-03 06:30:50,day,mentions,42,0xa7244d0a2e32d866cee7bbb3e934df1dd605cb96,13.662005676000021,0.0,0xa7244d0a2E32D866ceE7Bbb3E934dF1Dd605cB96-1771768311253
2026-08-03 06:30:50,day,mentions,43,0xb141b29993bf40c9936a3cf5a516533a9368aa3b,13.5,150.0,LS-ship
2026-08-03 06:30:50,day,mentions,44,0x81a994924efdbed20c3d360bbea3913b0b6bdf08,13.319999999999993,0.0,zishuai
2026-08-03 06:30:50,day,mentions,45,0x2b340fca886b3c7a2cc928c4a89162133fe4b202,13.028856055000233,0.0,Fluo
2026-08-03 06:30:50,day,mentions,46,0x1e94ed3120b2758098015fc4371302539f4ce436,12.000024641913,25.531913,crypt0xDiiGz
2026-08-03 06:30:50,day,mentions,47,0x30f67d821c57a54e25e5e521dbd3b5b18309004f,11.532500000003893,90.0,shiifoo
2026-08-03 06:30:50,day,mentions,48,0x726c6e3d5cdb1a8a97b38c0e2d88448b19d66bfd,10.774969999999882,0.0,idl
2026-08-03 06:30:50,day,mentions,49,0x84d4f0a864c647b88635c0e299da30d7606377a9,10.311600000000055,0.0,
2026-08-03 06:30:50,day,mentions,50,0xf0acc505d85f9c520fef51017bb5f0a4f63780c0,10.160171629999986,0.0,liverpoolfc
2026-08-03 06:30:50,day,mentions,51,0x26bc39c2984d2038bc7616c3d6f7b1e9c5c06b72,9.54288780150003,0.0,neviaa
2026-08-03 06:30:50,day,mentions,52,0xd8b266503721e565658dc396616b7fd0865d49fe,9.475450000000023,0.0,omahaoracle
2026-08-03 06:30:50,day,mentions,53,0xc9727ed498a58a9e8e8758d51c5a4eb0b752dcd9,9.279495099995984,10.0,catalanpaths
2026-08-03 06:30:50,day,mentions,54,0x46e7af28babc784bd1b75ae0a10623181dd7f51e,8.283608376499998,78.86,Ludwig14
2026-08-03 06:30:50,day,mentions,55,0x45e7f98a1f64c1e5eea2fb5e287788f1cc67d77c,7.249999999999993,0.0,poi123
2026-08-03 06:30:50,day,mentions,56,0x4ffe49ba2a4cae123536a8af4fda48faeb609f71,6.791423670000768,0.0,planktonXD
2026-08-03 06:30:50,day,mentions,57,0x5a7f8df634f7ab59ce94b970f5b2ad20770d6413,6.567999999999984,0.0,gonnakilmyslf
2026-08-03 06:30:50,day,mentions,58,0xfe9339e4eca140c1a16f94a52b5cde4d29768d0e,6.481969425000386,0.0,winexecutescale
2026-08-03 06:30:50,day,mentions,59,0x8a4ec9c5684b23599bb1dd827b8a5673c2fab38c,6.454000000000178,41.9,Jamieeee
2026-08-03 06:30:50,day,mentions,60,0xbe0839ace8167e27a91baff64f1e1f05ee69a0a0,6.253343749999999,0.0,
2026-08-03 06:30:50,day,mentions,61,0xaf7fc9cc6d53a5f8161e2070444ae362b26146eb,6.245796835,0.0,0xaf7FC9CC6d53A5f8161E2070444Ae362B26146eB-1770914477456
2026-08-03 06:30:50,day,mentions,62,0xdacf9f8d0341fa3770fae5c7ccd9dcfed23e3c74,5.970243669999036,620.4100000000001,CosmicCedar
2026-08-03 06:30:50,day,mentions,63,0x8caccf91ac3fc0bf888eb294e6105f86ad8bab70,5.851524999999997,0.0,YieldDelta
2026-08-03 06:30:50,day,mentions,64,0xd8514b628363e6420313d1d1a45c0705048964d7,5.657145154999995,147.57,
2026-08-03 06:30:50,day,mentions,65,0xa66790e2b0075e73c3781ddaf1d0b875a3aaceb3,4.974088399999999,5.0,Elias.Thornwell
2026-08-03 06:30:50,day,mentions,66,0x716934e59ade35d8c7469816542e368e744e3ca6,4.869763198048815,0.0,0x3329cfc2b8d8ceb8d198f081bdf4262f421f43a
2026-08-03 06:30:50,day,mentions,67,0x2762873b815644d5b13790aeed3fcaed7d222cf6,4.654719612499989,0.0,Milin-dc
2026-08-03 06:30:50,day,mentions,68,0xd44c919a655a007bcee15777c76b00cd3d8828c5,4.552997789999992,0.0,0xd44c919a655a007BCEE15777C76B00cD3D8828C5-1768498912368
2026-08-03 06:30:50,day,mentions,69,0xff0354eeeaf53e72d9c36e55ef9dcb57aba77ec6,4.309999885,0.0,Camdwg
2026-08-03 06:30:50,day,mentions,70,0x30687f44db250f7d914acb4ddc9634c3400e083d,4.266440249997686,100.0,YoungMoziRPG
2026-08-03 06:30:50,day,mentions,71,0xccbffc2ba0fe369f98de121bb96675cdc1c5e319,4.260587988899999,0.0,ozuoo6wep9o3
2026-08-03 06:30:50,day,mentions,72,0xd56349a38ae67fdada47f4357c80075b279792d7,4.25,0.0,vinnys20026
2026-08-03 06:30:50,day,mentions,73,0xf963af2a952dfe8becca78ec63c888dd967055e4,4.141373930001464,0.0,nizami
2026-08-03 06:30:50,day,mentions,74,0x062764c939c25838e55919c29f573ed1523813cf,4.0625,0.0,0x062764c939c25838E55919c29F573ed1523813cf-1777102634375
2026-08-03 06:30:50,day,mentions,75,0x9db3ff59e5c13760a444a2fec13a35a23af21d38,4.044842408000022,0.0,Granddaughter
2026-08-03 06:30:50,day,mentions,76,0x392d557de378926143df5f72d8ddaef3f0d221a1,4.007246111999962,0.0,DorTovim
2026-08-03 06:30:50,day,mentions,77,0xb47e0ebd655e6b0190a26b2814a9a2282dc0c602,3.8060000000077707,0.0,PMMMR
2026-08-03 06:30:50,day,mentions,78,0x5028d34cd2691f64255971410d595289a2a191c5,3.6600000000005366,0.0,rocky42001
2026-08-03 06:30:50,day,mentions,79,0x1fcc97d92bccec98ab57be7f286c94425d77701b,3.64126034346873,30.508468999999998,.heart
2026-08-03 06:30:50,day,mentions,80,0x6fadc105016ce89b0b09d336992e4c2553dd2636,3.6000000000000014,0.0,tomlhm
2026-08-03 06:30:50,day,mentions,81,0xf2f9bcc0be19fcdfc2897dbe2f592190a770edf0,3.5410553636500026,0.0,Millar21
2026-08-03 06:30:50,day,mentions,82,0x6bec71799338cbcea19d53a1f1d665228e53e13c,3.449424999999998,0.0,Svicks4
2026-08-03 06:30:50,day,mentions,83,0xb1198968d144997367fe23c14f3730348075680b,3.2146133299999917,7.5,jdkfbsbdskjbfjksq
2026-08-03 06:30:50,day,mentions,84,0xc90151ca931761870dddd89bfc84cd80bdfd0c1d,3.2058000000000106,0.0,KenneyG
2026-08-03 06:30:50,day,mentions,85,0x11b53af0db7d807e20c54420232099c11d608c02,3.0898167699999846,30.0,0x11B53AF0db7d807e20c54420232099C11D608c02-1780728892156
2026-08-03 06:30:50,day,mentions,86,0x9422f0e5a2c4358bdd2a901aa2a31f58e04ef273,3.0683984750000377,28.7,flexer78
2026-08-03 06:30:50,day,mentions,87,0x64f8a9c396560106e570fb31751b604b8443eec6,3.00611105,1.11111,99per
2026-08-03 06:30:50,day,mentions,88,0xbe60cf62f6d3f78ce67d248a5a775ef57fc6c2f7,2.9986510000000095,16.61,IntaSewer
2026-08-03 06:30:50,day,mentions,89,0x99984e22205053950eb25453779267bcc1aee858,2.9150499999999937,0.0,skybuyer24
2026-08-03 06:30:50,day,mentions,90,0xb47f2bf22b64fd9aa63a25c86b67335f75add792,2.9000000000000057,0.0,f4real
2026-08-03 06:30:50,day,mentions,91,0x546a5166295433ddda571cde5d077fc46abd1988,2.837638559999995,0.0,0x546a5166295433dddA571cdE5d077Fc46abD1988-1770842732162
2026-08-03 06:30:50,day,mentions,92,0x3a17e971db72b27b3f1ef799b1b6a4fe07d75849,2.8235650000000057,50.760000000000005,
2026-08-03 06:30:50,day,mentions,93,0x475a58906a8ec2b0cc20b1a5be1c4c72e46886ab,2.7983383900007084,66.39,cristinathearena
2026-08-03 06:30:50,day,mentions,94,0x993c95f836ea033d97a08985060869270e208f7a,2.6269525578189814,9.512819,lekkerweertje
2026-08-03 06:30:50,day,mentions,95,0x445e39db08a0d8c8f4e0da1dc76b71aabcb72328,2.6070798239999995,0.0,bird2222
2026-08-03 06:30:50,day,mentions,96,0x9495d622ab74a601ad1668d3dd4f7a2e68c3468f,2.5377350000001115,88.0,0x9495d622aB74a6O1AD1668D3DD4F7A2E68C3468F
2026-08-03 06:30:50,day,mentions,97,0x7e80049eb08ac45b6ddadd8d069db6fd94ba631b,2.1800849999990533,62.44,J25525
2026-08-03 06:30:50,day,mentions,98,0x88ec2648c195f727288472b6ed3201ccd6247ef0,2.0875832164999935,0.0,
2026-08-03 06:30:50,day,mentions,99,0xe0dcc05376176f9f9e5160b9aae6f51e2ca93944,2.0747999999998115,0.0,Dr.mett
2026-08-03 06:30:50,day,mentions,100,0x564f22744b7941ade18d5e0e4f347c30e3057026,2.009800000000155,0.0,molodoyy
2026-08-03 06:30:50,day,weather,1,0xdadbf9e1df1b8d7a184a0d6ab9c83b2337b61870,1377.4944552619963,2699.38,WeatherHK2
2026-08-03 06:30:50,day,weather,2,0x2c576d00e8e76c133e33dbb82b70eb5de78f372d,1277.8851492098674,9018.005395,Bertrame686
2026-08-03 06:30:50,day,weather,3,0x8fbd7cf5f806f563080864694415829f7229a959,1069.5178555624007,10609.979859000001,badatmath.
2026-08-03 06:30:50,day,weather,4,0x09a85cfe4d51e0cde12daa4d255b3f789fb447c1,771.5974900000001,0.0,tenkiyoho
2026-08-03 06:30:50,day,weather,5,0x4f1164d1531b8fb77919df285c576628318553b0,697.3909950210564,3340.5071420000004,yourthos
2026-08-03 06:30:50,day,weather,6,0x9e42994df82c383c1b128069280c0e3f65184938,584.1748883954627,3951.0585849999998,womenzhijiangeyiban
2026-08-03 06:30:50,day,weather,7,0x1e895bc24bdcd95142614b4f6334d51ce924e7ed,572.0252275320017,249.98,japafabricacafe
2026-08-03 06:30:50,day,weather,8,0xc5f5cc827040db81cdebe637d815722a6f195d54,528.4033735263783,12074.973796,1111416
2026-08-03 06:30:50,day,weather,9,0x3f0b450ec6b45633f60c16bbaabed9fdbd1ad571,521.0649075421488,6719.482185999999,0x3f0B450Ec6B45633f60C16bBaABeD9fDbD1AD571-1773606770537
2026-08-03 06:30:50,day,weather,10,0x92819669abec47d4bd694cecf95179974b8d60fe,500.9437033705001,900.97,CC2662
2026-08-03 06:30:50,day,weather,11,0x23d81ba9371e576015c1e562db09c689f56b0288,486.785349632999,0.0,flawfence
2026-08-03 06:30:50,day,weather,12,0x671558412687de6dac0558f320ba9f9599c89365,475.9460070275004,0.0,Hassoh
2026-08-03 06:30:50,day,weather,13,0x16ce1f954bfae560af862712fad9dd261f4ceba1,456.54260732700027,660.977883,36oldtiger
2026-08-03 06:30:50,day,weather,14,0x23d18416645924e097c453e8ceadd4bfeb6a353f,445.98000000005777,0.0,fcomp3
2026-08-03 06:30:50,day,weather,15,0xe040ffe586e21cb49449e8daf19b1cdff87a824f,443.74660382649745,14444.923350000001,god83743894
2026-08-03 06:30:50,day,weather,16,0x96e845c7960338680081883aef97d3167a68bf9f,416.8468752800004,0.0,Lunarcorona
2026-08-03 06:30:50,day,weather,17,0xf8dc8cd0fd55eccb5409ed99ed90a86bc7f0f31f,396.572306699818,3077.103441,dingdingdangdang
2026-08-03 06:30:50,day,weather,18,0x79569c573fd62c0aa3be35f48ec282d185f3eba5,349.3636387850345,526.4931349999999,trashMESH3
2026-08-03 06:30:50,day,weather,19,0xf0637528f0fa1c4634714e370447d7b4638c7893,347.7044523500008,0.0,SS123
2026-08-03 06:30:50,day,weather,20,0x5bb3c034a9078b5f3b2f91e0aa59e9cd03c42c94,316.5413704454579,3991.071914,0xBBc4A9...9E9cDC4C94
2026-08-03 06:30:50,day,weather,21,0xc7d02944a76b9f83b199e9090ecc92c82d241f8a,315.93412247527885,2220.662372,0xc7D02944A76B9F83B199e9090ECC92C82d241F8a-1776944395495
2026-08-03 06:30:50,day,weather,22,0xf51b1d560e33b1c56f8a9a4e8fec3d4800c0ca1b,304.96146153221343,4874.496320000001,
2026-08-03 06:30:50,day,weather,23,0x3b6bbb7dacdcca1b783edb28d33339a282acb46a,304.93360065,1773.1899999999998,xiaopxiong
2026-08-03 06:30:50,day,weather,24,0xc34f6b088bb9172625ee1ea2ee8da9ac4f037d2e,286.96071247696455,5959.025151999998,StayFreshCheeseBags
2026-08-03 06:30:50,day,weather,25,0xf7a4f1a3716f79e4f588642b5d60e61ddc1cf148,278.2676999999985,160.0,0183648392
2026-08-03 06:30:50,day,weather,26,0x7df00357d97916a5c7888b212a94535097790dfe,259.3381626200917,1930.635901,neverhackme
2026-08-03 06:30:50,day,weather,27,0x77f069c3233901628c89d0e8ea5bb510a2822b1f,256.08237506949536,2278.318927,cleaningLady
2026-08-03 06:30:50,day,weather,28,0xa1d7b61c9f9f4888b3339f5316f9aa57e575a338,250.80242715358418,5740.362354000001,okkokok
2026-08-03 06:30:50,day,weather,29,0xf2f6af4f27ec2dcf4072095ab804016e14cd5817,244.67712870484684,0.0,gopfan2
2026-08-03 06:30:50,day,weather,30,0x447864124b1af665c2e03f9fe2d103da1b757f8a,243.39107370259546,2446.2999999999997,hsytalent
2026-08-03 06:30:50,day,weather,31,0x94c4fe3b18435aa92024c7c1589537fcda3f43ca,239.0122895200002,0.0,Railcool
2026-08-03 06:30:50,day,weather,32,0xafde461fce5aa0fabdb7711c59db93b65e343e1d,237.60749908605794,12529.156858,opopv2
2026-08-03 06:30:50,day,weather,33,0x8116c9deec00e540e44f9a0df746bcecde73465d,232.71333023950012,0.0,
2026-08-03 06:30:50,day,weather,34,0x6a8d1709bfb718d8555d315a983c4816278350f9,203.8892772989384,0.0,OnlyLuckNoBrain
2026-08-03 06:30:50,day,weather,35,0xdd1cc08d436e10c8d68defc024e3dc29b6bc3f79,202.96815999150022,62.08,0xdd1cC08d436e10c8D68DeFC024E3dC29B6bC3F79-1770019466819
2026-08-03 06:30:50,day,weather,36,0xb7b9ce6c3db2ebf1dcd12db8ae64cfb2e9f01e0e,202.64324924331595,510.38379199999997,Yskfne
2026-08-03 06:30:50,day,weather,37,0x4309b8fa35a26ac2eef6532147d7e5a6e5697456,197.97286104294184,2510.088283,jason11250
2026-08-03 06:30:50,day,weather,38,0xa27167dcaa831827211a53970c339ccc04124fca,197.47181649700025,0.0,polyinit-354-8272f3
2026-08-03 06:30:50,day,weather,39,0xad5057e6947081649c263a538d58899117e63122,188.44164654575798,6727.698727,moon11188
2026-08-03 06:30:50,day,weather,40,0xbbb72a812cfbc5217d77c0a0018c71f174d3a11a,185.4809263822699,164.06,sailor82
2026-08-03 06:30:50,day,weather,41,0xda07719bd1fc8594b82031f196ea5139740c62a0,184.50251900297116,523.405692,simo53
2026-08-03 06:30:50,day,weather,42,0x92e53057ef2872722a53fe807245bd387e1defee,182.50860000000023,0.0,GrokEnjoyer
2026-08-03 06:30:50,day,weather,43,0x297a0f3a577d5e557d50dc23746ec5fc053b3dd8,182.00128066861203,1155.6679410000002,boardofvices
2026-08-03 06:30:50,day,weather,44,0x19f45a25608cbf60f63a6bad50354b74e83bc772,175.11539901526444,1934.9870019999998,0x19f45a25608CBF60F63a6BAD50354B74E83BC772-1775501223753
2026-08-03 06:30:50,day,weather,45,0x79ad3e890dc870bf48d9bbf3f226a77746db4eed,172.35876490391752,2148.465279,WeatherMasterv3
2026-08-03 06:30:50,day,weather,46,0x52ebca459280966f4a56240a05e38df8527067ac,167.51003102833783,5090.547406,AMAM13
2026-08-03 06:30:50,day,weather,47,0xe13b9103e90527084fdd726c089e6465b5126747,164.87532373699992,115.93,wildwake
2026-08-03 06:30:50,day,weather,48,0x263eebe2ff1b31bbbe7e14116e8c35c745702607,159.74212409975124,240.149249,Ckyun
2026-08-03 06:30:50,day,weather,49,0x6fb10c9908b68c82f5889f641fdc05ca59ee9319,157.32426459072212,3310.4449480000003,Frog-Prince
2026-08-03 06:30:50,day,weather,50,0xe6953214b110bdaebb473952e69a8c50d47f538e,155.1414335232967,680.722278,TWCheng
2026-08-03 06:30:50,day,weather,51,0x496f76bd5cf4c2819c710ae90ed1c84b2dc6fa5d,153.64620018480855,10503.514003999999,0x496f76BD5Cf4c2819C710aE90Ed1C84B2dc6FA5D-1773782287927
2026-08-03 06:30:50,day,weather,52,0x23ea53dff970c235ab42957e8456ad7ac671672b,149.99910465,0.0,Jango8
2026-08-03 06:30:50,day,weather,53,0x71d3ab191eeca5eac4c377230c5736af5d02e130,149.33481284998794,490.792939,HKFogCaster
2026-08-03 06:30:50,day,weather,54,0x93ece09d5e944fd2c37ecfdd93db37fb64b117c6,148.38290037500002,0.0,yq06n8c7onze
2026-08-03 06:30:50,day,weather,55,0x1bf4a0a329dd3e71ee9b65f26dd0b879867ff4c3,148.32499999999993,355.0,0x1Bf4A0A329dd3e71EE9B65f26dD0b879867fF4C3-1779970392203
2026-08-03 06:30:50,day,weather,56,0x81e96a9a3fac6a82be8318f84b4cf32f2c3a8e07,145.6449598819732,3211.9789089999995,plythesis
2026-08-03 06:30:50,day,weather,57,0x1cfc260bfa2b5ae89377863180ca3b4f5c862111,143.25957279874092,465.544724,lissartter
2026-08-03 06:30:50,day,weather,58,0xdd19b1243d33c3b68ba8f380ed57bd99d2933f54,138.55083641499996,431.956355,r6turtut76u
2026-08-03 06:30:50,day,weather,59,0x84e75160a041492461e8422b2d13132d387e73c4,137.04143688343996,875.793624,0x84e75160A041492461E8422b2d13132D387e73c4-1774573484548
2026-08-03 06:30:50,day,weather,60,0xfd368530e2d6b22677eeb90c89b29e232670a832,134.2711036916353,1125.195326,
2026-08-03 06:30:50,day,weather,61,0x085b15f4a8493f65a4b622e77e6c484f374078d5,134.269314621087,823.77521,
2026-08-03 06:30:50,day,weather,62,0xcfac481805235cc09ed46f089286f07c1933bc1c,132.0386022749999,1300.666665,Nilsonsr
2026-08-03 06:30:50,day,weather,63,0xf514389157b74172edc26ba950c2f5b8436507cd,130.6552219863001,1588.1609,0xF514389157B74172edC26bA950C2f5B8436507cD-1785299447999
2026-08-03 06:30:50,day,weather,64,0x38e2f5d6d1693a365e22b7ca0c715f8d92da2909,129.11529911705156,808.0608430000001,0x38E2f5d6d1693a365E22b7ca0c715f8d92Da2909-1774307530180
2026-08-03 06:30:50,day,weather,65,0x5a218c7ad04135830a45c41aaed7294df7809318,128.40151884424267,10244.256807,balthazar
2026-08-03 06:30:50,day,weather,66,0xb40e89677d59665d5188541ad860450a6e2a7cc9,128.25948786271329,19278.87353,Poligarch
2026-08-03 06:30:50,day,weather,67,0xa1cce6ea8c929c91ee4b9c78a57b11115d7f6171,126.54561265000007,890.21,0xa1cCe6ea8C929C91EE4b9C78A57B11115d7F6171-1779361990935
2026-08-03 06:30:50,day,weather,68,0x3f302dbb8e2cef9c25ea1cf8980b97711234f8de,126.23965431170427,223.52556700000002,BobbythePug
2026-08-03 06:30:50,day,weather,69,0x6b5012826833770af8b10acf3049f01edfcfc9ba,125.67749801000355,1843.1899999999998,bentayan
2026-08-03 06:30:50,day,weather,70,0xe92e2d704f238d5b25fdfe58606d458c01677cfc,124.9488152458278,2293.3638730000002,sammydavv
2026-08-03 06:30:50,day,weather,71,0xcd71fd5370880f3d92bb941e628c05840fe0d127,120.24000000000001,0.0,Kevindoto
2026-08-03 06:30:50,day,weather,72,0xb99b5c2f885769c0c287fa4dfb454e128e8ab581,115.9934858789552,842.8234729999999,kenchan5544332211
2026-08-03 06:30:50,day,weather,73,0x5213752c1eedb6d8b162ecec90d63f083a0038ad,114.55100393030796,2043.75,shoo-inlayer
2026-08-03 06:30:50,day,weather,74,0x35fb9ff237ffe318d6e8b2d026dc339134bb8511,112.76963786645547,1808.06046,BobAxelrod
2026-08-03 06:30:50,day,weather,75,0xf9712c6d06a0e6527ae7f85c9d540158e1a40a57,112.65555437649829,0.0,rocky42013
2026-08-03 06:30:50,day,weather,76,0x21d0c129deb8a7f7e1569045200d20e23862ce91,111.12148608300049,0.0,DEGENKHAN
2026-08-03 06:30:50,day,weather,77,0xe0084a5ec897ad98e9d611f12de2406d82fdf7d3,107.39444774200643,3676.4596630000005,Sam-AI
2026-08-03 06:30:50,day,weather,78,0xe34dc49497e9187de6d8da4e81f072df89f441f0,105.40707813204881,143.86,feiniao88
2026-08-03 06:30:50,day,weather,79,0x391dd6c65880963a94da3fb2d31ef419fe5bdef1,104.18578150199846,0.0,rocky42024
2026-08-03 06:30:50,day,weather,80,0xa49b6ea0a604c581f2a9569db42c192b1c487054,103.93813338216933,3411.431703,387411007415611814092217897387
2026-08-03 06:30:50,day,weather,81,0x97abe233a0eb7f3b1a23c6e083892d6d05baa19f,103.67005462999987,2558.94,GodsChildSeeksForture
2026-08-03 06:30:50,day,weather,82,0x9f208e85f326f865077fffa68b32d8b0e2bc12c3,101.91767323927343,7839.383224000001,mildwindow27
2026-08-03 06:30:50,day,weather,83,0x4b41d83a3b4996c6f1d629a63018796a98e9652d,101.79615479500006,231.03,ryansxlin95
2026-08-03 06:30:50,day,weather,84,0x612094fa2acd67d2a38f02a4bb5559ae1a27f1fe,101.78129674399929,107.14,PintouOClima
2026-08-03 06:30:50,day,weather,85,0x5e80473208f4021eeb16ac9a9b5727b7dfc622b8,101.52276327049998,0.0,kely77
2026-08-03 06:30:50,day,weather,86,0x285109735e915f14038a2f41322814e0d6b46b8c,100.69422426295932,4199.766116,korda-
2026-08-03 06:30:50,day,weather,87,0x52dc66f3dbbc3349636ded07fae8f654b56333c9,100.28704973312796,1309.764502,CRonaldo777
2026-08-03 06:30:50,day,weather,88,0x0a0c42f6b1da5a633ec1a4d45ba76eb486c1a853,100.06278362443072,1641.209605,WrongBy1Degree
2026-08-03 06:30:50,day,weather,89,0x1ba75514fa9dcd48d5eea3a2ae7c1fb990353d88,98.81563399999948,1959.0,mahmed-abula-ibn-mahmud
2026-08-03 06:30:50,day,weather,90,0x5bcd90dc168e93b7f6a7ac21c6bd46a6c338cf4b,97.05162352000298,358.6,hyrtt
2026-08-03 06:30:50,day,weather,91,0xa83442a8100c004744e532fc2d259a4977241c25,95.13441653303289,3073.2779709999995,0xA83442A8100C004744e532FC2D259A4977241C25-1783672139388
2026-08-03 06:30:50,day,weather,92,0x9b79153f5fdba6e273460e50d93de2faeb0a49c5,94.76161842049993,0.0,jeyz
2026-08-03 06:30:50,day,weather,93,0xc9ded4d5f6eec0a75907ebb924c164a4aea381d9,94.61098353500347,3299.45,LMVM
2026-08-03 06:30:50,day,weather,94,0x118689b24aead1d6e9507b8068d056b2ec4f051b,92.74850926999352,0.0,russell110320
2026-08-03 06:30:50,day,weather,95,0x53685989c332366675257535f28abd6d17782d62,92.16030472519378,176.14111000000003,LuckyByNature
2026-08-03 06:30:50,day,weather,96,0x3fe8878f022c20615bde51d17bfbc4c40ea71fd3,91.62915268999996,996.7,yyyykk
2026-08-03 06:30:50,day,weather,97,0x257333d1d91ef4e3a9e6aacd8196aa4b825e0817,91.47032548100003,541.24,calvin243
2026-08-03 06:30:50,day,weather,98,0xdd22fb0e71982d6793e9a22e47306c462eba2013,90.57279351299985,0.0,
2026-08-03 06:30:50,day,weather,99,0x25e555401fdb9b90491b9bdd62be71fdbe0396bd,88.80522133900004,0.0,0x25e555401fdb9B90491b9bdD62Be71fDBe0396BD-1781352194902
2026-08-03 06:30:50,day,weather,100,0xb2e42d29690b7b63335a03c0fd5e64df0681b7f1,86.79324703200018,1768.842726,0xb2e42D29690B7B63335a03C0Fd5E64Df0681B7f1-1778811987251
2026-08-03 06:30:50,day,economics,1,0x6139c42e48cf190e67a0a85d492413b499336b7a,4150.79441076002,0.0,RememberAmalek
2026-08-03 06:30:50,day,economics,2,0xfbe66593e49c4e7a7180a2582f041158bfb800f8,3051.946227489985,0.0,gaven-willwin
2026-08-03 06:30:50,day,economics,3,0xb1ca909e848cc24ec4e220ce1c453bc290c51705,954.3614420550039,10449.25,R79dgahr
2026-08-03 06:30:50,day,economics,4,0x1a3fb05e94caef23e28905767cd603eb574a6dea,834.9384065600025,0.0,alextalley
2026-08-03 06:30:50,day,economics,5,0xe3cb28f7c62ac636f407014005499d2687b5ac21,829.4025616500003,0.0,odsowner
2026-08-03 06:30:50,day,economics,6,0x0c0e270cf879583d6a0142fc817e05b768d0434e,803.9717209700029,0.0,The Spirit of Ukraine>UMA
2026-08-03 06:30:50,day,economics,7,0xa58d4f278d7953cd38eeb929f7e242bfc7c0b9b8,563.0871236220446,11814.96,AiBird
2026-08-03 06:30:50,day,economics,8,0x08458f7e9d2858027de579e4c3ca305475496b6f,523.43430174901,0.0,GollumGekko
2026-08-03 06:30:50,day,economics,9,0x3c593aeb73ebdadbc9ce76d4264a6a2af4011766,482.0110999999997,0.0,eightpenguins
2026-08-03 06:30:50,day,economics,10,0x4e56f1ddaa8f5328036c449b89e731ec748cdee1,474.57176083999684,0.0,BreadGet
2026-08-03 06:30:50,day,economics,11,0x1f9e15f39bbd5d163b0eacf0fbef647ced9e4f1a,470.99916007522916,8196.386639,ClickEqualConversion
2026-08-03 06:30:50,day,economics,12,0x652fd12eb70599ccf9030ef3cda32ae69e70eb3d,462.63856381999904,0.0,English-learner
2026-08-03 06:30:50,day,economics,13,0x32d9e8e585a39fdaf7ed7ecc994a6d892c99d638,420.04542288000084,0.0,IsabelaCa
2026-08-03 06:30:50,day,economics,14,0xeed7c2e6c4e998fd50098b66144ee8dff01d16b2,405.98614500000167,0.0,grinder1011
2026-08-03 06:30:50,day,economics,15,0x0fded0ed829a00c35dcd2d550983e92108ed8ab1,386.02415847999873,0.0,Telepath-One
2026-08-03 06:30:50,day,economics,16,0xf0d5eb1cbe7350f1f896ade6c172e6700414c665,355.0997000000025,0.0,yen4u
2026-08-03 06:30:50,day,economics,17,0xb1a1985278c50a25758e2e25a217d084706add34,344.848839999996,0.0,.brain.
2026-08-03 06:30:50,day,economics,18,0x162f6fff88a52864f2ecc9833e58089d5254798d,339.99966597999446,0.0,Valen9
2026-08-03 06:30:50,day,economics,19,0x7bb244d0c70293e66dee84f3d0623fbbbf7d682c,325.6924804920036,0.0,WongKimArk
2026-08-03 06:30:50,day,economics,20,0xa022ba0a68e11a78348382ff168601012d4d77f8,315.33723105999525,0.0,yungstalin
2026-08-03 06:30:50,day,economics,21,0x2a933e068aa43ecdac59c07f8a38567315b6ac86,307.015355986458,6681.360302000001,hbrthfg
2026-08-03 06:30:50,day,economics,22,0xe1b361d6a6f237b9ed7534d19b232df8369e1426,288.6497099500084,0.0,tja
2026-08-03 06:30:50,day,economics,23,0x6404bfa37fe830e29ee8967e1c3b2a8091d5f250,284.99329828999953,0.0,pop
2026-08-03 06:30:50,day,economics,24,0x1d379e322ef813587a3e13ad79857c45edc7f4a4,274.20761145000506,0.0,OverlookHotel
2026-08-03 06:30:50,day,economics,25,0x5375c751dd5a03a0395f77489d8afa24ce62c1a1,272.2426666499996,0.0,thiswaysir
2026-08-03 06:30:50,day,economics,26,0x328dc4b82869856f3e1a1eae904e67957641f7a9,271.50045425000167,0.0,apmt
2026-08-03 06:30:50,day,economics,27,0x9ba7ae7ae11df2477c567d6a5aeb5b3bc9cf00ef,270.9945313599965,20000.0,8DDD
2026-08-03 06:30:50,day,economics,28,0x1c3e24224559bf9cc0f8b895a305f2f30372176d,266.61603839549934,3366.9300000000003,17735977
2026-08-03 06:30:50,day,economics,29,0xe94bf89e66b852d60866667bddf7bff9dad65abe,260.43479891999596,0.0,PhongLeXBT
2026-08-03 06:30:50,day,economics,30,0x54e15a0a77e3147ac78831804e5dde13cb589d5a,246.4385560189985,0.0,Adrink3D
2026-08-03 06:30:50,day,economics,31,0xa796221892ca6b2de45569fe07e57e917a7ad258,238.04976661999905,0.0,ideasaregood
2026-08-03 06:30:50,day,economics,32,0x032eb1bc893940263ad0b01889f262fc232f2a9e,237.9363919999996,36.0,purplegatto
2026-08-03 06:30:50,day,economics,33,0xc8ab97a9089a9ff7e6ef0688e6e591a066946418,232.32285644643707,953.3527590000001,ArmageddonRewardsBilly
2026-08-03 06:30:50,day,economics,34,0xb0fcea24160139269e0af107811e33d99d6ece0b,229.44212177499867,10000.0,DancewithRisk
2026-08-03 06:30:50,day,economics,35,0xc0402e527a464e782bca96f802c77e5db8d8beac,228.4449999999997,0.0,23449
2026-08-03 06:30:50,day,economics,36,0x3f3bfc6d754e416699793901ffb12ddeee9f1d77,226.67810476492377,913.84,eNakeVets
2026-08-03 06:30:50,day,economics,37,0xf5592765133941c40c77e52bc56bbe7ec167f462,219.04740929999934,0.0,0xf5592765133941c40C77e52Bc56bbe7EC167F462-1755612447740
2026-08-03 06:30:50,day,economics,38,0xdc41c39b95453c943174f369926018f6963bdd7e,210.6937875829899,424.0,quavoo
2026-08-03 06:30:50,day,economics,39,0xe4de861d59e174d3d153a5968bc122c66f30c949,200.47969999999987,0.0,On.The.Spectrum
2026-08-03 06:30:50,day,economics,40,0x81bc49f79b37806767dccc632f0cd5497d98fb58,200.0,0.0,spongebob
2026-08-03 06:30:50,day,economics,41,0x9536db239aceaf211b32d79b62cd49ea90497e50,194.999220220001,0.0,Snarfsnarfsnarf
2026-08-03 06:30:50,day,economics,42,0x879752bca887bc247ba883a52bc45e9c6be6bbbe,194.57570000000123,0.0,singularityman
2026-08-03 06:30:50,day,economics,43,0x0f2bcf469f85fe746058f3a0767d24124d0d665a,179.99999804000117,4000.0,Sylvester.the.Cat
2026-08-03 06:30:50,day,economics,44,0xc6d0ff59ef83e7d6210c47d20408eb27b7844bad,178.17921000000206,0.0,strategy1.2
2026-08-03 06:30:50,day,economics,45,0x714a685b5454ea4d52979563bbafa77b8168ab2f,176.19876306452352,41302.659999999996,pada
2026-08-03 06:30:50,day,economics,46,0xf9d8e9c5f661e09ca37dfd846c0286afbc9665ad,166.71200000000044,0.0,simtrades
2026-08-03 06:30:50,day,economics,47,0x9d84ce0306f8551e02efef1680475fc0f1dc1344,163.37907457049005,147.558161,ImJustKen
2026-08-03 06:30:50,day,economics,48,0xfa323e40632edca701abc6c8cf1f82175909bd9a,162.06296961999578,0.0,FridayNight
2026-08-03 06:30:50,day,economics,49,0x2c41d0ca2b4b2344912eead711f28cd4dcff133e,154.97000000000116,0.0,lineth
2026-08-03 06:30:50,day,economics,50,0x2cea147625e653974b96182a5cbcc1c4911b4ecc,148.19430334999925,0.0,SSCCAAMM
2026-08-03 06:30:50,day,economics,51,0x277989790d4a8c782d7a4992e13c2dcaa031239a,144.35970825845152,3570.0958950000004,balabalababalabala
2026-08-03 06:30:50,day,economics,52,0xe4cb2a8296c45428bbbd699c5dea834b424f4f32,141.01500597460938,0.0,telsaspace
2026-08-03 06:30:50,day,economics,53,0xec9efcb1a7456d01d4684a78564a737001e224de,140.68992904999885,0.0,wash.
2026-08-03 06:30:50,day,economics,54,0xcca90a5d3c8f2d6663817e3650d6adbe9ab44c9f,135.2165065299996,0.0,0xcCa90A5D3C8F2d6663817E3650D6aDbe9aB44C9f-1772395966516
2026-08-03 06:30:50,day,economics,55,0xfe728eac39de9ff73d68a073f8c2cd897f6ac936,132.00869952000176,0.0,Doormat986
2026-08-03 06:30:50,day,economics,56,0x011175c87089797b1c5bebcfb6d501b4c51d60f7,129.99943746450117,0.0,hhhhhhhhhhhhhhhhhhhhhhhhhhhhhhhhh
2026-08-03 06:30:50,day,economics,57,0x2c6fe612dc43cc67676d2efc1e5eed50cbc1deee,123.01722299000176,0.0,YellowSnake
2026-08-03 06:30:50,day,economics,58,0xc704cc5401580f804c4feb743167824ecbd4045c,120.0098999999991,0.0,CrazyArab
2026-08-03 06:30:50,day,economics,59,0x2e617f2cb474acaba820030e4819fe92148519bd,120.00008941000033,0.0,Javier777Milei
2026-08-03 06:30:50,day,economics,60,0x40cfb29411d29f4fa0908f2a121297042cccd21d,119.9989000000005,0.0,whig
2026-08-03 06:30:50,day,economics,61,0xa012992f4e0b728a42db1efebe8341c5de3ffe65,119.25961898728019,535.04,FATBALL7
2026-08-03 06:30:50,day,economics,62,0xa32db54ed36a5dc07fc6bd1c192a60f8703d777f,119.23919958512761,9.523808,165cm
2026-08-03 06:30:50,day,economics,63,0xd905e9d1f8e8848b9aa1d5383a6efb573c6dad7c,117.4503907999997,0.0,Da-Joker
2026-08-03 06:30:50,day,economics,64,0xa8c63f775ddbbe66b56614191747def3021444e8,116.67626481801199,0.0,Tenebrus7
2026-08-03 06:30:50,day,economics,65,0x3233818b43fdb708a2232fc4f0cb3e36d6e2a4dd,113.30000000000018,0.0,dzejlanbezs
2026-08-03 06:30:50,day,economics,66,0x508212fa8e10afce25025422161c15c68b8b049d,109.99664839999969,0.0,Rebecca-95
2026-08-03 06:30:50,day,economics,67,0x1d5f88f1b97317cccad804374e5bd847512e634d,106.69568723956036,561.949854,firegold
2026-08-03 06:30:50,day,economics,68,0x45a22737a76fafd5dd101eb0dc6030986eb13c01,100.81010874999993,0.0,0x45a22737a76fAFD5Dd101EB0dC6030986eb13C01-1750068339195
2026-08-03 06:30:50,day,economics,69,0xff06e8c95b984f236a08be2c4b9909be306c2f60,100.32937551582472,1926.49,cookedquail
2026-08-03 06:30:50,day,economics,70,0x93a93d84d44270b5b86dad5c28eff367a7d70b88,100.00311609999972,0.0,
2026-08-03 06:30:50,day,economics,71,0xdd9c961288a032098076267bd665d407dac231a0,98.90337854702375,0.0,hippoka
2026-08-03 06:30:50,day,economics,72,0x8575467a6743c81ef0a8d06acc76e99b454a87fe,98.54814401703334,0.0,products
2026-08-03 06:30:50,day,economics,73,0xe234959595e01dacd391a9502a6ad0edf4e3304a,96.40039334725043,817.96,0x23d81ba9371e576015c1e562db09c689f56c028
2026-08-03 06:30:50,day,economics,74,0x97afda90095deb8cbc9eac46acc2a79ab2569bc6,95.11752381999986,0.0,JosephTrump
2026-08-03 06:30:50,day,economics,75,0xc1cf7d0ccb729703a5f4d97ed1045a42dbd99656,94.99954616000105,0.0,Zarshka
2026-08-03 06:30:50,day,economics,76,0xbd38f8143f87f484d7f039626b5064b10f0e99d4,94.00799999999981,2400.0,liberateme
2026-08-03 06:30:50,day,economics,77,0xab01674c1c52d980ad4db875774dcde04eee2558,93.81049999999959,0.0,ANGGGuess
2026-08-03 06:30:50,day,economics,78,0xe801fe36b00acb4603fe12d5918764534a1c6a86,93.51226901469818,152.9,.n8n.
2026-08-03 06:30:50,day,economics,79,0x688a4d7c0727577b20ee846f3c57266b8442b4b1,93.25,0.0,0x688A4D7C0727577B20ee846f3c57266b8442b4b1-1781568372809
2026-08-03 06:30:50,day,economics,80,0x709e3ea86a900aa3fb7a998d06e20d6ce68d027d,89.50639934000083,0.0,gin-huang
2026-08-03 06:30:50,day,economics,81,0x6d9fc316c3b8377060a44b852ba664adbfd59790,87.23489196000446,0.0,MEPP
2026-08-03 06:30:50,day,economics,82,0xfba638c083dcd88a6711a1ffba4352c5431a1fca,86.73238777999904,0.0,Vladpoutino
2026-08-03 06:30:50,day,economics,83,0xcd71fd5370880f3d92bb941e628c05840fe0d127,85.58584764000261,0.0,Kevindoto
2026-08-03 06:30:50,day,economics,84,0x30e443872ddf63b2908a49f92cd690c304a55102,83.7734930789884,24814.297782,truthteller
2026-08-03 06:30:50,day,economics,85,0x39a5f94e851642404751cc5310edaa180eac87f2,83.15219999999998,0.0,sweetj
2026-08-03 06:30:50,day,economics,86,0x05374492e37f036fb751d708fe487aeca60b5b0f,77.52295308699104,15096.188953,Frigg
2026-08-03 06:30:50,day,economics,87,0x81525952f172646a4104030e9a9ef1e769c7bfda,77.28078282599017,0.0,KimJonEn
2026-08-03 06:30:50,day,economics,88,0xbfe23d7adb6f6108dba269d7e8f275675f531913,76.0582000000004,0.0,justT
2026-08-03 06:30:50,day,economics,89,0xfca73c8e6965e8d05a063edeae032605e05c5d82,75.69657436000034,0.0,degenerace
2026-08-03 06:30:50,day,economics,90,0xa4b366ad22fc0d06f1e934ff468e8922431a87b8,75.24027061597371,0.0,HolyMoses7
2026-08-03 06:30:50,day,economics,91,0xcf19c420814435ffb1c459588208ed23a7ee6402,75.00022578000062,0.0,PantheraUncia
2026-08-03 06:30:50,day,economics,92,0x8ffc0893f66f69aecce344d05f02fd48347c9529,73.9861655592822,782.827582,luck518
2026-08-03 06:30:50,day,economics,93,0x4e617ec97e179213f7b4b751d706713453fb82ee,71.81321291999984,0.0,Carpool
2026-08-03 06:30:50,day,economics,94,0xa2dd739b2d2a27ad075dc886de18d7d22b4cd9b8,71.48215656650063,0.0,iwasmugen
2026-08-03 06:30:50,day,economics,95,0xaf458bee32b8f1d9ba39ee876f20c7e3ce62ec7d,71.2010207605199,0.0,fed26
2026-08-03 06:30:50,day,economics,96,0xd34bf815245d5bcea098cb0ea17df360b5c50004,70.80000000000109,0.0,Jest55
2026-08-03 06:30:50,day,economics,97,0xa20c26031a0b7510c7e4959dcd6d8d2fa23c451a,70.0,0.0,traderweather
2026-08-03 06:30:50,day,economics,98,0x9e9fb94f518d488787df47787181a01daec81d38,69.88143102000004,0.0,AMike
2026-08-03 06:30:50,day,economics,99,0x27a87bb757d88e0640dc1be36f22f0e56497a5c2,67.67676764999987,0.0,Danaadam
2026-08-03 06:30:50,day,economics,100,0xeb22f4735df6bd5d14e1b5fd10faefa7757d808a,67.6641741304993,0.0,BigRabbit
2026-08-03 06:30:50,day,tech,1,0xb0c85813a7a4428f1139ff91d3118a92c391fe7f,40035.99074541322,48605.84432300001,-...Derrick.rose-
2026-08-03 06:30:50,day,tech,2,0x03805a13a0b3e058f55f6c6af95389d4f431073d,18708.070162008196,21333.470257999994,donthackme
2026-08-03 06:30:50,day,tech,3,0xd23f8c8aab13cfb2a35da40b67f8471faf9894a1,15142.448066015408,19306.39,Corlys
2026-08-03 06:30:50,day,tech,4,0x28bf066c6cb952da62d6d182c16ad173ada64a4e,5901.036272546491,5138.78,plainfolder
2026-08-03 06:30:50,day,tech,5,0x517fb680c99c7d1e619f9073681e20a68265933f,5512.185333506502,8215.375232,pleasedontstopthemusic
2026-08-03 06:30:50,day,tech,6,0x5a218c7ad04135830a45c41aaed7294df7809318,5300.094399371374,9827.013227000001,balthazar
2026-08-03 06:30:50,day,tech,7,0xc5187cb669690150643ba2f9aac6b7d98d212594,4715.258260141272,4813.252904,mustbethewater
2026-08-03 06:30:50,day,tech,8,0xfbd8c9c22ca76b3662d0e53a4f79719fdc684027,4526.491075999997,4933.0,0xfBd8C9C22cA76B3662d0e53A4f79719FDC684027-1779347618060
2026-08-03 06:30:50,day,tech,9,0xeb68675c06e0bb9f08ba510550912d77289ce362,4029.5839721871953,617.313033,0xeB68675C06E0bB9F08ba510550912d77289Ce362-1778811892036
2026-08-03 06:30:50,day,tech,10,0x090af6fd2aeb04202abc97370aa86c1b81d90fa6,3098.1999478097896,4203.907846,VictorLudorum
2026-08-03 06:30:50,day,tech,11,0xcfff4295288ee29f75a38a7028611b7c1e93673d,2099.8515741759993,4487.889999999999,graynotebook19
2026-08-03 06:30:50,day,tech,12,0x942e79166821f3f4e67872e44f1672fcccd2be27,1992.0714617944968,2800.2285899999997,smallreceipt
2026-08-03 06:30:50,day,tech,13,0xd32ce89f16509d3c8f8b5e9750305a5b2bc2a4c2,1901.92088925592,3105.0,
2026-08-03 06:30:50,day,tech,14,0xfd557e6db670c9704bc1d0d8e8b585c7d9c9f905,1638.1524582250013,5763.2,northdrawer
2026-08-03 06:30:50,day,tech,15,0x3d7d0ba6c4cb6608e9b2ae9a7c6b4d822c6510fc,1314.582841228982,1127.9755779999998,poposub
2026-08-03 06:30:50,day,tech,16,0x97f3f9f15c0063710c60d3ac9c40d17f4ba60eba,1099.8757603350005,0.0,Investnow
2026-08-03 06:30:50,day,tech,17,0x7dcf235766e6b09c8869468a75d5495cf171a7bd,975.9428741529991,627.698179,godblessme2026
2026-08-03 06:30:50,day,tech,18,0xd1a63a243042d864520512fbdbd2fd20e0ab1507,825.232055999998,824.6699999999998,DkOYL
2026-08-03 06:30:50,day,tech,19,0xb1ca909e848cc24ec4e220ce1c453bc290c51705,750.9013061741571,7131.234788,R79dgahr
2026-08-03 06:30:50,day,tech,20,0x564f22744b7941ade18d5e0e4f347c30e3057026,647.2907098693286,890.2033,molodoyy
2026-08-03 06:30:50,day,tech,21,0x876bb030ddd424ef505ae02914024cf18c6a1703,592.1151136258941,10799.369472999999,rewardbots
2026-08-03 06:30:50,day,tech,22,0x4b72b21f7e9999d568d9b93f0be110257d9938d5,462.94594216546693,1466.359997,fountaim
2026-08-03 06:30:50,day,tech,23,0x8673e56b63b9cec4bbf96b4d4bd01a9333464025,369.1423577987841,1047.480332,Elton123
2026-08-03 06:30:50,day,tech,24,0x25b23e01a7d90e25871d1098841f25e856943b9e,351.6592441599994,349.994544,winnerSpecter
2026-08-03 06:30:50,day,tech,25,0xfc404d785423d89fd862f6b3f2fc4bcb556756a3,286.86298892194804,413.47999999999996,1660S.eth
2026-08-03 06:30:50,day,tech,26,0x1d603dad31fac599c1de6b6002d066993460453d,265.6616730799999,0.0,Ru386
2026-08-03 06:30:50,day,tech,27,0x233bacfb515aad6871027b95c5e4c6166f5c1f2c,230.26323221338595,1885.997187,0x233BACFB515aaD
2026-08-03 06:30:50,day,tech,28,0x73ecf6a30d3c6538cd931ec13c9ed6eba944f5bb,197.8471406899689,1133.213297,ChampagneSocialist
2026-08-03 06:30:50,day,tech,29,0x30fb41b5a08fff5d3dd983f6323e3343931a7db4,194.38817591011093,1239.39,tradetosurvive1
2026-08-03 06:30:50,day,tech,30,0x736539924a5602b37a03a54fc12c1cc8f98964da,167.67362938777296,3684.0601530000004,cqk
2026-08-03 06:30:50,day,tech,31,0x51a86fe763d28695ff8c1d0cf6670161c6dbd398,154.36767093999993,0.0,0x51A86fE763D28695FF8c1D0cf6670161c6dBd398-1759932029835
2026-08-03 06:30:50,day,tech,32,0x9ad091ca2e8f1bd69f27662edcb49dceeaa5bf3d,147.07233161124793,1986.4299999999998,PaddyAlpha
2026-08-03 06:30:50,day,tech,33,0xe38ee6bef3ea40daac3e3adc2fca23ba456850c8,136.18860080000002,1030.807054,CryptoBizzi2
2026-08-03 06:30:50,day,tech,34,0xc7d02944a76b9f83b199e9090ecc92c82d241f8a,127.42194404246766,2481.102492,0xc7D02944A76B9F83B199e9090ECC92C82d241F8a-1776944395495
2026-08-03 06:30:50,day,tech,35,0x5a8d51b398394c278e250ee618962e8b6846f736,118.32526887,0.0,katson
2026-08-03 06:30:50,day,tech,36,0x2e62eddf5acffa59a97706de674348a2e600b22e,111.15389999999991,0.0,rocky42003
2026-08-03 06:30:50,day,tech,37,0xcd95ebd0d0d099fa442b9730991f2b8be5d28c17,92.10028000000057,0.0,2117
2026-08-03 06:30:50,day,tech,38,0x9f208e85f326f865077fffa68b32d8b0e2bc12c3,91.57086586600235,1965.3799999999999,mildwindow27
2026-08-03 06:30:50,day,tech,39,0x5999ebfa145490e0280dd246856a5b3605f7ae94,81.71975516400562,0.0,kl1v
2026-08-03 06:30:50,day,tech,40,0xc004b035b67be284e0d1db56c39e865df6cac095,78.7549671050001,0.0,lamyk
2026-08-03 06:30:50,day,tech,41,0xac29dd1fdcd974bc1bbd62f5859418ea5aab36c7,76.71008094949998,5138.3437349999995,OnYesYes
2026-08-03 06:30:50,day,tech,42,0x6c7d9ce7d08fbe1bf872fa825916802866a8d6eb,76.08447045000048,116.99,VVKhqdMdKjEpLsDRwu
2026-08-03 06:30:50,day,tech,43,0x33739438875aee79e98a26f87320d984f0703716,74.77607917899998,393.46189499999997,ogi250
2026-08-03 06:30:50,day,tech,44,0xcdf82242c9984bd8d274085ab54165633c54b8ea,71.29932000000008,0.0,momo513
2026-08-03 06:30:50,day,tech,45,0x191e35891382d3d6590918ff7a4b732689c1ef6b,70.83879225950022,481.942045,dgfd76
2026-08-03 06:30:50,day,tech,46,0x5e84743ad0515699b7adf2588de4c3032d538e88,67.76505723850005,0.0,Cbb.
2026-08-03 06:30:50,day,tech,47,0x73717594077255fce14a2f419124c227c964cade,67.74894350599993,499.99,predict000r
2026-08-03 06:30:50,day,tech,48,0xa7fea388f955a9517067111030eb771c6d911f3e,65.0,0.0,Faston
2026-08-03 06:30:50,day,tech,49,0xbfdd2fb3f69cd098b395eb7390fe973a2158e70e,60.655000000000086,0.0,khonikdev
2026-08-03 06:30:50,day,tech,50,0x6f679c4a78330853ac7762a1cda0a469333f102c,56.733598884309686,2007.876771,Oklmntrader
2026-08-03 06:30:50,day,tech,51,0x56d0e8891730c27da04bdb4759f371cfdd916b25,53.998470940000004,299.99,Sukhmanjhanjara
2026-08-03 06:30:50,day,tech,52,0xefa5ab06e3252dd8f3174b64383252b5c55224a6,53.80000000000018,0.0,wwf123
2026-08-03 06:30:50,day,tech,53,0x79426d16027fd003fffd6b049e36e30fb9aeb60b,53.5948699999999,0.0,Sammybolung
2026-08-03 06:30:50,day,tech,54,0xbd513d337099ee1bf0e7b5e3aab5111dfb32e73d,52.33741344000009,0.0,namemek
2026-08-03 06:30:50,day,tech,55,0xd1091712f4ed0e17261feb174f5c080977506fa0,51.1701513400003,1174.36,smallf
2026-08-03 06:30:50,day,tech,56,0xac4a1fabdac2438d6afa2a9e8e83845310a0bf1e,50.9138729822447,1779.9444750000002,HerrieDavis
2026-08-03 06:30:50,day,tech,57,0xca75fbadcc238afd23c317e253a8b5c47b390a64,50.66824743694997,765.71875,
2026-08-03 06:30:50,day,tech,58,0xae91ec7354e12acb90922e9b7abdf6fc471f0f69,50.32811140049995,0.0,parameter1
2026-08-03 06:30:50,day,tech,59,0xd035fd5f4d6bec4a73dc2fc11fe35c13c3acf165,49.51827603249995,0.0,rocky42023
2026-08-03 06:30:50,day,tech,60,0xcf02759db54c561b47c9aa230bfb2f1249eb7023,49.115499999999884,0.0,wwf001
2026-08-03 06:30:50,day,tech,61,0x3f62666a6e629419b3c1dc9ed93601e92bec61d4,47.49917805999999,0.0,0x3f62666A6e629419B3C1dc9ED93601e92BEc61D4-1759730563869
2026-08-03 06:30:50,day,tech,62,0x7d1bb9f000e5fce13db3a0927b64aa38e69de75c,45.11427123807425,420.0,bmtr
2026-08-03 06:30:50,day,tech,63,0x9592adb70397e9de67ba9abe6971e3f50fb7a7b8,44.547806235999815,0.0,meagainsttheworld
2026-08-03 06:30:50,day,tech,64,0x4c4ed674fde7dc998036b3ae92445d00fcdb297b,44.50348245000009,1248.87,SingletonFamilyFund
2026-08-03 06:30:50,day,tech,65,0x7a8ca6ff27f1c42b978ae3ef8de11010405b0e59,43.962363256,0.0,windroid
2026-08-03 06:30:50,day,tech,66,0xd218e474776403a330142299f7796e8ba32eb5c9,43.79411898143735,0.0,cigarettes
2026-08-03 06:30:50,day,tech,67,0xb17d4706e45bf0935acc338162bd40af837e59ae,41.61914999999988,200.0,Mithrandir.
2026-08-03 06:30:50,day,tech,68,0x5a79e83ccb6b3c58b4730eeabb9115101f0f6296,38.83249999999953,0.0,Goopster
2026-08-03 06:30:50,day,tech,69,0x8ace626db86d95bc72109473cc6b4dba97c75ff4,38.0633799999996,0.0,0xc92e76095584f19d9c46f7a4ff7f2d918c02a6a1
2026-08-03 06:30:50,day,tech,70,0x126ed8e132ba2005b3b7053bf7dd62febe5fc360,37.01950991602607,210.48146,TeenagePanda
2026-08-03 06:30:50,day,tech,71,0xb89f5425341719d298dc2f5b9a92374f5fde1c44,36.86204798270046,1403.965561,iutwpfal
2026-08-03 06:30:50,day,tech,72,0x618a06effd4e5e2a35ede01a5c412c2ad7e8caee,36.31940197,0.0,zen-220
2026-08-03 06:30:50,day,tech,73,0x389a21fa2e2445c7f8b915b45b9b009bd641397d,35.87277091250007,0.0,SPY-KT
2026-08-03 06:30:50,day,tech,74,0xac644516c9791125f448871d1fbe32ce8c76866e,34.717900000000014,55.0,0xAc644516C9791125F448871d1fbE32cE8C76866E-1779960016351
2026-08-03 06:30:50,day,tech,75,0x4fbf34f915a3bdca9aecb085a561a84d554a68d2,33.36000000000001,0.0,gackson
2026-08-03 06:30:50,day,tech,76,0x628227f9aaf1d5dd40151315d6350d4060bb3ea8,33.10419999999996,100.0,littlepo
2026-08-03 06:30:50,day,tech,77,0x88b6e6704a2c3bdff2a7b21ce6b1b2e8f3343cff,32.64900000000034,0.0,h038596027355
2026-08-03 06:30:50,day,tech,78,0x9e8ecc4cb3c4e48f544cba2fbbb252a6a65e8db8,32.1110333000006,0.0,DREAMBIG.
2026-08-03 06:30:50,day,tech,79,0x49e94011df9060dcc367995892faeb193e348f85,31.257700000000114,0.0,MoonLambo1205
2026-08-03 06:30:50,day,tech,80,0xafa6ab5ce2d738cb93d624c9f6438da12d44d54a,30.995146500000004,0.0,0xaFA6Ab5Ce2D738cB93d624c9f6438dA12d44d54A-1772409331132
2026-08-03 06:30:50,day,tech,81,0x36e7ebd53e832d8e22d10bb1ae74f73241e6b560,30.824600000000032,0.0,Mosaics
2026-08-03 06:30:50,day,tech,82,0x3e280481e47f5a4bcce39649d1a76c72391d3c43,30.56369203,0.0,linuxdo
2026-08-03 06:30:50,day,tech,83,0xba6cd969abff48d00ecddff5b302430f6350618b,29.46423736,28.0,UTILIZADOR2
2026-08-03 06:30:50,day,tech,84,0xa58d4f278d7953cd38eeb929f7e242bfc7c0b9b8,28.829808732421725,2047.27,AiBird
2026-08-03 06:30:50,day,tech,85,0x3c557c4ac2a739a6b7907422f5d89a35e59be0f8,28.499728299999987,0.0,amouse
2026-08-03 06:30:50,day,tech,86,0xa3f69589af3767b2d396e66f46daa15a195c1326,27.94117598999999,0.0,VechnoMolodoyy
2026-08-03 06:30:50,day,tech,87,0xccf38a9b206907a00dbfddebeab19aab1e048f27,27.934845799999493,0.0,okc35
2026-08-03 06:30:50,day,tech,88,0xb52245e13bb87b4f2db64c13a9f761222e323ebb,26.88901375000023,0.0,0xB52245e13Bb87b4f2db64c13A9F761222E323eBb-1772155836970
2026-08-03 06:30:50,day,tech,89,0x3997c7330b2033f81f158051d61981f782fbdd0f,26.494900000000143,0.0,SteveBlame
2026-08-03 06:30:50,day,tech,90,0x2b670a311561dcaf741d8155451774d3fa7fb814,26.19268775749879,20400.0965,0x2b670A311561DcAF741D8155451774D3Fa7fb814-1778467735876
2026-08-03 06:30:50,day,tech,91,0xf5f299d3e62fe12c850123c6bc213d14df742fc5,26.016500000000065,0.0,babywag
2026-08-03 06:30:50,day,tech,92,0x515e8e9b806a388a51808e2bc5cd92dc11bbec0d,25.897123477499917,0.0,
2026-08-03 06:30:50,day,tech,93,0x167be917e068770f46575b82f6aa2b0516e1beec,25.757780509999748,1917.1299999999999,yanping
2026-08-03 06:30:50,day,tech,94,0xd2f6b6b2d82a88ec6322e82f0096c6e7f11b736f,23.89602247000039,0.0,Salimjs
2026-08-03 06:30:50,day,tech,95,0xcf006e28309313be21b36d22bde515882182353f,23.61224999999999,0.0,rocky42009
2026-08-03 06:30:50,day,tech,96,0x1491f3faea8f55eb683eea438d4d6367eb84fd70,23.59351851070005,80.4,SmartBoyBilly
2026-08-03 06:30:50,day,tech,97,0x1fa0a90956ba1035aed765389618103817800465,22.877099999999928,0.0,ggdajiba
2026-08-03 06:30:50,day,tech,98,0x52ebca459280966f4a56240a05e38df8527067ac,22.701565000000215,0.0,AMAM13
2026-08-03 06:30:50,day,tech,99,0x1e524ff2123d380a690dbdf2245de2a9428e91d6,22.690772280000147,119.76,rocky42002
2026-08-03 06:30:50,day,tech,100,0xbe46c57c744c2436216fa729acdf2fa0a0240411,22.34262381999997,0.0,pitfall
