timestamp,timeframe,category,rank,address,pnl,volume,userName
2026-06-14 07:52:49,day,overall,1,0x99aea8f9a64d0142b6b66a4b9d02a2211d45386f,5018187.598950207,10668399.702823,LEEEROYJENKINS
2026-06-14 07:52:49,day,overall,2,0x26437896ed9dfeb2f69765edcafe8fdceaab39ae,1444121.7071695996,272007.09,Latina
2026-06-14 07:52:49,day,overall,3,0x204f72f35326db932158cba6adff0b9a1da95e14,945896.7300451854,6546667.372375002,swisstony
2026-06-14 07:52:49,day,overall,4,0x5e4dbe95f805e27959532f4845e2e4180017b874,572352.3510850449,0.0,shakendbake
2026-06-14 07:52:49,day,overall,5,0xcfb69f94b3764e75228515ad9d169570d5f906da,486926.52496821707,0.0,athelstan
2026-06-14 07:52:49,day,overall,6,0x2e69bb3db7ffcedc4f83b56fe3e6f93371d1858d,465625.70749310433,170000.0,texasdolly
2026-06-14 07:52:49,day,overall,7,0xad9c94a65d1f053b8bb31815865a0d4c64b69889,444092.5663828254,858102.945594,jalenbrunson-official
2026-06-14 07:52:49,day,overall,8,0x6db568e61e5e3de7d87f831431b673f38ce2e279,359610.09322726796,934602.4720000001,
2026-06-14 07:52:49,day,overall,9,0x84cfffc3f16dcc353094de30d4a45226eccd2f63,287740.65827885,2353226.8954260005,mooseborzoi
2026-06-14 07:52:49,day,overall,10,0xccd81fbd3395dc43a0531f8484b21c2462daf4de,287589.05979299895,947441.319865,0F62
2026-06-14 07:52:49,day,overall,11,0x97cb27132b9dd66a2ef49390893cbeb26c3fe4d0,196150.24365224998,0.0,yyaoyyao
2026-06-14 07:52:49,day,overall,12,0x4bff30af91642dc7d2b19a8664378fe55c45fc26,189302.34434934333,332267.803944,Sassy-Bucket
2026-06-14 07:52:49,day,overall,13,0xe5b70fd855af9258d9463992e4f1ed7987905ee3,187817.1644173286,0.0,alwaysfade
2026-06-14 07:52:49,day,overall,14,0xe549581668a5751c1972d3ad2d1991d900bd2d54,170202.36401203956,76216.26259099999,Allezpapa
2026-06-14 07:52:49,day,overall,15,0x5e4c3b5b81171e2ca4ab776ac0d6bba787f9dba2,154286.3999999999,514288.0,endlessFate
2026-06-14 07:52:49,day,overall,16,0xf284ad6d607f777f34bc643cea587c33a886b9f9,131479.5439202535,278387.545803,strike123
2026-06-14 07:52:49,day,overall,17,0xc8ec6d4cef5c5fe8409ef69303c37f05b678e8f1,127757.57894854178,225275.8,Hugewinner
2026-06-14 07:52:49,day,overall,18,0x2c335066fe58fe9237c3d3dc7b275c2a034a0563,126034.22163592282,9096901.604961,0x2c335066FE58fe9237c3d3Dc7b275C2a034a0563-1759935795465
2026-06-14 07:52:49,day,overall,19,0xf0318c32136c2db7fec88b84869aee6a1106c80c,124980.97229058784,51790.368691,BreakTheBank
2026-06-14 07:52:49,day,overall,20,0x81da605d7dac06478367ed1bae0593b7791ca109,120851.28458442504,0.0,gardenshed
2026-06-14 07:52:49,day,overall,21,0xf1528f12e645462c344799b62b1b421a6a4c64aa,117133.78631494986,206849.34291300003,phonesculptor
2026-06-14 07:52:49,day,overall,22,0xdb27bf2ac5d428a9c63dbc914611036855a6c56e,116559.47535907933,0.0,DrPufferfish
2026-06-14 07:52:49,day,overall,23,0xc660ae71765d0d9eaf5fa8328c1c959841d2bd28,111898.10371163007,645800.8790480001,BoggsFromShawshank
2026-06-14 07:52:49,day,overall,24,0x4ab9b54427ec4b7f3646b1a0ef1bed73bc708ebe,102266.86937000006,0.0,RWCS
2026-06-14 07:52:49,day,overall,25,0x6c3aae17140c5e3cde62380daaa323e38575c459,100287.22713600044,0.0,AvrahamEisenberg - 10161
2026-06-14 07:52:49,day,overall,26,0xa2b5bafa01d0f81926a2a88e5628a95b59fc4582,99742.64157040988,507262.2656350001,BruceWayne77
2026-06-14 07:52:49,day,overall,27,0xf0f7f99300c5fa7ebedd7b7d806b97528c580c5a,92108.07786428489,237480.80369399997,us291
2026-06-14 07:52:49,day,overall,28,0xa38a455bbdd4b68486548b7e19da99903f4f821d,91308.81797013519,1302122.977036,takeormake
2026-06-14 07:52:49,day,overall,29,0x9cd10d52a3b1dc0324db531769262ab48785285d,86034.31023726003,26524.1,dudebro
2026-06-14 07:52:49,day,overall,30,0xa8cf2ed8751f4e58ad039e1b68a8b58b4395031f,85547.41699299996,0.0,
2026-06-14 07:52:49,day,overall,31,0xc6b13482e72f656519705d792a1f25587a6c78fd,85322.44937860008,184688.253639,damed21
2026-06-14 07:52:49,day,overall,32,0x032eb1bc893940263ad0b01889f262fc232f2a9e,82920.53836517995,389262.4,purplegatto
2026-06-14 07:52:49,day,overall,33,0xf39651f0addaad0221806d828197064b97feed0d,81873.01784056949,0.0,Pajamapants
2026-06-14 07:52:49,day,overall,34,0xe9a6ed2e4d4ee8ce47cd47cac834746dc4cf627b,81389.03236333953,228788.56552800004,Onege
2026-06-14 07:52:49,day,overall,35,0xf751fbd76257ad498e02c1da257ac6e31df0fec8,80665.96924230173,374340.56122800004,0xF751fbD76257AD498e02C1dA257aC6E31DF0FeC8-1780152076667
2026-06-14 07:52:49,day,overall,36,0x20bcdf5a9c7696d1134cba8d77067d2a967fa3a7,77399.07549499997,0.0,Ryan888
2026-06-14 07:52:49,day,overall,37,0x2cff41636fe21fad120fed603d54d4fdd96259db,75568.13712431997,0.0,ThisAgain
2026-06-14 07:52:49,day,overall,38,0x198a38b9704cf3a5ed321f28c8a7836559676762,71858.77274487502,222232.21,kanto45
2026-06-14 07:52:49,day,overall,39,0xedd9708b0060c236cd2079838541e754a3f5f79b,66889.7640910695,80638.654721,LuckyTrump888
2026-06-14 07:52:49,day,overall,40,0x4761ecf3578e388a9b16c43f874efe32ee855ae8,66090.27429775032,370340.273189,Grenderen
2026-06-14 07:52:49,day,overall,41,0xb2a3623364c33561d8312e1edb79eb941c798510,65528.42220646423,169559.348432,aekghas
2026-06-14 07:52:49,day,overall,42,0x54488e88f32160815682c335cd89b0c119ea1a7b,61784.50257566625,433746.51925,Huanhuan
2026-06-14 07:52:49,day,overall,43,0x076daa87c4fe1a85402a9b6b8e0a866224388d4c,61095.26998579214,1668.4219629999998,
2026-06-14 07:52:49,day,overall,44,0xc3acf5878a03523d09a3ac859943445d7baeb964,59500.04999999999,150000.0,mentionmarket
2026-06-14 07:52:49,day,overall,45,0x006cc834cc092684f1b56626e23bedb3835c16ea,57860.52753138841,0.0,0x006cc834Cc092684F1B56626E23BEdB3835c16ea-1729683673397
2026-06-14 07:52:49,day,overall,46,0x86e99faea12fccd8925de5d9f052471baf7a4cdf,57546.02676547493,46182.743898,junifund1
2026-06-14 07:52:49,day,overall,47,0x8b5a7da2fdf239b51b9c68a2a1a35bb156d200f2,54579.76712097937,1467579.78,Joe-Biden
2026-06-14 07:52:49,day,overall,48,0xef27152015c5313daf457804e7319e869ed3381b,53333.41666581336,83333.333332,superbeter007
2026-06-14 07:52:49,day,overall,49,0x1eaf5d5f822dc5211c25b5839e5b7aa70f319bf0,52243.612707491506,227450.236354,LYnetLY
2026-06-14 07:52:49,day,overall,50,0xa8b9d28f2846f087c4855ff4ad20de5e7f98775d,51185.810623733334,14021.916106,0x4ca135150c0492539faf1B50721E74aC2F34fA35-1761457915161
2026-06-14 07:52:49,day,overall,51,0x3d8a89a20aa73fba0f30d080e8120de9f9555724,50767.97847635795,0.0,Poyo
2026-06-14 07:52:49,day,overall,52,0x4f1d8723cfe30eb5a26891a8f402f592ac0c708b,46359.04391207014,845813.1018899999,Nikiandy
2026-06-14 07:52:49,day,overall,53,0x56b4729cae227ba1cbeb35e4d8d219f1c6fba84b,45999.853346939984,99999.68118900001,escfnlock
2026-06-14 07:52:49,day,overall,54,0x1b47e9b128e6b671edebfb2cac23dd3efc40d814,45919.20788196785,248170.33667400002,sbsigner
2026-06-14 07:52:49,day,overall,55,0x5d0f03cf1243a3e21262d6cf844795afd9fff0ad,44591.762366002426,805.0,EB99999
2026-06-14 07:52:49,day,overall,56,0xf43842aca68209bd8bd3b4cfae00a32053769559,44220.06320157921,86314.54122700001,PendulumExchange
2026-06-14 07:52:49,day,overall,57,0xd105f1f4995a283f5e83236aa1851fc828867b2c,42957.82556428583,5405.405402,dnte
2026-06-14 07:52:49,day,overall,58,0xf68a281980f8c13828e84e147e3822381d6e5b1b,39465.60392678637,813795.897817,iDARKenjoyer
2026-06-14 07:52:49,day,overall,59,0x987b441a20dd4aa4ba6d53069e852e7f820adf43,38235.58499999999,0.0,lighthousefamily
2026-06-14 07:52:49,day,overall,60,0x2a69660046d7acc4ab204d7cc5ba78b0776cd2f7,37932.55602692062,862021.7801770003,UpTheBlues
2026-06-14 07:52:49,day,overall,61,0xd60419ae698bd0ae7c0ef69470bfc1e0f9a9bc8a,37205.99239082151,0.0,thegreatjeff
2026-06-14 07:52:49,day,overall,62,0x7815aee0ad967be0cd032e834f98a0004dee2ed1,36195.023932329,0.0,0x189DAC7a19BAD1E0Af78cf03D7398Acb7a3c6162-1756841072313
2026-06-14 07:52:49,day,overall,63,0x5b4ec9c06b284ee52c41a761974d836992880232,36155.41874999995,0.0,ramadamaramadam
2026-06-14 07:52:49,day,overall,64,0xb1bf8085299bc75d472a177d76493c4ac3a5f74b,35573.28509088231,116066.827071,eth20000000
2026-06-14 07:52:49,day,overall,65,0xa7229f3cd642fa8edab1edbca9a11b3523c9c09b,35570.5644633664,24924.846955,fdsafdsafdsaf
2026-06-14 07:52:49,day,overall,66,0x412fe1a101554f0b382181c3af932e4b2d8030fa,33625.04196818533,74713.007745,GrizzliesSuck
2026-06-14 07:52:49,day,overall,67,0x1df231bd33dae91463e1682927e8096b82c289a0,33623.92191697145,155581.10412899998,pedroBala
2026-06-14 07:52:49,day,overall,68,0xe3c9c84c9917d21351902f3bfde3420543ea4b9c,33395.64761265396,0.0,DimSumConnoisseur.
2026-06-14 07:52:49,day,overall,69,0xf02008dd334fe83c8dad61dd9a54776d7fb03212,33312.40182280351,10000.0,threeblindmics
2026-06-14 07:52:49,day,overall,70,0x3f3aa7005f8006bfcc367d43a25cde25509fe8fd,32720.57536785482,460841.06759900006,us391
2026-06-14 07:52:49,day,overall,71,0x99f0d31fdced5b3a0e5ee2867730a6644a6c9495,32069.754960164166,4229697.886233998,0x99F0d31fdced5B3A0e5Ee2867730A6644a6C9495-1779037126382
2026-06-14 07:52:49,day,overall,72,0xb6c35456f029c3eeb66853a0481199d2c474600f,29872.25646520977,79155.247776,everythingisokay
2026-06-14 07:52:49,day,overall,73,0xbca08c1bc204a34f2fddbe47b438b9bd42ac9705,29334.39058265742,272224.43407899997,bananawoin
2026-06-14 07:52:49,day,overall,74,0x146703a8a73ae1dff0f84ba44c45d878858a4372,28534.90905475642,68348.225485,igetlitty
2026-06-14 07:52:49,day,overall,75,0x57dedd62596dd4f85c7ebe5317e07d22795ecd90,28435.996306488763,98901.018188,largeleeks888
2026-06-14 07:52:49,day,overall,76,0x0f35109cc3ceaf729609c3109310791bd616c84a,27254.641563996673,0.0,
2026-06-14 07:52:49,day,overall,77,0xde7cdcab3e0c5b0e8315da358e80c7d80a12c933,27006.88463663301,80.0,thebug44
2026-06-14 07:52:49,day,overall,78,0x6149eef0ad08366e8003dc18fb923ef555dab48c,26655.464505585187,80330.695306,blockdao.
2026-06-14 07:52:49,day,overall,79,0xd2f35966724dec853e983c599cb2b32e9b1e37f9,26500.686710624996,30.0,JaJa886
2026-06-14 07:52:49,day,overall,80,0x661daf6af6d884012dd6db73c09d72e8be224dc6,26345.460140938067,141997.470918,DOLLAR-PRINTER
2026-06-14 07:52:49,day,overall,81,0x93eb0e4610aef5406085e9e45265ca6322bdc387,26118.780255999995,137587.97,sangeshami
2026-06-14 07:52:49,day,overall,82,0xddf449fc36375beb7a887b41b54a29817c662680,25936.728585684476,0.0,0xDdF449fC36375Beb7A887B41b54A29817c662680-1768335595795
2026-06-14 07:52:49,day,overall,83,0x0e641e83d3430558341d3b23b2643cda0c1a3c99,25346.215937499997,0.0,thh80
2026-06-14 07:52:49,day,overall,84,0x8b3234f9027f4e994e949df4b48b90ab79015950,23924.51657002463,0.0,Gametheory-394
2026-06-14 07:52:49,day,overall,85,0x8a6764a2da22d13ed16efd05ec67123b656de403,23621.309500000003,12869.05,megashvbwuy
2026-06-14 07:52:49,day,overall,86,0x782186952ef2ca75ea91c95aef25bbdcffb4bb1a,23607.80041509901,0.0,thif - 33063
2026-06-14 07:52:49,day,overall,87,0x85bbb00a84f100a74ec6a479ce6f8f45b04c9ada,23489.595165529034,89939.163298,zezj
2026-06-14 07:52:49,day,overall,88,0x84dbb7103982e3617704a2ed7d5b39691952aeeb,23380.93107232917,0.0,Soarin22
2026-06-14 07:52:49,day,overall,89,0xdc4f08727c65afc4731b75cf1ed265666b7b4652,23276.059490598447,0.0,third-eye
2026-06-14 07:52:49,day,overall,90,0x7aa16fd4fba9a459414a2dbf6985b40b5ca1e126,23170.036000000007,73500.0,haristotle
2026-06-14 07:52:49,day,overall,91,0x8fe2d9bb346ac323fef3b5eefcce50ade5c52c95,22694.96941968675,459495.47171199997,efbfgergewdfw
2026-06-14 07:52:49,day,overall,92,0xa41cb0ef63d0ae1df955cfb2f111c79c6e3afade,22562.469373815045,0.0,endxd
2026-06-14 07:52:49,day,overall,93,0x59c49a09e5335430833b96d96af9e581b0a9b517,22460.46656746755,0.0,badbbd
2026-06-14 07:52:49,day,overall,94,0x2759769cd371bee44ec5bfc5e72c7f1f092b2b38,21787.850429140322,0.0,SharkbetX-com
2026-06-14 07:52:49,day,overall,95,0xcbf60102a6e3c072aa961498100bc35b80bea8cc,21426.625203322503,0.0,0xCbF60102a6e3c072AA961498100bC35B80bea8CC-1780144934673
2026-06-14 07:52:49,day,overall,96,0x777d9f00c2b4f7b829c9de0049ca3e707db05143,21408.617007201945,0.0,05143
2026-06-14 07:52:49,day,overall,97,0x24c129a967ec55d66d3ebc0e443492fbf3c554b0,21067.03251520604,50780.36,Henry-Creel
2026-06-14 07:52:49,day,overall,98,0x99e079510ac59429c1317848ee68d42420395052,20978.871747620913,479.76142999999996,JBucketz
2026-06-14 07:52:49,day,overall,99,0x9cb990f1862568a63d8601efeebe0304225c32f2,20879.114953573764,124609.864115,jtwyslljy
2026-06-14 07:52:49,day,overall,100,0x361b16e3ddfe1d415d41008daac2631d94ab74fe,20043.77684311977,76327.523136,
2026-06-14 07:52:49,day,politics,1,0x4ab9b54427ec4b7f3646b1a0ef1bed73bc708ebe,102266.86937,0.0,RWCS
2026-06-14 07:52:49,day,politics,2,0x6c3aae17140c5e3cde62380daaa323e38575c459,100287.227136,0.0,AvrahamEisenberg - 10161
2026-06-14 07:52:49,day,politics,3,0xa8cf2ed8751f4e58ad039e1b68a8b58b4395031f,85547.41699299996,0.0,
2026-06-14 07:52:49,day,politics,4,0xb2a3623364c33561d8312e1edb79eb941c798510,67227.15810428723,169559.348432,aekghas
2026-06-14 07:52:49,day,politics,5,0x3d8a89a20aa73fba0f30d080e8120de9f9555724,50767.14068997599,0.0,Poyo
2026-06-14 07:52:49,day,politics,6,0x5d0f03cf1243a3e21262d6cf844795afd9fff0ad,44591.762366002426,805.0,EB99999
2026-06-14 07:52:49,day,politics,7,0x0d18e30e252008d83f51dae00d36873ddd9e24a6,29726.53863699999,0.0,MonsieurDimanche
2026-06-14 07:52:49,day,politics,8,0x0f35109cc3ceaf729609c3109310791bd616c84a,27254.641564000005,0.0,
2026-06-14 07:52:49,day,politics,9,0x782186952ef2ca75ea91c95aef25bbdcffb4bb1a,23607.800415098933,0.0,thif - 33063
2026-06-14 07:52:49,day,politics,10,0x59c49a09e5335430833b96d96af9e581b0a9b517,22460.46656746755,0.0,badbbd
2026-06-14 07:52:49,day,politics,11,0x134a63b764ac7b008356e8db1857db94e6b09e42,19893.24975167669,8221.83,Bertapotamous
2026-06-14 07:52:49,day,politics,12,0x95b198f900d19a80d3d7e47b7b17708af254f9ac,18124.591877,0.0,thepicklebomber - 3805
2026-06-14 07:52:49,day,politics,13,0x7fb23b0d330ea4ac4f3cecce1eb81fb0bfb3ed4b,14768.168524999995,0.0,
2026-06-14 07:52:49,day,politics,14,0x70798a8b07483242d768acd1bd1fa26b4648155d,14730.007047162493,0.0,0x70798a8B07483242D768AcD1bD1FA26b4648155d-1779753819683
2026-06-14 07:52:49,day,politics,15,0x4f70929ba287ac85dc2431c85382ccd9e6b0d185,14234.245540373948,0.0,Lance Uppercut
2026-06-14 07:52:49,day,politics,16,0xd1049158a102840ce595efc6ab683a0cb6fbacef,13474.412162130873,0.0,pilimili
2026-06-14 07:52:49,day,politics,17,0x15ae79d7cd60b2a7f06ae46eb4c7a0eb16096ffd,13228.384830000006,0.0,humiliating piglet
2026-06-14 07:52:49,day,politics,18,0xbc75cabb772f1da1c1772430620da0174c453f69,12905.22135298347,510.3,unknwnfnd
2026-06-14 07:52:49,day,politics,19,0xc15b833b6991e5dbcaca029f7d0f951e5db238af,12684.566182915492,1471.406361,makinta
2026-06-14 07:52:49,day,politics,20,0x903221b1098263779ae19486028c844e8c338717,11502.574783670027,0.0,0x903221b1
2026-06-14 07:52:49,day,politics,21,0x322f041810cee536293dcb4c99fc23b3a766940a,10043.226767999999,0.0,Sports
2026-06-14 07:52:49,day,politics,22,0x510904c9a58f5c5ad799a1b44947077564175e9c,9711.253717972635,183980.60352099998,Logan.
2026-06-14 07:52:49,day,politics,23,0x88c4919de76e526d55a32c1f8afb439dd1f1129a,9533.003018482588,305.64888499999995,QuietRiskisWrong
2026-06-14 07:52:49,day,politics,24,0xe0eeb30d92eb2a995fc82b4e58def02c53e6fa3f,9426.288296831113,0.0,predictor - 3335
2026-06-14 07:52:49,day,politics,25,0x84898b583d56054b502c6564f3edfad43b54e211,8927.851561376445,0.0,JustLearning
2026-06-14 07:52:49,day,politics,26,0xfefaf44054fb92d87882f2bd24bddbd163487bed,8476.656116999999,0.0,vivaFujimori - 33031
2026-06-14 07:52:49,day,politics,27,0xae95a2fd8df6b5e621d583157d47412a6b066579,8274.744259,0.0,draintheswamp!
2026-06-14 07:52:49,day,politics,28,0x09fb8ab5f70b2140511c366451e0f02c3c10d01c,7974.457056,0.0,mkiaz - 1025
2026-06-14 07:52:49,day,politics,29,0x335592400e402c26583ce8b56d12605e9548a126,7842.827505159483,0.0,ranger44
2026-06-14 07:52:49,day,politics,30,0x1f682adb9a5cf101bcf53a7cd00bc2c594f7c9b3,7677.93231,0.0,0x3177d25a95524e6d98843c78cd604b67fb1b92b9
2026-06-14 07:52:49,day,politics,31,0x7f9e2d1df78614564a70becc7fa14aa9a6623a0e,7483.614497621544,14514.141147999999,nojnn
2026-06-14 07:52:49,day,politics,32,0x7668efbca0df8195ba199d3e19cb768e8b3779ec,7415.563737000001,0.0,
2026-06-14 07:52:49,day,politics,33,0x0393b7a4c1e4a72564bf8287c7d1471ac9a61130,6550.193144999999,0.0,
2026-06-14 07:52:49,day,politics,34,0x7430669ff298f8dc78e3339448d4994e812d111f,6530.533578999999,0.0,zwe2edS1ms
2026-06-14 07:52:49,day,politics,35,0xa73a10a7224c387eaaec7597271c302eb894b6a5,6358.535929784,0.0,AnotherCrakcAtBiden
2026-06-14 07:52:49,day,politics,36,0xc8849a93e05a2ae1b49bb07787a9e0059bb4e17e,6128.067640092457,0.0,Clicker1
2026-06-14 07:52:49,day,politics,37,0xb254cd171eb8d5b4b60703f99fd13474504bb70a,6116.458664,0.0,maga - 97
2026-06-14 07:52:49,day,politics,38,0x0af5f7ff9e6b4957e26d064b3218c38c59c87e3f,5982.980714,0.0,brian - 23314
2026-06-14 07:52:49,day,politics,39,0x2d4bf8f846bf68f43b9157bf30810d334ac6ca7a,5845.47196285316,22222.21,Gohst
2026-06-14 07:52:49,day,politics,40,0x9e7e57fbc4dd03dc7b0eea98f1f01bc100083e1d,5811.829991454011,19900.01,mcorleone
2026-06-14 07:52:49,day,politics,41,0xf1302aafc43aa3a69bcd8058fc7a0259dac246ab,5774.415381503179,0.0,TraderRed
2026-06-14 07:52:49,day,politics,42,0xc6587b11a2209e46dfe3928b31c5514a8e33b784,5450.911803750438,0.0,Erasmus.
2026-06-14 07:52:49,day,politics,43,0x2051667c23f4476c14deb9f63b930c38812a4542,5441.920000000001,0.0,GigaBrainConsulting2
2026-06-14 07:52:49,day,politics,44,0xfcbe281f11f195423fdf458582e1215790b7aa8b,5171.851393012967,0.0,igot
2026-06-14 07:52:49,day,politics,45,0x44a1159b925c145e70f746bb3f0f58380553bd21,5115.645202512345,16941.807319,yupiiiiiiiii
2026-06-14 07:52:49,day,politics,46,0x9950ee8a9cf72226eb1f6f02b086c17198074f87,5064.889840753716,0.0,inanity - 38305
2026-06-14 07:52:49,day,politics,47,0x88186ddbea78ab3d65b7d08f0658b9c22037f265,4999.839805000004,0.0,
2026-06-14 07:52:49,day,politics,48,0xef1d0c6244e7a8c9640b08758a8425b5d2a5bdcb,4744.460834,0.0,
2026-06-14 07:52:49,day,politics,49,0x614dc8d3542c12103d2c6a3553fd761e391d1546,4661.8607510525035,6801.777649000001,mr.ozi
2026-06-14 07:52:49,day,politics,50,0x9604b357e8307b0ccc8eb5812725d2b112c6fc1d,4601.4009067269835,0.0,Batundi
2026-06-14 07:52:49,day,politics,51,0x64310c79be3502dd17e88d9ca7df781700a66f1f,4403.783522999997,0.0,Sergeantx - 410
2026-06-14 07:52:49,day,politics,52,0x7c6ad2c1e9a6a86c663cb95cc328330576f20b8c,4276.1876313499815,0.0,Imo7o
2026-06-14 07:52:49,day,politics,53,0xe1e105257812992f0b9aba92a17e33f36e89d250,4264.411541061965,0.0,loliti
2026-06-14 07:52:49,day,politics,54,0x2974bd0059e48f215c391882976e0f1b4c8c9c23,4242.3658132615965,0.0,65765757
2026-06-14 07:52:49,day,politics,55,0x730ae359e9441f836022f7ec14b941fdc942a0fe,3882.4374039999993,0.0,rippopsmoke - 56
2026-06-14 07:52:49,day,politics,56,0x7789806c754eb0af4c3abeb026c218b4ba78f823,3870.9248070000613,0.0,VibesGreaterRules
2026-06-14 07:52:49,day,politics,57,0x63f8eb9f5f902f6637f75f10fc185e77b0f660ac,3859.364997000002,0.0,hmm ok
2026-06-14 07:52:49,day,politics,58,0xe36f5735f5bc12c36b361a599e8603d56f7ccd91,3719.892187814483,0.0,sameday1
2026-06-14 07:52:49,day,politics,59,0x0a098e3edff9823c63b80916171cdccfa765f5a6,3584.119093335001,0.0,0x0a098E3eDFF9823C63B80916171cdcCfA765f5A6-1770983328438
2026-06-14 07:52:49,day,politics,60,0xb5fc4d5388952dc7a798fe784fe659f9a20e5ca4,3468.848614998915,0.0,
2026-06-14 07:52:49,day,politics,61,0xbacd00c9080a82ded56f504ee8810af732b0ab35,3307.629182786215,48384.263547999995,ScottyNooo
2026-06-14 07:52:49,day,politics,62,0x1cb3b50a24133ab2a5f88a9730422385f5892176,3127.1483511950064,0.0,jamesboy
2026-06-14 07:52:49,day,politics,63,0xf39651f0addaad0221806d828197064b97feed0d,3122.047697419999,0.0,Pajamapants
2026-06-14 07:52:49,day,politics,64,0xf1554a6292c37db1cd007102b0f55bd7e7ac76bd,3078.161538992521,8323.03,lorry3122
2026-06-14 07:52:49,day,politics,65,0x86e99faea12fccd8925de5d9f052471baf7a4cdf,3002.439263483001,0.0,junifund1
2026-06-14 07:52:49,day,politics,66,0x9d84ce0306f8551e02efef1680475fc0f1dc1344,2978.7131775927264,0.0,ImJustKen
2026-06-14 07:52:49,day,politics,67,0x687349b551df31c4a330bbaf1519458cb521d9e5,2966.8310484142407,0.0,ihatedmyself
2026-06-14 07:52:49,day,politics,68,0xd1091712f4ed0e17261feb174f5c080977506fa0,2947.0675681967477,6464.698079999999,smallf
2026-06-14 07:52:49,day,politics,69,0x629bc4a1e53e1d475beb7ea3d388791e96dd995a,2911.3421481120167,0.0,lava-lava
2026-06-14 07:52:49,day,politics,70,0x3cd63e65f3df4aaf8ebe9de56fe5f8f633b218e4,2848.661612232012,0.0,HerbertAppreciator
2026-06-14 07:52:49,day,politics,71,0x7c3db723f1d4d8cb9c550095203b686cb11e5c6b,2848.2356764407596,39324.26390400001,Car
2026-06-14 07:52:49,day,politics,72,0xfab242aa69777dda9ab74b6a6aa878555f3feacd,2845.680646,0.0,Luxy - 6433
2026-06-14 07:52:49,day,politics,73,0x4f9eedcc32b40633a04fb45b8149e1b600479aa0,2768.507706709992,11.0,m3tuna
2026-06-14 07:52:49,day,politics,74,0xc4c81a4e8e39d374b12e27a0373f6e2ccb4f8618,2758.083546885,0.0,mhonkasalo
2026-06-14 07:52:49,day,politics,75,0xac4a1fabdac2438d6afa2a9e8e83845310a0bf1e,2676.195606659021,131179.254732,HerrieDavis
2026-06-14 07:52:49,day,politics,76,0xc0a1298e2d6ba216efb554865369152da9c5a33b,2580.406314200198,0.0,EddyAncogld
2026-06-14 07:52:49,day,politics,77,0xa8845b7cf1cdc5d63a226d7db2be64feb8119d7d,2537.449412,0.0,mbharus - 38295
2026-06-14 07:52:49,day,politics,78,0xd640bffba986c2de1a512c0e25a3e37805cd480c,2509.5252816574916,0.0,
2026-06-14 07:52:49,day,politics,79,0xcf19c420814435ffb1c459588208ed23a7ee6402,2495.3676863484725,785.25,PantheraUncia
2026-06-14 07:52:49,day,politics,80,0xbb90ad2434c27716e987f6318df47285c6ddffbe,2473.6647920000005,0.0,AceBaby256
2026-06-14 07:52:49,day,politics,81,0xae50d6935c736696a99c309a4dcabe1343b20354,2428.523338,0.0,dougiedigital - 11986
2026-06-14 07:52:49,day,politics,82,0xed107a85a4585a381e48c7f7ca4144909e7dd2e5,2428.231444481993,342.67,elmcap2
2026-06-14 07:52:49,day,politics,83,0x56ebe2a8eb1b9bccfd3059f981f9c987e45e076a,2413.409721162505,5125.14,just.some.guy.2026
2026-06-14 07:52:49,day,politics,84,0x2b71bc97507076a80bd0000cdb134e4fc3041359,2402.6987620001287,0.0,97507076a80bd0000cdb134e4fc304135
2026-06-14 07:52:49,day,politics,85,0x162f6fff88a52864f2ecc9833e58089d5254798d,2381.1479420983524,66313.58289,Valen9
2026-06-14 07:52:49,day,politics,86,0x93511d72d294f1478739bc38f578bf0306fd9e4d,2348.546840325027,25829.47,Dafu0715
2026-06-14 07:52:49,day,politics,87,0x8b5a7da2fdf239b51b9c68a2a1a35bb156d200f2,2323.7538361999905,32496.39,Joe-Biden
2026-06-14 07:52:49,day,politics,88,0xc02147dee42356b7a4edbb1c35ac4ffa95f61fa8,2292.1947193617816,17624.466029,Eatpraylove
2026-06-14 07:52:49,day,politics,89,0x168205abe04b2bbc665fada09297e284edec26ca,2246.1669907934975,0.0,rewrewrewrwe
2026-06-14 07:52:49,day,politics,90,0xc8b9a30184244d427169cf62485dde6041b2b836,2243.41999862346,0.0,SnowLover7
2026-06-14 07:52:49,day,politics,91,0xc8ab97a9089a9ff7e6ef0688e6e591a066946418,2192.559458417094,191552.001386,ArmageddonRewardsBilly
2026-06-14 07:52:49,day,politics,92,0x31bd72f83eb411599a4058c1316ef1d6e6442649,2183.7370615446753,2699.99179,lodes
2026-06-14 07:52:49,day,politics,93,0xda66ddc4529eb7ac68add4eca06c37cdcde03f38,2180.0145937929083,8362.67,Eire
2026-06-14 07:52:49,day,politics,94,0x88b59d79b6e1659c95a0043028e5bb7a26e6205c,2162.790740440134,36074.559995999996,almost-never
2026-06-14 07:52:49,day,politics,95,0x2bd6a5c4e900a2b18db71618af01cb3b0e2160c2,2077.4488231920914,16182.584046999998,eugenii
2026-06-14 07:52:49,day,politics,96,0xb2d62e284ac9f13f09dcdd8accab61bfdd7af3bd,2076.737015061502,0.0,crystalfalls
2026-06-14 07:52:49,day,politics,97,0xb1ca909e848cc24ec4e220ce1c453bc290c51705,2063.3672949861,16612.5576,NonceChaser
2026-06-14 07:52:49,day,politics,98,0x5f176a980de5b25f89f17473e5e8adef565c519e,2035.0887435929471,0.0,cezarn132
2026-06-14 07:52:49,day,politics,99,0x778f6b920f7b96b0a76b1711b495e429b932e2c3,2029.2884579999306,0.0,
2026-06-14 07:52:49,day,politics,100,0x88e2b1b6c7847828fc91af43aba2fee07fb07489,2008.6727607280336,3393.25,pakukudolphi
2026-06-14 07:52:49,day,sports,1,0x99aea8f9a64d0142b6b66a4b9d02a2211d45386f,5018187.598950207,10668399.702823,LEEEROYJENKINS
2026-06-14 07:52:49,day,sports,2,0x26437896ed9dfeb2f69765edcafe8fdceaab39ae,1444121.7071695996,272007.09,Latina
2026-06-14 07:52:49,day,sports,3,0x204f72f35326db932158cba6adff0b9a1da95e14,945896.7300451891,6546667.372375001,swisstony
2026-06-14 07:52:49,day,sports,4,0x5e4dbe95f805e27959532f4845e2e4180017b874,572352.3510850449,0.0,shakendbake
2026-06-14 07:52:49,day,sports,5,0xcfb69f94b3764e75228515ad9d169570d5f906da,486926.52496821707,0.0,athelstan
2026-06-14 07:52:49,day,sports,6,0x2e69bb3db7ffcedc4f83b56fe3e6f93371d1858d,465625.70749310433,170000.0,texasdolly
2026-06-14 07:52:49,day,sports,7,0xad9c94a65d1f053b8bb31815865a0d4c64b69889,444092.5663828254,858102.945594,jalenbrunson-official
2026-06-14 07:52:49,day,sports,8,0x6db568e61e5e3de7d87f831431b673f38ce2e279,359610.09322726796,934602.4720000001,
2026-06-14 07:52:49,day,sports,9,0x84cfffc3f16dcc353094de30d4a45226eccd2f63,287736.31104096,2352765.5154260006,mooseborzoi
2026-06-14 07:52:49,day,sports,10,0xccd81fbd3395dc43a0531f8484b21c2462daf4de,287589.05979299895,947441.319865,0F62
2026-06-14 07:52:49,day,sports,11,0x97cb27132b9dd66a2ef49390893cbeb26c3fe4d0,196150.24365224998,0.0,yyaoyyao
2026-06-14 07:52:49,day,sports,12,0x4bff30af91642dc7d2b19a8664378fe55c45fc26,189302.34434934333,332267.803944,Sassy-Bucket
2026-06-14 07:52:49,day,sports,13,0xe5b70fd855af9258d9463992e4f1ed7987905ee3,187817.1644173286,0.0,alwaysfade
2026-06-14 07:52:49,day,sports,14,0xe549581668a5751c1972d3ad2d1991d900bd2d54,170202.36401203956,76216.262591,Allezpapa
2026-06-14 07:52:49,day,sports,15,0x5e4c3b5b81171e2ca4ab776ac0d6bba787f9dba2,154286.3999999999,514288.0,endlessFate
2026-06-14 07:52:49,day,sports,16,0xf284ad6d607f777f34bc643cea587c33a886b9f9,131427.32093559694,278387.545803,strike123
2026-06-14 07:52:49,day,sports,17,0xc8ec6d4cef5c5fe8409ef69303c37f05b678e8f1,127757.57894854178,225275.8,Hugewinner
2026-06-14 07:52:49,day,sports,18,0x2c335066fe58fe9237c3d3dc7b275c2a034a0563,127129.78180472692,9096901.604961,0x2c335066FE58fe9237c3d3Dc7b275C2a034a0563-1759935795465
2026-06-14 07:52:49,day,sports,19,0xf0318c32136c2db7fec88b84869aee6a1106c80c,124980.97229058784,51790.368691,BreakTheBank
2026-06-14 07:52:49,day,sports,20,0x81da605d7dac06478367ed1bae0593b7791ca109,120851.28458442504,0.0,gardenshed
2026-06-14 07:52:49,day,sports,21,0xf1528f12e645462c344799b62b1b421a6a4c64aa,117133.78631494986,206849.34291300003,phonesculptor
2026-06-14 07:52:49,day,sports,22,0xdb27bf2ac5d428a9c63dbc914611036855a6c56e,116559.47536224686,0.0,DrPufferfish
2026-06-14 07:52:49,day,sports,23,0xc660ae71765d0d9eaf5fa8328c1c959841d2bd28,111898.10371163007,645800.8790480001,BoggsFromShawshank
2026-06-14 07:52:49,day,sports,24,0xa2b5bafa01d0f81926a2a88e5628a95b59fc4582,99742.64157040988,507262.2656350001,BruceWayne77
2026-06-14 07:52:49,day,sports,25,0xf0f7f99300c5fa7ebedd7b7d806b97528c580c5a,92108.07786428489,237480.80369399997,us291
2026-06-14 07:52:49,day,sports,26,0xa38a455bbdd4b68486548b7e19da99903f4f821d,91308.81797013519,1302122.977036,takeormake
2026-06-14 07:52:49,day,sports,27,0x9cd10d52a3b1dc0324db531769262ab48785285d,86034.31023726001,26524.1,dudebro
2026-06-14 07:52:49,day,sports,28,0xc6b13482e72f656519705d792a1f25587a6c78fd,85322.44951813208,184688.253639,damed21
2026-06-14 07:52:49,day,sports,29,0xf751fbd76257ad498e02c1da257ac6e31df0fec8,82925.35893230172,358679.936228,0xF751fbD76257AD498e02C1dA257aC6E31DF0FeC8-1780152076667
2026-06-14 07:52:49,day,sports,30,0x032eb1bc893940263ad0b01889f262fc232f2a9e,82921.22736517995,389262.39999999997,purplegatto
2026-06-14 07:52:49,day,sports,31,0xe9a6ed2e4d4ee8ce47cd47cac834746dc4cf627b,81389.03236333953,228788.56552800004,Onege
2026-06-14 07:52:49,day,sports,32,0xf39651f0addaad0221806d828197064b97feed0d,78750.97014314949,0.0,Pajamapants
2026-06-14 07:52:49,day,sports,33,0x20bcdf5a9c7696d1134cba8d77067d2a967fa3a7,77399.07549499997,0.0,Ryan888
2026-06-14 07:52:49,day,sports,34,0x2cff41636fe21fad120fed603d54d4fdd96259db,75568.13712431997,0.0,ThisAgain
2026-06-14 07:52:49,day,sports,35,0x198a38b9704cf3a5ed321f28c8a7836559676762,71858.77274487502,222232.21,kanto45
2026-06-14 07:52:49,day,sports,36,0xedd9708b0060c236cd2079838541e754a3f5f79b,66889.7640910695,80638.654721,LuckyTrump888
2026-06-14 07:52:49,day,sports,37,0x4761ecf3578e388a9b16c43f874efe32ee855ae8,66090.27429775032,370340.273189,Grenderen
2026-06-14 07:52:49,day,sports,38,0x54488e88f32160815682c335cd89b0c119ea1a7b,61784.50257566625,433746.51925,Huanhuan
2026-06-14 07:52:49,day,sports,39,0x076daa87c4fe1a85402a9b6b8e0a866224388d4c,60505.72486525146,1668.4219629999998,
2026-06-14 07:52:49,day,sports,40,0xc3acf5878a03523d09a3ac859943445d7baeb964,59500.04999999999,150000.0,mentionmarket
2026-06-14 07:52:49,day,sports,41,0x006cc834cc092684f1b56626e23bedb3835c16ea,57825.701249999925,0.0,0x006cc834Cc092684F1B56626E23BEdB3835c16ea-1729683673397
2026-06-14 07:52:49,day,sports,42,0x8b5a7da2fdf239b51b9c68a2a1a35bb156d200f2,55300.823446779395,1435083.3900000001,Joe-Biden
2026-06-14 07:52:49,day,sports,43,0x86e99faea12fccd8925de5d9f052471baf7a4cdf,53847.825929965125,16662.144841,junifund1
2026-06-14 07:52:49,day,sports,44,0xef27152015c5313daf457804e7319e869ed3381b,53333.41666581336,83333.333332,superbeter007
2026-06-14 07:52:49,day,sports,45,0x1eaf5d5f822dc5211c25b5839e5b7aa70f319bf0,52243.6127074915,227450.23635400002,LYnetLY
2026-06-14 07:52:49,day,sports,46,0xa8b9d28f2846f087c4855ff4ad20de5e7f98775d,51185.810623733334,14021.916106,0x4ca135150c0492539faf1B50721E74aC2F34fA35-1761457915161
2026-06-14 07:52:49,day,sports,47,0x4f1d8723cfe30eb5a26891a8f402f592ac0c708b,46359.04391207014,845813.1018899999,Nikiandy
2026-06-14 07:52:49,day,sports,48,0x56b4729cae227ba1cbeb35e4d8d219f1c6fba84b,45999.853346939984,99999.68118900001,escfnlock
2026-06-14 07:52:49,day,sports,49,0x1b47e9b128e6b671edebfb2cac23dd3efc40d814,45920.59311152785,248170.33667400002,sbsigner
2026-06-14 07:52:49,day,sports,50,0xf43842aca68209bd8bd3b4cfae00a32053769559,44220.06320157921,86314.541227,PendulumExchange
2026-06-14 07:52:49,day,sports,51,0xd105f1f4995a283f5e83236aa1851fc828867b2c,42957.82556428583,5405.405402,dnte
2026-06-14 07:52:49,day,sports,52,0x987b441a20dd4aa4ba6d53069e852e7f820adf43,38235.58499999999,0.0,lighthousefamily
2026-06-14 07:52:49,day,sports,53,0x2a69660046d7acc4ab204d7cc5ba78b0776cd2f7,37932.55602692047,862021.7801770003,UpTheBlues
2026-06-14 07:52:49,day,sports,54,0xf68a281980f8c13828e84e147e3822381d6e5b1b,37917.41848883184,807674.856062,iDARKenjoyer
2026-06-14 07:52:49,day,sports,55,0xd60419ae698bd0ae7c0ef69470bfc1e0f9a9bc8a,37205.99239082151,0.0,thegreatjeff
2026-06-14 07:52:49,day,sports,56,0x7815aee0ad967be0cd032e834f98a0004dee2ed1,36195.023932329,0.0,0x189DAC7a19BAD1E0Af78cf03D7398Acb7a3c6162-1756841072313
2026-06-14 07:52:49,day,sports,57,0x5b4ec9c06b284ee52c41a761974d836992880232,36155.41874999995,0.0,ramadamaramadam
2026-06-14 07:52:49,day,sports,58,0xf02008dd334fe83c8dad61dd9a54776d7fb03212,35666.806337353526,10000.0,threeblindmics
2026-06-14 07:52:49,day,sports,59,0xb1bf8085299bc75d472a177d76493c4ac3a5f74b,35573.28509088231,116066.827071,eth20000000
2026-06-14 07:52:49,day,sports,60,0xa7229f3cd642fa8edab1edbca9a11b3523c9c09b,35570.5644633664,24924.846955,fdsafdsafdsaf
2026-06-14 07:52:49,day,sports,61,0x412fe1a101554f0b382181c3af932e4b2d8030fa,33625.04196818533,74713.007745,GrizzliesSuck
2026-06-14 07:52:49,day,sports,62,0x1df231bd33dae91463e1682927e8096b82c289a0,33623.92191697145,155581.10412899998,pedroBala
2026-06-14 07:52:49,day,sports,63,0xe3c9c84c9917d21351902f3bfde3420543ea4b9c,33395.64761265396,0.0,DimSumConnoisseur.
2026-06-14 07:52:49,day,sports,64,0x3f3aa7005f8006bfcc367d43a25cde25509fe8fd,32720.57536785482,460841.06759900006,us391
2026-06-14 07:52:49,day,sports,65,0x99f0d31fdced5b3a0e5ee2867730a6644a6c9495,32069.754960164166,4229697.886233999,0x99F0d31fdced5B3A0e5Ee2867730A6644a6C9495-1779037126382
2026-06-14 07:52:49,day,sports,66,0xb6c35456f029c3eeb66853a0481199d2c474600f,29872.25646520977,79155.247776,everythingisokay
2026-06-14 07:52:49,day,sports,67,0xbca08c1bc204a34f2fddbe47b438b9bd42ac9705,29334.39058265742,272224.43407899997,bananawoin
2026-06-14 07:52:49,day,sports,68,0x146703a8a73ae1dff0f84ba44c45d878858a4372,28534.90905475642,68348.225485,igetlitty
2026-06-14 07:52:49,day,sports,69,0x57dedd62596dd4f85c7ebe5317e07d22795ecd90,28433.701964664764,98901.018188,largeleeks888
2026-06-14 07:52:49,day,sports,70,0xde7cdcab3e0c5b0e8315da358e80c7d80a12c933,27006.88463663301,80.0,thebug44
2026-06-14 07:52:49,day,sports,71,0x6149eef0ad08366e8003dc18fb923ef555dab48c,26655.464505585187,80330.695306,blockdao.
2026-06-14 07:52:49,day,sports,72,0xd2f35966724dec853e983c599cb2b32e9b1e37f9,26500.686710624996,30.0,JaJa886
2026-06-14 07:52:49,day,sports,73,0x661daf6af6d884012dd6db73c09d72e8be224dc6,26319.877845815092,141218.309015,DOLLAR-PRINTER
2026-06-14 07:52:49,day,sports,74,0x93eb0e4610aef5406085e9e45265ca6322bdc387,26118.780255999995,137587.97,sangeshami
2026-06-14 07:52:49,day,sports,75,0x0e641e83d3430558341d3b23b2643cda0c1a3c99,25346.215937499997,0.0,thh80
2026-06-14 07:52:49,day,sports,76,0xddf449fc36375beb7a887b41b54a29817c662680,25306.75116849249,0.0,0xDdF449fC36375Beb7A887B41b54A29817c662680-1768335595795
2026-06-14 07:52:49,day,sports,77,0x8b3234f9027f4e994e949df4b48b90ab79015950,23924.51610464463,0.0,Gametheory-394
2026-06-14 07:52:49,day,sports,78,0x8a6764a2da22d13ed16efd05ec67123b656de403,23621.309500000003,12869.05,megashvbwuy
2026-06-14 07:52:49,day,sports,79,0x85bbb00a84f100a74ec6a479ce6f8f45b04c9ada,23489.595165529034,89939.163298,zezj
2026-06-14 07:52:49,day,sports,80,0x84dbb7103982e3617704a2ed7d5b39691952aeeb,23380.93107232917,0.0,Soarin22
2026-06-14 07:52:49,day,sports,81,0x7aa16fd4fba9a459414a2dbf6985b40b5ca1e126,23170.036000000007,73500.0,haristotle
2026-06-14 07:52:49,day,sports,82,0xdc4f08727c65afc4731b75cf1ed265666b7b4652,22958.441404315,0.0,third-eye
2026-06-14 07:52:49,day,sports,83,0x8fe2d9bb346ac323fef3b5eefcce50ade5c52c95,22694.96941968675,459495.471712,efbfgergewdfw
2026-06-14 07:52:49,day,sports,84,0xa41cb0ef63d0ae1df955cfb2f111c79c6e3afade,22557.764562087046,0.0,endxd
2026-06-14 07:52:49,day,sports,85,0x2759769cd371bee44ec5bfc5e72c7f1f092b2b38,21787.850429140322,0.0,SharkbetX-com
2026-06-14 07:52:49,day,sports,86,0xcbf60102a6e3c072aa961498100bc35b80bea8cc,21426.625203322503,0.0,0xCbF60102a6e3c072AA961498100bC35B80bea8CC-1780144934673
2026-06-14 07:52:49,day,sports,87,0x777d9f00c2b4f7b829c9de0049ca3e707db05143,21408.617007201945,0.0,05143
2026-06-14 07:52:49,day,sports,88,0x24c129a967ec55d66d3ebc0e443492fbf3c554b0,21067.03251520604,50780.36,Henry-Creel
2026-06-14 07:52:49,day,sports,89,0x99e079510ac59429c1317848ee68d42420395052,20978.871747620913,479.76142999999996,JBucketz
2026-06-14 07:52:49,day,sports,90,0x9cb990f1862568a63d8601efeebe0304225c32f2,20879.107452820288,124609.864115,jtwyslljy
2026-06-14 07:52:49,day,sports,91,0x361b16e3ddfe1d415d41008daac2631d94ab74fe,20043.77684311977,76327.523136,
2026-06-14 07:52:49,day,sports,92,0x408fe71e6b5401ecd6733970cb6f1a25e984b2f4,19772.73691672203,696394.3648710002,Winnerdinnerchickenjr
2026-06-14 07:52:49,day,sports,93,0x8fba2c29715c41dd87e781c23373aa1e0549d08a,19094.911406838655,0.0,abura2025
2026-06-14 07:52:49,day,sports,94,0xcc2982e3fbbcaf9af9fa373fa3ae392fd9457774,19045.873933629016,0.0,hose
2026-06-14 07:52:49,day,sports,95,0xd2b5a4be2eb6be50a91a413b6f71ee222143b7b3,18319.24302652043,0.0,
2026-06-14 07:52:49,day,sports,96,0xf410c083eb92d2ba6417b6c77797a83057deca73,18279.38897758798,0.0,ridleyridley
2026-06-14 07:52:49,day,sports,97,0x5aa981521b4e94fee3b3bf18fe441f62e865febe,18254.715036523063,154189.37561,apucimama
2026-06-14 07:52:49,day,sports,98,0xb272505077cc2c6bde5acca133ea6364152e5030,18153.48397358,42647.958509000004,FifaFred
2026-06-14 07:52:49,day,sports,99,0x41e8a5dbff47bc3409669cd781f4c763a4405b95,18023.59305485,0.0,huddd
2026-06-14 07:52:49,day,sports,100,0x9f41b736a8d04891178df2495921a5a3e88b8f27,17488.237339971907,371938.806877,hedgevaultmainnet1
2026-06-14 07:52:49,day,crypto,1,0x565ca59275f81991bd9877d7fa8404c5ecf6519e,18166.38885346226,143489.10705,bbwlover
2026-06-14 07:52:49,day,crypto,2,0x35468fe9e090959e2f19a9c87da3990d47f1ef67,10323.524962003525,19838.620599,AAAWAD
2026-06-14 07:52:49,day,crypto,3,0x074fb910a720ab98ad4986e15a3b32e08b20b0dd,7384.20952911853,52882.51036199999,0x074Fb910A720aB98Ad4986e15A3b32E08b20b0DD-1780178637622
2026-06-14 07:52:49,day,crypto,4,0xee65685de42f8de9a03b4c53ee77d56a20d2cfc9,5626.55043189766,292406.895301,0x50f7
2026-06-14 07:52:49,day,crypto,5,0x06dc51826bc524d9a83770e7de9dd7e005b04524,5466.632422348135,105443.313026,0x06dc51826bc524d9a83770e7de9dd7e005b0452
2026-06-14 07:52:49,day,crypto,6,0x373a5406c17519e5322e51586107146a46279a67,5370.093109534011,60573.69089500001,0x373A5406C17519E5322e51586107146a46279a67-1777501816645
2026-06-14 07:52:49,day,crypto,7,0x493e471dd9a424270a7c9a91295bc3908650618f,5130.656110854179,10516.626295000002,QQWQQA
2026-06-14 07:52:49,day,crypto,8,0x12c2782b74d3b2a051b55be2e5167970ace01381,4394.1156072874,36039.031686999995,gta6wen
2026-06-14 07:52:49,day,crypto,9,0xed2f4c1a5b2ea42eb0fbc9c03adc267a04c39897,4307.0715138311725,68046.087271,0xeD2F4C1a5b2Ea42eb0FbC9c03ADc267a04C39897-1781388683963
2026-06-14 07:52:49,day,crypto,10,0xb0c078c893300f44d341f4e854d8964b47dce88f,3774.0806192893515,61469.758734,Bossgirl
2026-06-14 07:52:49,day,crypto,11,0x1e50e95700d59375be10cda4db16f87a80302473,3479.882857239485,39430.945561,ZCu005
2026-06-14 07:52:49,day,crypto,12,0xf62084fb019c80345360bb5a8a8f10d2845890e5,3479.4600198600256,10392.140000000001,poobidav
2026-06-14 07:52:49,day,crypto,13,0xd2aceda954b0938903a86ab2e0683aefca5ee5fe,3291.116595071624,19272.303629,j2f2n4f2jkjn
2026-06-14 07:52:49,day,crypto,14,0xcfbb6b28819a87076db76ecc933658b630b44197,2975.1734907198843,21592.050379,marmot3
2026-06-14 07:52:49,day,crypto,15,0x72cf1f097e74eead664c2453582912b38c5d26c7,2946.85479515636,14625.596842000004,onlystar
2026-06-14 07:52:49,day,crypto,16,0x7e16422c35d67872932e8111acdb4578d6457f14,2915.424648414402,5395.972191999999,0x7e16422c35d67872932e8111AcdB4578D6457F14-1777124617012
2026-06-14 07:52:49,day,crypto,17,0x8d06b69858838de58452d964bbde54b33f6a7910,2834.145459886308,4034.043444,AlexMercerOne
2026-06-14 07:52:49,day,crypto,18,0xa6657ab4eb9d92c8bbfb1d1d52ce7205e4ca01e3,2808.1314162798917,11074.299386,MikeAddon
2026-06-14 07:52:49,day,crypto,19,0xbcf010b27f2a6f7c846306a32038f0cb376a9604,2662.0327095764296,31213.786138000003,0xBcF010b27F2a6F7C846306a32038F0cB376A9604-1780161927366
2026-06-14 07:52:49,day,crypto,20,0x46a320d38a64465a27cb083633422634d47fead2,2619.9586216403186,84169.870225,gogogogo2026
2026-06-14 07:52:49,day,crypto,21,0xa82365c8e854728c472812fba6202ca125386215,2426.795145585387,45393.480003000004,mihaXd
2026-06-14 07:52:49,day,crypto,22,0x98f5d88798331947dc2a0f9087308a17c41f754f,2426.0084294500193,12702.439477,gardenerCx
2026-06-14 07:52:49,day,crypto,23,0x9e499f4477eb5714836c0a7c5394c9e83eead3d8,2335.1214,3750.0,thankyoupredict
2026-06-14 07:52:49,day,crypto,24,0x97112b2802481921970495f51e2fc5b4ea440fb0,2200.8619370000015,12976.0,
2026-06-14 07:52:49,day,crypto,25,0xd96750bf8d941a8186e592b0ae6e096da66aa266,2099.2762219323213,5737.416147,imwalkinghere
2026-06-14 07:52:49,day,crypto,26,0x931cd2259731f65ff31faa5233f446b9f50ca002,2009.0697159795745,14401.551974999998,0x931cd2259731f65ff31fAa5233f446B9f50Ca002-1777400384859
2026-06-14 07:52:49,day,crypto,27,0xeebde7a0e019a63e6b476eb425505b7b3e6eba30,1936.6782248412492,373964.02005000005,Bonereaper
2026-06-14 07:52:49,day,crypto,28,0x5083a040efc20da48e3602f520940cc61c2bb0ea,1909.8710660938705,19270.373969999997,
2026-06-14 07:52:49,day,crypto,29,0xc487a65e48552b964a46df520eed1029aec8b127,1830.8485968043715,105.0,KyeZX
2026-06-14 07:52:49,day,crypto,30,0x16351b85a6160e7a3759ec20603e7c14e4245624,1828.801629886042,11221.3125,Betm4ker
2026-06-14 07:52:49,day,crypto,31,0xa4a1d8457cd2259e18ece7bb92635f472f6d6e1c,1771.58284504667,3544.42981,laozei
2026-06-14 07:52:49,day,crypto,32,0x012fd76cf6604014f03cc794df8d567f8baf6d43,1720.617395826388,26648.600350000008,PicassoCrypto
2026-06-14 07:52:49,day,crypto,33,0x623462736a406bd4a460c9a6e1c74672d01d2ac2,1718.0376988494088,3578.529409,zhiwen
2026-06-14 07:52:49,day,crypto,34,0x872149fd236dee03aace99f5b385f9eafae278f5,1700.4119895704753,26262.827303,0x872149fD236DeE03aACe99f5B385F9EAfae278f5-1779256506920
2026-06-14 07:52:49,day,crypto,35,0xd4d92f12157c8ef797f6c208a7d7700f868a0f1c,1682.43894191874,4034.2829380000003,53sui
2026-06-14 07:52:49,day,crypto,36,0xa95b27b0626973f7bc7600e65cd88cd7b42d0d14,1529.3745537987609,18564.689669,DarkNHL
2026-06-14 07:52:49,day,crypto,37,0x1e9611c3bde3aa2ea36eb3f063834b1a23c6e72a,1498.1847563051379,17337.151953000004,pppppppppo65
2026-06-14 07:52:49,day,crypto,38,0xfdc072df1e4c7d91334cf622d0520d51aef5e6a1,1490.7199999999975,0.0,0xfdc072df1e4c7d91334cf622d0520d51aef5e6a
2026-06-14 07:52:49,day,crypto,39,0x9412cdfc1e3171e1aabb013d0f494986445d0cd0,1413.2565997986094,205759.80385499998,gansinimen
2026-06-14 07:52:49,day,crypto,40,0xa2cba213b15c6502af92bfe61ca7472e6ea4267f,1382.8368125134998,15387.64405,aragon
2026-06-14 07:52:49,day,crypto,41,0xf669f68883664a9333dbdab7deed319821489b8e,1336.319946699514,8412.917749999999,GreenboyAP
2026-06-14 07:52:49,day,crypto,42,0x2bc01f3ad80e31f5bf3d80775b044f0c67797871,1317.6576118410085,36025.63305700001,is5minfixedyet
2026-06-14 07:52:49,day,crypto,43,0xdf7930e89a2c47560165331863c31deca0733dcd,1285.0376978843888,166631.111294,std0
2026-06-14 07:52:49,day,crypto,44,0x23f544a1f92150f25ebafae0e40f5db448b37a6e,1259.1694770694594,12229.301873,mantaray1xusdfj
2026-06-14 07:52:49,day,crypto,45,0xe6ab5f386a8d8f9f478431639ac72d6004e5b730,1256.5577088266703,8630.472954,keepongambling
2026-06-14 07:52:49,day,crypto,46,0x69c7b8de588c68d3927f094eb9ec9a2b1bbeb03c,1253.8228148188027,23383.805318,egig
2026-06-14 07:52:49,day,crypto,47,0xaa1f78baa19a1e7ec3c2325936c48d578370b8fe,1226.4445678918505,7844.417547000001,0xaa1F78baA19A1e7EC3C2325936c48D578370b8Fe-1777940589176
2026-06-14 07:52:49,day,crypto,48,0xd76930596edbb8c784dcc48f52140875bcd4f90c,1171.360591350065,869.797912,dodca
2026-06-14 07:52:49,day,crypto,49,0xe13b30ddadecf9ba877d7141ca8f313d9d24821d,1171.1835211239313,13629.078385,bigjusticeleagu
2026-06-14 07:52:49,day,crypto,50,0xf06deffedec7adf9bbb03f42744433887e7c003e,1158.884153810292,5454.31443,boomingfortune2
2026-06-14 07:52:49,day,crypto,51,0xc1b4bfdc36eaa5c09e7231c61e5e44c5463f624f,1097.2054277932002,40629.807823,sir-upalot
2026-06-14 07:52:49,day,crypto,52,0x0e3cedbd3089f72dfaab9641b7392cf0f71a6e60,1092.5644323515608,3425.2799999999997,wackoth1245342
2026-06-14 07:52:49,day,crypto,53,0x21773bb42ce5faced62186fb249c374df8a8eff5,1039.6373060493916,10031.323047999998,
2026-06-14 07:52:49,day,crypto,54,0xc779b172d107679f202705bbd8f6b1dd88b5a904,1032.2253894599908,2481.6433010000005,sab0tage
2026-06-14 07:52:49,day,crypto,55,0x602774481b4a42605306678333cc2a7b349db3dd,976.4765806378321,1851.177722,Mully2026
2026-06-14 07:52:49,day,crypto,56,0x74789c6ba80fba7c40b3ec10f1e92ef696938e95,955.9788081977471,2958.652122,niumowan
2026-06-14 07:52:49,day,crypto,57,0xd7590dede956924574e64c614f104ef058b1c0df,923.6126210420941,14487.865838000002,0xd7590dEde956924574e64C614F104eF058b1c0df-1781381371490
2026-06-14 07:52:49,day,crypto,58,0x0ff6c7b7103b964005654580e57f87cb3aa8199b,920.4682380541464,6672.813561,0x0ff6c7B7103b964005654580E57F87cB3aa8199B-1778782590357
2026-06-14 07:52:49,day,crypto,59,0xd48efad8b66d55ad8fd8e69a2dc776be062d1d61,919.9392218081084,4853.415166,Anny3
2026-06-14 07:52:49,day,crypto,60,0xdf1b5e01c51466f694330f57b93149633d3dce8d,911.0566260569858,21872.453617,0xdF1b5E01C51466F694330f57b93149633d3DcE8d-1776923118515
2026-06-14 07:52:49,day,crypto,61,0xfe9455e2cad5257b26547af62cbbfd75c8968a3d,891.5258043909944,0.0,lovedudley
2026-06-14 07:52:49,day,crypto,62,0x09ef6c16e7dffc27021ab44150fee1a24800679d,868.39945906,1805.1136159999996,accelcrypto
2026-06-14 07:52:49,day,crypto,63,0x9f33355c2684ef42dfdccf323b8f0ef8858a63fb,840.8210814117281,4832.434974000001,kalisita
2026-06-14 07:52:49,day,crypto,64,0x91aab8d0ae5c7dde7d9ea7ca49aeb985e09819b8,834.1015021680141,26390.731572999997,0x4tngfdi43gjdgvji
2026-06-14 07:52:49,day,crypto,65,0x04a162e06d1e82745a08b95e247bf3a965693527,826.9122271652486,15334.628037000002,Agreements
2026-06-14 07:52:49,day,crypto,66,0xef1a2c43f988020d0a1e0f16f92b38b74e4b8e12,820.54,9000.0,0xef1A2C43f988020d0a1e0f16F92B38B74e4B8E12-1761574715681
2026-06-14 07:52:49,day,crypto,67,0x1465b79bff7992bc703e1aafb3683b1089647072,816.3211800649879,0.0,JnStTrdrBnusFnd
2026-06-14 07:52:49,day,crypto,68,0xd83cca512a2566ee0a82e1b1780f3857cf5a19dc,814.6697401185083,0.0,Coolmanx
2026-06-14 07:52:49,day,crypto,69,0x82311cdedaa7ee25d4672b0e3a3ee0dd0cd2c02e,805.1561962989499,7422.695626999999,fasoni
2026-06-14 07:52:49,day,crypto,70,0x52cb506e9902e962f9a18310dd3876c9ee86ff0c,802.9858607408386,8205.641292999999,
2026-06-14 07:52:49,day,crypto,71,0xb305d384400e3d7a15780216a55368ea677eca4e,801.9772893158952,52576.237918,0x9c2d56b0e388cb559ba010bde4417d0960688
2026-06-14 07:52:49,day,crypto,72,0x4d04b4199df29d00d9351252387f4fc029dbbcc0,790.0839635668001,11746.345871000001,CEELE
2026-06-14 07:52:49,day,crypto,73,0x66835dd6e6ecb3b882c8d350899e9066c2d645ff,788.9341149999927,9686.429188,jkwls
2026-06-14 07:52:49,day,crypto,74,0xe9c6312464b52aa3eff13d822b003282075995c9,773.1030424284982,19154.325225999997,kingofcoinflips
2026-06-14 07:52:49,day,crypto,75,0x81529ca89509fbaf1eedd1f38b3e957372e75b51,764.2246015403824,34591.984168,
2026-06-14 07:52:49,day,crypto,76,0x9e95b223006e151ac405e2d8d5c8e9d684b1dff8,762.180300739119,10018.075907999999,qweqweqweqwe123123
2026-06-14 07:52:49,day,crypto,77,0x0eafa5f60abf7f08d72aae711af474d48ff41f76,760.5962848567726,10318.137811,0x0eAfa5F60ABf7F08D72aae711AF474d48FF41F76-1781166957511
2026-06-14 07:52:49,day,crypto,78,0x37b5556b61c725520987e94572d229b90c4f116d,757.8269312284488,4306.779102,jinwoo14
2026-06-14 07:52:49,day,crypto,79,0x043c7c3b76e404d1d208f70ecd1248f34dba80dc,748.7113170000048,9736.869999999999,0x043c7C3b76e404D1D208F70ecd1248f34dbA80dc-1774732011818
2026-06-14 07:52:49,day,crypto,80,0x0e7bcc59ec6f59b6a71a6fff733140a14c28fefa,743.7460237754567,3825.2389550000003,7000-4
2026-06-14 07:52:49,day,crypto,81,0x362be483178eea0b15bcbda8242269f6c6cafb9a,734.8420497899983,1208.0099999999998,igorosok221
2026-06-14 07:52:49,day,crypto,82,0x66cfad874ca7e93883e2c877f9f72a3b546f2343,732.8004887056431,2139.400755,BoneReaders
2026-06-14 07:52:49,day,crypto,83,0xd189664c5308903476f9f079820431e4fd7d06f4,730.2788884046022,21770.559664,rwo
2026-06-14 07:52:49,day,crypto,84,0xfdbb7e76224714a8b3406fb5d32cd18b322868d2,729.7344089151862,4547.174956999999,1316831
2026-06-14 07:52:49,day,crypto,85,0x0cf28d9092a7e5b00aeadd1d9b76200f3f59ba52,725.375357493147,6181.071211999999,Arbok1
2026-06-14 07:52:49,day,crypto,86,0xf93e7e9b28819dff864bac32a46d09893ff4fa51,725.1803160021782,8153.453568000001,Benabrahams
2026-06-14 07:52:49,day,crypto,87,0xe30ee860b2f7433fb9028002e06718ed9c5f4ca5,724.059559013331,2512.535179,0xe30ee860B2F7433fb9028002e06718eD9C5f4ca5-1772505181469
2026-06-14 07:52:49,day,crypto,88,0x6f9028b489aac9f7c205e4c4d12388906633bb0a,723.4639369999941,1994.802387,brakoutT0410
2026-06-14 07:52:49,day,crypto,89,0x9bfbb4565e7cd5aa50c17e46aadc4c049ac3dc47,721.7436390000125,49425.6361,
2026-06-14 07:52:49,day,crypto,90,0x387d40e46cf96ca433870a1434880b9be7519192,721.6794967480121,2378.796918,gogoupup
2026-06-14 07:52:49,day,crypto,91,0xf1d3f5f04492a230591a8644f1178cc613fd9e97,719.4941930000005,1219.4816839999999,tickdevils
2026-06-14 07:52:49,day,crypto,92,0x3f417a6a99ebd9c4a361ec5ed162bb99eb748e56,718.5019550000001,855.336152,sanada.node
2026-06-14 07:52:49,day,crypto,93,0x659a4536cc0fea935fa06d32cb50f61abb2f5ef1,686.9362959999999,54080.479999999996,
2026-06-14 07:52:49,day,crypto,94,0x4228048ea2f8f571ff2777cc32baee584c5134cb,683.3332357203399,14515.695639000001,trinity42
2026-06-14 07:52:49,day,crypto,95,0x4c375c3731d72e71ed032268eaf66dbbdbc80631,676.7312960000036,0.0,intothethickofit
2026-06-14 07:52:49,day,crypto,96,0x8b4bca1d794779e66e023d44391b2a86c5ab541b,667.9834126082278,5.250494999999999,0x8B4bcA1D794779E66e023D44391B2A86C5ab541B-1769764313952
2026-06-14 07:52:49,day,crypto,97,0x495e26cff8a21b843043c7c4217c13ad5c319a96,667.4931698980035,0.0,Bumblefrog
2026-06-14 07:52:49,day,crypto,98,0x45bd602fac48988521f3436fc3ea622fe054ed4d,665.758627888401,7897.978999999999,ManualTradejusttryingtomakealiving
2026-06-14 07:52:49,day,crypto,99,0x7f6587dfcfc4be13c4116006aa2d151ff034d822,663.888738831673,22687.545823999997,Hokiki
2026-06-14 07:52:49,day,crypto,100,0x02e48901d1640bc39322e37cd3c027e49216fb3b,663.7866597368175,8449.87626,rippler321
2026-06-14 07:52:49,day,finance,1,0x714a685b5454ea4d52979563bbafa77b8168ab2f,4326.417124728976,1923.9177999999997,pada
2026-06-14 07:52:49,day,finance,2,0x53c48faa2373f597b693567f79c3782c6ce7740b,4157.121806160019,3598.86,uma003
2026-06-14 07:52:49,day,finance,3,0x80c617192887178f052428da220b3f1126963e50,1881.1239598880015,0.0,john-snows-knight
2026-06-14 07:52:49,day,finance,4,0xb619ed5b378053f8309c307d2f7adf9c13665068,1200.7440164500022,0.0,tnl
2026-06-14 07:52:49,day,finance,5,0xb47adfafc08e77ec77b03a6d1496066675ae6d60,996.0235610960008,0.0,0xfree-money
2026-06-14 07:52:49,day,finance,6,0x03805a13a0b3e058f55f6c6af95389d4f431073d,424.8631861703616,13752.53134,donthackme
2026-06-14 07:52:49,day,finance,7,0xf3ad8f80006d90a5ba90112a675d13bffd740724,377.78770650112756,2429.599846,
2026-06-14 07:52:49,day,finance,8,0xecb98ff2542d9c57ec36aa3ecad3734b9e295a12,347.7375973200001,0.0,Zptml
2026-06-14 07:52:49,day,finance,9,0xb187a6fae3d0b60108f13006359dded4d15944a9,336.929933513602,92.89,Cptrade
2026-06-14 07:52:49,day,finance,10,0xbd3f6b6e9746c8a74930fdda4efcf5e75ce8ac90,336.6813606180003,0.0,wordonthestreet
2026-06-14 07:52:49,day,finance,11,0x65503c7f9e142ac88b1ce09df3363ff77f188451,282.9396500000048,0.0,oieshfn345
2026-06-14 07:52:49,day,finance,12,0x7a388e45fa9d76c42cbb7ab89fed0d3a2fefd6ab,252.99939059999997,0.0,Larix1
2026-06-14 07:52:49,day,finance,13,0xc617506a2502a36e8c52e2889e68e11398130d15,252.98426083110053,5502.349999999999,nullpointa
2026-06-14 07:52:49,day,finance,14,0xaee811b7c7e5d961b545ac0e3f62f5f1cb181154,234.60004203695962,60.0902,1in1000
2026-06-14 07:52:49,day,finance,15,0x3151713abbfcdfdff6d5101f5e525f90b9e74393,232.4274997499997,0.0,nycfan
2026-06-14 07:52:49,day,finance,16,0xe53312c6c15af508e0c31e2cfadbefddd399ab29,215.2398383889995,0.0,WharfMan
2026-06-14 07:52:49,day,finance,17,0x71abe97b83eaba3f06cb04fd4d9a03ee37d2f015,215.21150052499797,0.0,groth
2026-06-14 07:52:49,day,finance,18,0x4728d8377019661b41a2fdca0da55c1dd1e06426,200.56434375000208,0.0,Miracle007
2026-06-14 07:52:49,day,finance,19,0xbeb9d19f10274da29f21625a2c91fa5a00fd3870,194.87589126500097,0.0,AnonymousElephant69
2026-06-14 07:52:49,day,finance,20,0xbf93328f8b69273453228a82c913207731822fd7,194.3963250000088,0.0,hell0pia
2026-06-14 07:52:49,day,finance,21,0x9e199036a68e4bf9d33f6958834ae079356ba857,192.00686781000059,0.0,0xwind
2026-06-14 07:52:49,day,finance,22,0x74f1b8944c7b10f7239e3dda0de6b8ee42e816a8,179.10416321600314,0.0,probability
2026-06-14 07:52:49,day,finance,23,0xc2512f97ab503df769002ca51749a81c812d894d,168.33407474349974,0.0,ruben-esse676
2026-06-14 07:52:49,day,finance,24,0xc443d3a18f113af8c77408318e9fbd979939bbdb,166.31941417999988,0.0,MiWaanItAal
2026-06-14 07:52:49,day,finance,25,0xb24c85036d25b16557272b40a6481eb81a5aeefe,162.21882460250072,6.25,Beyonddream
2026-06-14 07:52:49,day,finance,26,0x09e3835d39e097ec0011824fbf647ff032a748ac,155.6610983999999,0.0,imakebigbets
2026-06-14 07:52:49,day,finance,27,0x6992d56559dd30b5b5d0f5ca3d5427f9e94e6c1d,147.16223591999983,0.0,0x6992D56559Dd30b5B5D0F5cA3D5427F9e94e6c1d-1760272837095
2026-06-14 07:52:49,day,finance,28,0x91572b16dc769ef8b8f1f98d5270b05a36e3626b,146.08199887999967,0.0,0x91572B16dC769ef8b8F1F98D5270B05A36e3626b-1770128923810
2026-06-14 07:52:49,day,finance,29,0x0b34b69b3acfcf19e589179e0c5894f78261f5a6,142.49178777049974,0.0,IronE
2026-06-14 07:52:49,day,finance,30,0xa45cdb0a5ba4629b5c7860dc3f310978a4dd1d10,142.29563668000446,0.0,lnkybtc
2026-06-14 07:52:49,day,finance,31,0xd6321c049c527e8a622d6aa35f514ae74f798afb,134.42348355299873,0.0,GenaTheBondKilIer
2026-06-14 07:52:49,day,finance,32,0xdef69fbcd554109526ee9e925be31f6ad751f63a,132.86584863999997,0.0,ThePREDICTORRRR
2026-06-14 07:52:49,day,finance,33,0x2974bd0059e48f215c391882976e0f1b4c8c9c23,131.04718684,0.0,65765757
2026-06-14 07:52:49,day,finance,34,0x6f6bc4f8a73430f59213d8812173c85e75111ab6,130.6587099999997,0.0,marsresting
2026-06-14 07:52:49,day,finance,35,0xe2a8980b216ef034ac8649dc4dff15b15c499df1,129.55672200000004,0.0,gemblue
2026-06-14 07:52:49,day,finance,36,0xf797d4d1c038d1eb0593edae0e66bf8e4b2e0bf2,129.1802732414908,0.0,DerDon
2026-06-14 07:52:49,day,finance,37,0x3b7ed1242417f4b8f6992b5dd53aa9415a2c23eb,128.90974533654298,9.12849,phdcapital
2026-06-14 07:52:49,day,finance,38,0xad5353afe30c2da57709e2704ef3ccdcf67eef24,128.49199283657254,143.39598199999998,AJSV
2026-06-14 07:52:49,day,finance,39,0x75772c0fad8bb3eefb12bae32eef8a58e7ee8fb9,125.60289721649985,226.28,0x75772c0fad8BB3EeFb12bAe32EeF8a58e7EE8fB9-1771157190403
2026-06-14 07:52:49,day,finance,40,0xeb490d0534bb68b4c2ce139b219a728cd2c3693e,121.55038809500093,0.0,78979879879879
2026-06-14 07:52:49,day,finance,41,0x7f9e2d1df78614564a70becc7fa14aa9a6623a0e,120.98977076479059,164.197523,nojnn
2026-06-14 07:52:49,day,finance,42,0xa61ef8773ec2e821962306ca87d4b57e39ff0abd,120.78698699399865,0.0,risk-manager
2026-06-14 07:52:49,day,finance,43,0xa2a100b3d67058b4efd98d064a5a4bc0c12d0017,118.46232011100005,0.0,0xA2a100b3D67058B4Efd98d064a5A4bC0C12d0017-1764989690574
2026-06-14 07:52:49,day,finance,44,0x25dcf4635fe93082e0849fbbf81c95680cf5e33b,118.43077169840853,41.12,XieGuangKun
2026-06-14 07:52:49,day,finance,45,0x88c4919de76e526d55a32c1f8afb439dd1f1129a,113.75544693499978,0.0,QuietRiskisWrong
2026-06-14 07:52:49,day,finance,46,0x6bab66c4bb24c96ed14dcca0f0979b38a6830fe5,112.36329531100637,0.0,0x6bAB66c4BB24c96Ed14dccA0f0979B38a6830FE5-1760703674960
2026-06-14 07:52:49,day,finance,47,0x40f2af133a386614e7a2bb33dbf52f8ec150315f,112.06626736800172,0.0,JimBobBoi
2026-06-14 07:52:49,day,finance,48,0x57c02fb1189621fe9c0dbd97c7066920eeb260c5,107.82467241500035,0.0,0xhanxyz
2026-06-14 07:52:49,day,finance,49,0xabd6c16c939ed93976f00706785714aea5f97807,107.74342702050001,0.0,ReCoPM
2026-06-14 07:52:49,day,finance,50,0xb330a3a8564413f16bb16bdb1e8d4410c50301e8,107.5,0.0,0xB330A3a8564413f16Bb16bDB1e8D4410C50301e8-1760458010982
2026-06-14 07:52:49,day,finance,51,0x20daa553b13e4834701fe3eb13c2c74d0cce3f28,106.51566245499998,0.0,P4wnSt4rr
2026-06-14 07:52:49,day,finance,52,0x69504825bc6269242932512a4dc704532bebb32a,106.42157547499994,0.0,Drpxl
2026-06-14 07:52:49,day,finance,53,0xd36b1c4a17daefaec4906d84668cb87cc0b53d32,105.25105662000078,0.0,skeptic
2026-06-14 07:52:49,day,finance,54,0x38e59b36aae31b164200d0cad7c3fe5e0ee795e7,104.75386267356225,0.0,cowcat
2026-06-14 07:52:49,day,finance,55,0xa0dd0519b051ee920637e26147b7676fed591b9b,104.28251680599715,0.0,Sixsevensix
2026-06-14 07:52:49,day,finance,56,0xa9627cd7b190d4d3547840ccd76e39d819ee8978,103.56649985999957,0.0,jayG8
2026-06-14 07:52:49,day,finance,57,0xffbbf885454e6930e54b720ad5224175b8ae36e9,103.25349300600016,0.0,0xffBbF885454E6930e54b720ad5224175b8AE36e9-1720913580384
2026-06-14 07:52:49,day,finance,58,0x0f12208e5d7533d87ab0dbb13a641a845f66c74d,100.24999435000001,0.0,sdfssdsdfs
2026-06-14 07:52:49,day,finance,59,0x33e073440d9ac43e2e190e910f0b02b2fbd17d46,99.99983320000001,0.0,tgrdy
2026-06-14 07:52:49,day,finance,60,0xf769c6390f6d564fe4859effbddb682c62660114,99.13548191699965,0.0,MrMarket
2026-06-14 07:52:49,day,finance,61,0x97f3f9f15c0063710c60d3ac9c40d17f4ba60eba,98.96363578749879,0.0,Investnow
2026-06-14 07:52:49,day,finance,62,0x21ffd2b7a212a6f277ed3eca1a9f8efcbca90d71,97.78957835579058,2364.254814,Haradwaith
2026-06-14 07:52:49,day,finance,63,0x014c4e7ae2145992861c2d1b124af633a97f820c,94.04101107500173,0.0,Hyperlong
2026-06-14 07:52:49,day,finance,64,0x24124601c80a6a7b3f9dc0bd7f91aab9825ff534,92.79155980265,257.27,NOPH
2026-06-14 07:52:49,day,finance,65,0x048215305cbcf7cc790735bf00119551d75c6b0a,89.88616469100089,0.0,dumbfuqLIQUIDITYprovider
2026-06-14 07:52:49,day,finance,66,0xbace5a5a9e309d69164dc81788d353fed8d43429,89.30741667049915,0.0,kitten147
2026-06-14 07:52:49,day,finance,67,0xc401fdf872a9c93e06a9b332987a887f1d698b2c,85.1647085450004,0.0,burfee2002
2026-06-14 07:52:49,day,finance,68,0x746b03da1aa9331acdb6b90625ebc74d2f648a94,84.76241852300006,0.0,Guesswhat2
2026-06-14 07:52:49,day,finance,69,0x31abc8e60d347b6b3093477e586e80b29c2f86cf,84.12180077000312,846.0,Writeoff
2026-06-14 07:52:49,day,finance,70,0x2e1c6e971cff5c3259090d3dea7802a15e4edb61,84.0743557574998,50.0,0x2E1C6E971cff5c3259090d3dEa7802A15e4eDB61-1779115991589
2026-06-14 07:52:49,day,finance,71,0xc7d02944a76b9f83b199e9090ecc92c82d241f8a,81.07748993941459,1442.2,0xc7D02944A76B9F83B199e9090ECC92C82d241F8a-1776944395495
2026-06-14 07:52:49,day,finance,72,0x7fd3fe6580b5b944e32701fdbba0c0ef4991e662,80.77033545999802,0.0,7153649820
2026-06-14 07:52:49,day,finance,73,0x79f244fab4c796670330aafdb46be99df24518ff,80.74271995849995,0.0,pcca
2026-06-14 07:52:49,day,finance,74,0x62f6e32528e89b97dceab36b43b7821283696300,80.27222459799987,0.0,Lk7600
2026-06-14 07:52:49,day,finance,75,0x16c7f9b7b239c980929a2aa5d53b23c5cac03931,80.24280000000726,0.0,0x16C7F9b7B239C980929A2AA5d53B23c5Cac03931-1769017422369
2026-06-14 07:52:49,day,finance,76,0x14d70a08aaba3cb696a6e1431e50bbedc7f7db87,79.54085402500004,0.0,Chayzon
2026-06-14 07:52:49,day,finance,77,0x37499246c9d3695d623c1244b58e7ebb94124094,77.70715000000007,0.0,thor666
2026-06-14 07:52:49,day,finance,78,0x1d5ce0a272ba0d3340fe1daba63478a06c1d55df,77.68532184000105,10.0,RiseFromTheAshes
2026-06-14 07:52:49,day,finance,79,0x770707d93212e4d0a0e0f9a4c171c4e103a60180,77.2958999999999,0.0,jano
2026-06-14 07:52:49,day,finance,80,0x58c6a0116e790ebf1569604efa3edaddcfeed759,75.76175449750008,0.0,ManAreBrave
2026-06-14 07:52:49,day,finance,81,0xe6509852b0dfc00072b0be2525a294f46c33303e,75.5485439654999,0.0,Rulles
2026-06-14 07:52:49,day,finance,82,0x6d38b748fa7e7b0ef783a177a13a6ca181de382c,75.29058481457218,234.441734,EvanCross
2026-06-14 07:52:49,day,finance,83,0xdf5e4fa5be349b674874b42cfb538ac6e2534168,72.85009999999966,0.0,JuliusNakamoto
2026-06-14 07:52:49,day,finance,84,0xb527a4db04c36f2f358f1475189b5e0387c23b52,72.59328262525003,399.91333199999997,PollAdvocater
2026-06-14 07:52:49,day,finance,85,0x42f01b7c5c20570db68e0127675b3f5d2af6fc65,71.97375649500032,0.0,0x42f01b7c5c20570Db68E0127675B3f5D2aF6fc65-1768338366856
2026-06-14 07:52:49,day,finance,86,0xac4f7c9518eeeb74d863a0fa5146c193779cf7e8,70.65541445500003,0.0,badbias
2026-06-14 07:52:49,day,finance,87,0x2eba0bd81e35707040c4dc84071b3bb90d32ffa3,70.04144002000021,0.0,JuicedBunched
2026-06-14 07:52:49,day,finance,88,0x4231ebc3254fd0f172baef420e8f6ee35517402c,69.75810500000011,0.0,Dav1
2026-06-14 07:52:49,day,finance,89,0x703c9b35d96f135b6efa0faf33801f90a38d3827,69.04015300000003,193.0,Gavinpaper
2026-06-14 07:52:49,day,finance,90,0x5b9115312cb4fc2b2b57c65045e611092f222709,68.82826021547953,0.0,x26
2026-06-14 07:52:49,day,finance,91,0x903221b1098263779ae19486028c844e8c338717,68.37937054199938,0.0,0x903221b1
2026-06-14 07:52:49,day,finance,92,0x226aa16622b1265acb8dd9446f19859e5124258a,68.37043397299999,0.0,foureyescorgi
2026-06-14 07:52:49,day,finance,93,0x564f22744b7941ade18d5e0e4f347c30e3057026,66.73846378706367,1205.072666,molodoyy
2026-06-14 07:52:49,day,finance,94,0x613637a4dc48fe4ac1618e2bd19458f2332f5dcd,66.50570999999991,0.0,Justin007
2026-06-14 07:52:49,day,finance,95,0xd23f8c8aab13cfb2a35da40b67f8471faf9894a1,64.51596826450157,496.0,Corlys
2026-06-14 07:52:49,day,finance,96,0xb1e2095cb3d68d170da3a9aea284fe8afc25b7fa,64.3879035304999,0.0,m12923
2026-06-14 07:52:49,day,finance,97,0x054076ba90e270c3ba4fcb449125a55bb1938913,63.76006274999963,0.0,Piperdoodle
2026-06-14 07:52:49,day,finance,98,0xb4f2592e67c333e73c923547cfe05e768180e5fa,63.48000000000047,0.0,M2sx92kljs42
2026-06-14 07:52:49,day,finance,99,0xde0463ea7f611b065e8ab06bbfbddad75e6dfa37,63.28313859499963,0.0,mwenya
2026-06-14 07:52:49,day,finance,100,0x93511d72d294f1478739bc38f578bf0306fd9e4d,63.01892742900054,0.0,Dafu0715
2026-06-14 07:52:49,day,culture,1,0x77c812f7735ad07e3ce58fd466a0e1b4346bbc8c,4413.440692815966,7153.2754,dudukos
2026-06-14 07:52:49,day,culture,2,0x9b9e51ac142e1c4987145f2b9dc552319ba7ae15,2393.0111183579993,40535.9495,ujk
2026-06-14 07:52:49,day,culture,3,0x04a2a7075963c86990e246e73e50f8023b79e16c,1715.8145482384934,3006.008,gordontradedc
2026-06-14 07:52:49,day,culture,4,0xde0463ea7f611b065e8ab06bbfbddad75e6dfa37,1557.5774425809577,0.0,mwenya
2026-06-14 07:52:49,day,culture,5,0x12ed45d2b45259d27a7fb593e564cd269c4fc9b4,1319.3308307868974,6795.043643,sazzaa
2026-06-14 07:52:49,day,culture,6,0xaa19859e7e75d3a1776360ac395e14627d2be444,1299.629094,10021.6,Idespisejeets
2026-06-14 07:52:49,day,culture,7,0xd8c4d45000b7976d897ab79c21780e46faaa848d,1191.888915996824,67531.53,0xa8C4d45000b7976d897Ab79c21780E46faAA848
2026-06-14 07:52:49,day,culture,8,0x955c9661bf6e010beff0ba896a49f715a8c8990f,874.140084159968,2897.04,
2026-06-14 07:52:49,day,culture,9,0x2eef3a18bc771827af0649a81aa54148a8e8eaca,786.7071393564072,2747.2300000000005,udt123
2026-06-14 07:52:49,day,culture,10,0xa49b6ea0a604c581f2a9569db42c192b1c487054,729.5172917308082,38527.434826,387411007415611814092217897387
2026-06-14 07:52:49,day,culture,11,0x306d7f1abad26801597302f3eb48e98b8f197a38,675.4556517200017,9500.0,Ruiziness
2026-06-14 07:52:49,day,culture,12,0xfa4a6db2598e2b968e315c2769a83c020aadfc9b,662.6342131799966,0.0,Muzamilhussain
2026-06-14 07:52:49,day,culture,13,0xaf4635074c8f9966ff44f2497183b53fc0578c1d,642.5550469477821,4718.631976000001,vamnizar
2026-06-14 07:52:49,day,culture,14,0x8eab0c46127830072631db88e9dbaeb0b953a56d,623.1362057608931,11104.343333,LinaBell🦊
2026-06-14 07:52:49,day,culture,15,0x46992d0e547e3822a9c28723f51bfa804ae4e03c,562.5531281500002,0.0,anon.1980.123
2026-06-14 07:52:49,day,culture,16,0xe089e5e74fb21bb106a7fffe1201f0bf82f4ad3a,535.7896449720001,0.0,lox97
2026-06-14 07:52:49,day,culture,17,0x99518fa0d201e7542ea2b852809da5a5c8d811bd,527.1099700000009,0.0,imnice
2026-06-14 07:52:49,day,culture,18,0x6dd9b8a32828e6ed49ceebfe389b7ec5f01f1024,522.5723239944994,0.0,penzil
2026-06-14 07:52:49,day,culture,19,0xa6396595558d17b3392dfd2662ad2468c5637135,508.15877782900316,0.0,b00ze
2026-06-14 07:52:49,day,culture,20,0x6a9743e7872cb5e321ca2eb97edc907bc6c14800,499.8546550372639,2825.2960179999995,ComebackLoading
2026-06-14 07:52:49,day,culture,21,0xf2f2703d83938e05cba23c819891845d26f01762,470.0507044971964,1317.2612000000001,SmolDog
2026-06-14 07:52:49,day,culture,22,0xd2757dc5960905b86d66da9ab77576ad48e10f0c,463.68849363,0.0,Almadin
2026-06-14 07:52:49,day,culture,23,0x74957ea27ac4fbdee46d861fdae357859ff67fcf,438.98886251032627,2982.910641,ultralisk
2026-06-14 07:52:49,day,culture,24,0x6be949e0f7f46dbb2ba04da0efadc23dfd2c3493,409.11556442191886,15298.266111,Brotherinchrist
2026-06-14 07:52:49,day,culture,25,0x863b6602f66c69c313ba0e498bd9318c37dd4f2c,363.96866629388296,1892.8806840000002,
2026-06-14 07:52:49,day,culture,26,0xd67517a3d1b594ee515e1141e1ef40d1279f5cde,353.53697874000017,6520.8099999999995,LittleSaint
2026-06-14 07:52:49,day,culture,27,0x0c3f038e139d925f1c3d360d9cc2b77be462c16a,352.04683041299995,8320.77,0x0c3F038E139D925F1c3D360d9CC2b77BE462c16A-1774119369737
2026-06-14 07:52:49,day,culture,28,0xbd70eebd1374580d4fbbf0291f4b6fba44fdd270,337.773199999996,336.0,Pitter
2026-06-14 07:52:49,day,culture,29,0xb94c970ff6d7541773b6a1ec4181579f1c1cb5b5,335.95236109601683,1330.8,T.hanks
2026-06-14 07:52:49,day,culture,30,0x482f2981ab659f40e0c0f99234623e21f26b53f7,327.6780603354999,0.0,0x482F2981Ab659f40E0C0f99234623e21f26b53f7-1773605566485
2026-06-14 07:52:49,day,culture,31,0xdb45465e6ffd7f6ac5e4b13bf0718c438bb3b5d6,324.9999999999999,20000.0,0xDb45465E6ffD7F6ac5E4B13BF0718c438bB3b5d6-1763483139729
2026-06-14 07:52:49,day,culture,32,0xbefa95c276ee8ef6ff3ef43d1c1c454f52bc300d,320.4519649654999,0.0,BabyGroot
2026-06-14 07:52:49,day,culture,33,0xf0d5eb1cbe7350f1f896ade6c172e6700414c665,320.09549759999936,6670.709999999999,yen4u
2026-06-14 07:52:49,day,culture,34,0xa48e29c2bd8b5299dfe8e65330976594ec7db476,319.8003116510006,0.0,deepmouse
2026-06-14 07:52:49,day,culture,35,0x75003de792a09a4d0345913baf9c63d08faa567f,318.5305491726667,80513.147094,0x75003de792a09a4D0345913BaF9C63d08Faa567f-1763836802268
2026-06-14 07:52:49,day,culture,36,0x9aeb534c42b58b21673d5e03e9da14fbd15b2729,316.28492178999295,6700.579999999999,The-Joker
2026-06-14 07:52:49,day,culture,37,0x4c917595fa9d3a9ab1c68a4cf740af68abc5b7f4,310.23890634794304,3465.090075,1337matheus
2026-06-14 07:52:49,day,culture,38,0x913f5f691ce0a947cf60cd573cbdc7c66d8ec676,309.7665129199995,4122.99,0x913f5F691Ce0a947CF60cD573CBdC7C66d8eC676-1774844074915
2026-06-14 07:52:49,day,culture,39,0x4473431e24f2c016705d2624450bf6d9133228ad,309.54870040000037,1099.0,genus7
2026-06-14 07:52:49,day,culture,40,0x50a8a3e47f7048747aed551fcc38d9f0cbb298ed,306.2903571679981,0.0,elonplstweets
2026-06-14 07:52:49,day,culture,41,0xf92dcec76be119db1c8dd58e1167eb2ea3efa225,291.23387952099984,0.0,lovelon88
2026-06-14 07:52:49,day,culture,42,0xad5353afe30c2da57709e2704ef3ccdcf67eef24,290.26481771303133,1289.287387,AJSV
2026-06-14 07:52:49,day,culture,43,0x63850ce907044eac77fba13d59f263ade68093f2,285.0450001352501,1999.820917,Waterfall
2026-06-14 07:52:49,day,culture,44,0x3709ea1a8a93f741f28a522f7cd2c954166d3d7e,266.49607720014046,4152.296461,0x3709ea1a8A93f741F28a522f7cd2C954166D3d7E-1730184833906
2026-06-14 07:52:49,day,culture,45,0x77662b0f165fe2a47fa270b797e7e8189034b7f6,253.89773864900053,0.0,spakila
2026-06-14 07:52:49,day,culture,46,0x0f7f9903f46c24ba66900ceb4a427873129c6450,251.60023298997476,4929.99,Elonurmom
2026-06-14 07:52:49,day,culture,47,0xa2d71813dc3857e582130015bd60e5edb61ee3b7,248.85447804705836,2846.43,exponentially
2026-06-14 07:52:49,day,culture,48,0xf663a167a975520a983b1afdfea3386c1f5504de,232.4266409834999,0.0,Jeremycas
2026-06-14 07:52:49,day,culture,49,0x97ff9e9affb3acf739161deef10492a96a36d095,231.2482738223407,1841.0366609999999,niceShare
2026-06-14 07:52:49,day,culture,50,0xcba38f8e07955a5f45816753d7c4a6ae8af06055,204.99937025000054,0.0,GoldenSpin
2026-06-14 07:52:49,day,culture,51,0x2a793085e8e54271b140c6168ebee6241159e2af,203.88703499999792,778.11,wakux
2026-06-14 07:52:49,day,culture,52,0x4a5c15222d20907ea2ca5c685e1379b5e36c48b6,200.55063655746778,737.468747,RVDK
2026-06-14 07:52:49,day,culture,53,0x6a1b1ad80fcf64d2d3c1fab082c558b120befbbd,196.35568602223339,32065.825180999997,Kalkay11
2026-06-14 07:52:49,day,culture,54,0x37f8b617d9c575d2af96f095153aa7bb99922fa8,193.61067582000032,0.0,UkraineFisrt
2026-06-14 07:52:49,day,culture,55,0x4e0f20cd3e13ff6985f96a881b7a53b1a8afbfa2,191.76699329000002,0.0,0x4e0F20cd3E13Ff6985F96A881B7a53b1A8afBFa2-1781308190005
2026-06-14 07:52:49,day,culture,56,0xeface9902242b0399856f981600b907dcc9bc9a1,179.6533103469328,585.454399,macrosteaks
2026-06-14 07:52:49,day,culture,57,0x0d4fbbeffee89ded39eba84f6e4b90a2a203747c,178.188,0.0,0x0d4FBbeFfEe89DeD39eba84f6e4B90A2A203747C-1778426252205
2026-06-14 07:52:49,day,culture,58,0x98aafe45427eb6c487273c107ef14c6450f98b8f,175.0939313315007,1000.0,Lukewarm67
2026-06-14 07:52:49,day,culture,59,0x40d5d8e58f6ccda67bcb12a2269b82ed4b20bfe9,175.07842099649588,547.536711,Zhenys23
2026-06-14 07:52:49,day,culture,60,0x04bf21c2527ae8d54a2f713a6420c608366c7caf,171.55486427649612,0.0,Red781RuM
2026-06-14 07:52:49,day,culture,61,0xd4bb827c0227774bcde1bd881b36c7d93854a993,171.13426124000216,1235.76,0xD4bb827c0227774BCDe1BD881b36C7d93854A993-1768600189069
2026-06-14 07:52:49,day,culture,62,0xc7324a8d3498e9fba1a0622b8aa1bd54449a45b3,169.4873386804993,0.0,3ms
2026-06-14 07:52:49,day,culture,63,0x206191d01c411a5b346d11a2df2d463a356b8ec9,166.64668695,0.0,rebotsliaf
2026-06-14 07:52:49,day,culture,64,0xa002fe96b56a85fa3ff05cfdeab99c8c9e53e840,166.25957851700014,13740.0,orifcontex
2026-06-14 07:52:49,day,culture,65,0xe50582257ad922da3ea918917d715d45660bcc83,154.4000000000001,65.0,matandomoscas
2026-06-14 07:52:49,day,culture,66,0x17b02d8e21426bae381b8941b96386f133504041,154.0562821600015,0.0,BrainrotStonks
2026-06-14 07:52:49,day,culture,67,0xda4d2a955ebad25b3510d65ad0def9647849c8ee,147.33802523646114,799.4954909999999,MailAJ-Long-Term
2026-06-14 07:52:49,day,culture,68,0xe343e1d50291f2f9d8e4de0138d93c21f3ea23fd,145.35233264400085,0.0,Badekarret
2026-06-14 07:52:49,day,culture,69,0x98d6b1d025043b8254c99cb70af62f67650151dc,144.53980034217886,1589.457475,pendulum0206
2026-06-14 07:52:49,day,culture,70,0xad703ba9fa7af1447bfcfe22522d052df64f4ccf,134.9499073610025,0.0,YourAnimeGirl
2026-06-14 07:52:49,day,culture,71,0x37e9c1ce48bc3a444fec7904a3b7eba9d5d3ab9f,133.37647111311855,500.76,Dannyzz
2026-06-14 07:52:49,day,culture,72,0x7e9d23b88b720aee471f7c69180f84ae22c7e7b4,133.25294701,424.980768,Random25
2026-06-14 07:52:49,day,culture,73,0x12e67747cf0cda04c355e86d0c0bf7e5fb8ad6cd,130.94707679999988,0.0,petrstein
2026-06-14 07:52:49,day,culture,74,0xa2301658bef5d1c550bc4d5a6b4b8bde87a61cdb,129.04775000000018,0.0,Destinybeats
2026-06-14 07:52:49,day,culture,75,0x74ff920ae2c6314627395eaf42b10fbb0604be5b,127.03432295756261,2756.4972930000004,WanderingPanda
2026-06-14 07:52:49,day,culture,76,0x9c7917af080d0b6b049fe4b9e5b1c30fd03150c4,126.62516542047996,3542.64448,husdial
2026-06-14 07:52:49,day,culture,77,0x2eb6921692bbefa0ee42d48c48141f6a81d33e31,122.75996476400911,1797.86571,CaprioDiLeo
2026-06-14 07:52:49,day,culture,78,0x33f832b83b52aa61967fb8ecb2e753734767c5e4,120.49370806400475,3974.9840719999997,fanat12
2026-06-14 07:52:49,day,culture,79,0x648c1c9ee85e9a5300387ef69ef1649cb14f3e19,117.7295775,0.0,0x648c1C9eE85E9A5300387ef69ef1649CB14F3E19-1780086847202
2026-06-14 07:52:49,day,culture,80,0x5b6331e7ff0831a3fe2ed12004747db1a9c911a4,117.55154034970474,906.6620489999999,neutralwave23
2026-06-14 07:52:49,day,culture,81,0x201a68c248005a537c22960e510c1e436a323418,112.84792037350041,248.36,highbandwidthasset
2026-06-14 07:52:49,day,culture,82,0xf4d55bc4839c7b22fa44d01c60666227210966e1,112.31800560730517,5561.506665999999,astr0bot
2026-06-14 07:52:49,day,culture,83,0x9b4e324ad19e11361e905b97c348643aabc2128e,111.41099999999989,0.0,0x9B4E324ad19E11361e905B97c348643AabC2128E-1773858719525
2026-06-14 07:52:49,day,culture,84,0xd96aa9293c34e244734f8b22bbcfde0ae9eed8ce,110.21190542499994,3.0,
2026-06-14 07:52:49,day,culture,85,0x9592adb70397e9de67ba9abe6971e3f50fb7a7b8,108.5745434982,7801.6718,trashpilot
2026-06-14 07:52:49,day,culture,86,0x4da76bbf120899fc10fa6e0aad4bffdd19a7355e,106.92283162249078,1140.0,degensruletheworld
2026-06-14 07:52:49,day,culture,87,0x9696400353b2f0b6becf4fbfdde86ffd680f0861,106.19316905010783,1543.33,ent1337
2026-06-14 07:52:49,day,culture,88,0x4a691cb672523662575e166093c9313e08e3e69a,105.02785629699999,0.0,Jos2026
2026-06-14 07:52:49,day,culture,89,0x929d43cfd988e7950d0983d307102636cb25162c,96.17157380027538,2750.046045,ogTrading
2026-06-14 07:52:49,day,culture,90,0x4c0af016f50f17bbf410c2ca7148cad8883fd4e5,95.46758095629701,100.0,Cppero
2026-06-14 07:52:49,day,culture,91,0x9578af80708f271f705e27867dcf6ec653acf066,95.38721830499708,0.0,KimchiCapital
2026-06-14 07:52:49,day,culture,92,0x0130afd6f3efddf1c3e16e01217b172dd9befb49,95.09897511700524,1358.05013,123987456
2026-06-14 07:52:49,day,culture,93,0x5914227ed1139978136e213c21b56efba3276ffb,94.53496762500072,14599.995,MetaMaverick0
2026-06-14 07:52:49,day,culture,94,0x542aae10712e812bd71d792861ec5a570aa8a81b,94.52946007500032,0.0,Blind Chicken
2026-06-14 07:52:49,day,culture,95,0xfd557e6db670c9704bc1d0d8e8b585c7d9c9f905,94.35316468750125,1815.645246,northdrawer
2026-06-14 07:52:49,day,culture,96,0x89e0552b897baa5486a45ff257a39858a79a9412,93.07688155546384,681.003093,Ross1212
2026-06-14 07:52:49,day,culture,97,0x0df46cd4065c0706bba1cbf771b6e69e2caec7cb,92.51400000000012,0.0,0xbFfcF3C634B368F277adC26dF75E4560d72156AD-1777985220216
2026-06-14 07:52:49,day,culture,98,0xf2f52144a3936d4400b52ad6a2e4dbd7993e137e,91.45931165900038,0.0,coinflip123
2026-06-14 07:52:49,day,culture,99,0x9d84ce0306f8551e02efef1680475fc0f1dc1344,90.66065281943884,0.0,ImJustKen
2026-06-14 07:52:49,day,culture,100,0x2924d14ef7fb302d7d520c2394310409fce5dcde,89.59977308904126,24866.403583,fuuufu
2026-06-14 07:52:49,day,mentions,1,0x66c1a6fe836ff555ca32848646acedbbe93bfa3f,282.02471360009804,1251.4,TRINITlTE
2026-06-14 07:52:49,day,mentions,2,0xa58d4f278d7953cd38eeb929f7e242bfc7c0b9b8,55.14066252609359,441.93105199999997,AiBird
2026-06-14 07:52:49,day,mentions,3,0x4f9d7f749752e8084cff681c70596231d17d9854,30.65626000000009,70.0,chanting
2026-06-14 07:52:49,day,mentions,4,0xad5353afe30c2da57709e2704ef3ccdcf67eef24,26.115564633364556,71.242805,AJSV
2026-06-14 07:52:49,day,mentions,5,0x229c0a7d92977a9934e5ac2348d507988996b966,22.85388941500014,68.63,qqqppp-l1
2026-06-14 07:52:49,day,mentions,6,0x1315d110b367236a0e8b16674025b224dadff2e5,17.713096799999988,0.0,0x1315d110B367236a0E8B16674025B224DaDff2e5-1776826067203
2026-06-14 07:52:49,day,mentions,7,0xa5cdde81119513f0d2c28cf846095a9a49d94288,16.474900000000005,0.0,
2026-06-14 07:52:49,day,mentions,8,0xcbdada973aa438c640538c54654ec068870ed2c0,15.997709760000006,0.0,Frontline
2026-06-14 07:52:49,day,mentions,9,0x7fa6c6474e20e9f6ce388847be32611667e216f9,14.605183900000043,0.0,PickleRick
2026-06-14 07:52:49,day,mentions,10,0x1c6688292fb01c374e7b19932fed9f517a16ca45,13.16952000000002,0.0,Beermankirk
2026-06-14 07:52:49,day,mentions,11,0x569fffa15a130de2000ecd36e53a1532f7195561,13.162500000000364,0.0,gostzo123
2026-06-14 07:52:49,day,mentions,12,0x993c95f836ea033d97a08985060869270e208f7a,13.06849063538699,98.484611,lekkerweertje
2026-06-14 07:52:49,day,mentions,13,0x267336b7b2b6e6ad4a06d1ac4fdd2ce14e0e5ac9,12.89307355999999,0.0,eyesuck
2026-06-14 07:52:49,day,mentions,14,0x5bcc489ff373777454fa281fb393ead9f0478d7e,12.780068105000169,204.85,0x5BCC489Ff373777454Fa281fb393ead9f0478d7e-1767232789711
2026-06-14 07:52:49,day,mentions,15,0xc9751b5f25e1ecd88ec4630d19422b58d0562c68,12.340899999999237,0.0,NeoSay10
2026-06-14 07:52:49,day,mentions,16,0x5ad63f1d19baa674f090e34ab377f5bee2955e1c,11.499871774999999,0.0,ballyhooo
2026-06-14 07:52:49,day,mentions,17,0x8cf02c9d05a70aad0b02468ac0824c08a8b773b4,10.841850000000704,0.0,
2026-06-14 07:52:49,day,mentions,18,0x86dd5200572b3eae548d8fd9e807b78468d41af2,8.431976325000008,21.129423,0x86Dd5200572b3EAe548d8fd9E807b78468D41Af2-1768052013112
2026-06-14 07:52:49,day,mentions,19,0xf903c4cd098184e67a06a04f9b8fdb36e7bbe028,8.052799599999616,57.52,Viserys
2026-06-14 07:52:49,day,mentions,20,0x8a4ec9c5684b23599bb1dd827b8a5673c2fab38c,7.862966255000174,0.0,Jamieeee
2026-06-14 07:52:49,day,mentions,21,0x6e532e0dc877f0da4b8b9022e287b760914222ed,7.25,0.0,Should.have.vwaped.it
2026-06-14 07:52:49,day,mentions,22,0x30687f44db250f7d914acb4ddc9634c3400e083d,7.083909054999822,0.0,YoungMoziRPG
2026-06-14 07:52:49,day,mentions,23,0x88ad6170a0017d37832ea460acb368133a329e5f,7.040379479999842,42.8125,KamalaHunter
2026-06-14 07:52:49,day,mentions,24,0x196496d512ecb6b192a61aad1a115068fe8b5e04,6.80230415500003,0.0,Mrpike
2026-06-14 07:52:49,day,mentions,25,0x9381eeb126e32cbacc011ba99a97da1bc6bc8059,6.777802244999999,0.0,justlookingdontmindme
2026-06-14 07:52:49,day,mentions,26,0x3eccb67e467ab5cade77e17fe8b407450d691d30,6.730099999999766,0.0,EmeraldEdge
2026-06-14 07:52:49,day,mentions,27,0xd5707ff4ff6476f0ea344a46770c84b4436fb90a,6.250000000000028,0.0,slmndr
2026-06-14 07:52:49,day,mentions,28,0x521070c99db06e54af5e8e4a91d6858decdfbd53,5.989304849148997,76.880843,RadioFreeZerg
2026-06-14 07:52:49,day,mentions,29,0x69ac33d71d0d09e638d178e6148c6ea4d28b7b99,5.983585544999983,0.0,blackbelt
2026-06-14 07:52:49,day,mentions,30,0x7e31a5e9c31638483614e9fd9f945bb34692454d,5.226052974998311,0.0,Odysseus7
2026-06-14 07:52:49,day,mentions,31,0x5146cbdf6b04a8cf93e6455981c696b88368ac5e,4.781205,0.0,52adsa
2026-06-14 07:52:49,day,mentions,32,0xc2b9e536a22a5a09365a30defed3ff36a8339e85,4.760703072549999,48.248248000000004,ephraim123
2026-06-14 07:52:49,day,mentions,33,0x25f4707c93e4bfdf26cd6c5cc46c5464691cf88e,4.676562499999996,0.0,ToTheMoon0915
2026-06-14 07:52:49,day,mentions,34,0xf2cf3cf7863182c763bce60580a7d20e9333464b,4.48629158250003,98.51668699999999,Mojito9
2026-06-14 07:52:49,day,mentions,35,0x998b3ad9fc8219f4a9ef374196ffbb690832db96,4.23177325000006,0.0,0x998B3AD9Fc8219F4A9EF374196fFbb690832Db96-1776201383464
2026-06-14 07:52:49,day,mentions,36,0xcb9c7b4407f15b6c95bcc620e228614dee5c32e2,4.0,0.0,Steven-Jenkins
2026-06-14 07:52:49,day,mentions,37,0x9ffaa9cd1fb96e1fd635cae0a13e2022827fc8fc,3.909359539999997,0.0,redstar1987
2026-06-14 07:52:49,day,mentions,38,0x1b7da15656c80b6fc7fa1fd7007ba3dad3afb5d4,3.9052000000000007,0.0,foxydoxy
2026-06-14 07:52:49,day,mentions,39,0x15e513f95fea8775f80adf4fc847d9e2c6919749,3.6296292200000266,0.0,bibitteee
2026-06-14 07:52:49,day,mentions,40,0x61011e9db6c11b85328fdcdd6471983d5f43f85e,3.6250699999999796,0.0,placeholder63
2026-06-14 07:52:49,day,mentions,41,0x8d0c3509c152e1b4abfa470b0868ec3cce26e1ce,3.5888788550000044,14.91,romanew-7-spread05
2026-06-14 07:52:49,day,mentions,42,0x94bbb8f7632d11dead6b8970646ad5655a5fc320,3.537050000000818,0.0,Praescientia
2026-06-14 07:52:49,day,mentions,43,0xdacf9f8d0341fa3770fae5c7ccd9dcfed23e3c74,3.5302890451421263,210.051095,CosmicCedar
2026-06-14 07:52:49,day,mentions,44,0xa3abfe06da12783c192cbdee706f17028cdd300a,3.5,0.0,guhnome
2026-06-14 07:52:49,day,mentions,45,0x65d5758f2029e60c4f3d977262204ff18cf72047,3.3752750200000015,0.0,0x65D5758f2029e60c4F3d977262204fF18cF72047-1779899257065
2026-06-14 07:52:49,day,mentions,46,0xf7a28985e205608c529e68ff6c4144274683c0c5,3.3000000000000007,0.0,0xF7a28985e205608c529e68fF6c4144274683C0C5-1774182832558
2026-06-14 07:52:49,day,mentions,47,0xacfe5bbc96fb4976ecc4693997c063c332bfc247,3.281250000000007,0.0,bakanabaka
2026-06-14 07:52:49,day,mentions,48,0x23ed02fdee555e7a7790f9ce79efccebf9dfaebc,3.2700000000000387,0.0,niglette
2026-06-14 07:52:49,day,mentions,49,0xd5e2ac8c91c50e31157bcf1f9ad691bc7ad1c1a7,3.25,0.0,.chumpo
2026-06-14 07:52:49,day,mentions,50,0x09e672e5993de19f84fbd9a1cc2e298fdc5b24a1,3.2479000000000724,0.0,RIC25
2026-06-14 07:52:49,day,mentions,51,0xc3495dcb1fa3b073c0b37462b611f5466fa982d7,3.173499999999997,0.0,59gfdgd
2026-06-14 07:52:49,day,mentions,52,0x20d29f40fbb0cff6de8a9720305f864c65c67d3e,3.0477894699999997,0.0,singhfinity
2026-06-14 07:52:49,day,mentions,53,0xde0fa43faad1c0da4881c63681ad07a8c850a4e7,2.9754645057880005,10.625788,supermeow
2026-06-14 07:52:49,day,mentions,54,0x7fa1507e1803272c26d91fb263c507b995d3deeb,2.8342740899998944,0.0,dekivagyok
2026-06-14 07:52:49,day,mentions,55,0x1cdd071bb612de6d66d0c882b676c663697de595,2.8292416800004503,48.850415999999996,Lavincey
2026-06-14 07:52:49,day,mentions,56,0x0cb10c40b0776e9ee8cef970af85724654dda76c,2.752765459663351,30.634144,ninjaslashed
2026-06-14 07:52:49,day,mentions,57,0xaaa2cde772ab98ea86c9c323802f96daf03ec75f,2.6712759999995797,0.0,wholesomehentai
2026-06-14 07:52:49,day,mentions,58,0x59f81bd08f27944d01a723ac4ae9c4a0bf18853c,2.5941866050000115,0.0,0x59f81Bd08f27944d01a723aC4AE9C4A0bf18853C-1768684827136
2026-06-14 07:52:49,day,mentions,59,0x975bc0e368b7f1771d4a559f637ecaabd41f149b,2.4947266020000143,0.0,pookyisback
2026-06-14 07:52:49,day,mentions,60,0x5d5e32dc9a054f4e4da123353dded3e2ac379a5e,2.449641419998443,95.0,polybettor
2026-06-14 07:52:49,day,mentions,61,0xd0698a02ded7b86284ebf25e9db0bb0d787ad078,2.4210999999999996,7.81,0xD0698A02dEd7B86284eBf25e9dB0Bb0d787AD078-1779655870153
2026-06-14 07:52:49,day,mentions,62,0xb86b6bff9567674b60b05c3e5fb41354b508aabf,2.397188863652005,224.952602,0xb86b6Bff9567674B60b05C3E5FB41354B508AAbf-1778608437591
2026-06-14 07:52:49,day,mentions,63,0xcc598fc1061633b3ec1aa122e3ffd5e31762c185,2.3946080632049975,46.698204999999994,Patnam
2026-06-14 07:52:49,day,mentions,64,0x18113f74d50add32acbcec30106ace3cd574913b,2.299999999999997,0.0,DiddyTheDiddler
2026-06-14 07:52:49,day,mentions,65,0x3574aa67e0027d389f4d12d5324c568cbd130f66,2.2564000000002125,0.0,0x3574...D130F6
2026-06-14 07:52:49,day,mentions,66,0xe563e973b6cdf3d68175a873f46e6e55c41d2999,2.243935582499997,0.0,
2026-06-14 07:52:49,day,mentions,67,0x6cdbb24da2701ee38655088ff3fd05d048e78a82,2.2197799999999965,0.0,getfee-s1
2026-06-14 07:52:49,day,mentions,68,0x751611469f765fa961882b28479724ef041b15c6,2.190882717208,10.375668000000001,Carlcheang123
2026-06-14 07:52:49,day,mentions,69,0x3ea498ac5bb4efab3c7d2d4b04d01acf1f6df403,2.1876549899999986,0.0,Jkkjhgfr
2026-06-14 07:52:49,day,mentions,70,0xf875cf328c6d840fbe87b2228c837952559f814d,2.0688500000001397,0.0,BackToProfit
2026-06-14 07:52:49,day,mentions,71,0xb8bfd5573b3b6c5f177b7af71119352be1895538,2.0439391650000003,0.0,0xb8Bfd5573B3b6c5F177b7Af71119352be1895538-1780302064718
2026-06-14 07:52:49,day,mentions,72,0xadf18a599d0c73e432d042ad6d922051ae796460,1.6822966999999807,65.9,Kactus
2026-06-14 07:52:49,day,mentions,73,0x9b2fcb79bdb8a6a6174da327e9335f7889c6d8f8,1.671400000000176,0.0,SloppyDonny
2026-06-14 07:52:49,day,mentions,74,0xfb88c57ddb0f2f50d3f5887ee9caee80432f4c4c,1.5620235874998798,0.0,0xFb88C57ddB0f2F50D3f5887eE9caEE80432f4c4C-1774718422488
2026-06-14 07:52:49,day,mentions,75,0xb9ffb071e6f289bb50f3b3dfe4a65165759d5c7a,1.5247957900000007,0.0,kzmaroon
2026-06-14 07:52:49,day,mentions,76,0xf5286079ada8dcfeaa44f7f1c87e1ec37c127e5b,1.4559748150000758,13.162789,
2026-06-14 07:52:49,day,mentions,77,0x9e8ecc4cb3c4e48f544cba2fbbb252a6a65e8db8,1.4314289649482816,0.0,DREAMBIG.
2026-06-14 07:52:49,day,mentions,78,0x49161f6833d0be67e00b0ed06477536134f4f56f,1.3849302499999396,15.0,TerranSupremacy
2026-06-14 07:52:49,day,mentions,79,0x4fb56efd4cfb2b3f50f9f4af4c56d3f33eb9666e,1.378906084709,0.0,Barmaley338
2026-06-14 07:52:49,day,mentions,80,0x303a84a3bf3a3973a130e3309883f1b60cca4b47,1.35555552000001,0.0,Hkyas
2026-06-14 07:52:49,day,mentions,81,0xb43699cbbb52520952833c10737bc43e7625bb3c,1.3136999999999261,0.0,DOJ
2026-06-14 07:52:49,day,mentions,82,0x0446942df9d24b9a7de25eac318a129c1714cc69,1.3034490350000005,0.0,48xsds
2026-06-14 07:52:49,day,mentions,83,0x9f128322dcbc1ae5498a13e1222996b406712640,1.2577509635000013,0.0,tommyraz
2026-06-14 07:52:49,day,mentions,84,0xcaf59289145789242a4af6b975997344229841ab,1.2546696399999178,0.0,0xcAF59289145789242A4Af6b975997344229841ab-1772187322857
2026-06-14 07:52:49,day,mentions,85,0xb5e4def83a77ab2a171a2bc112638b6e78a39b0d,1.2265099999999904,0.0,elithewhiteguy
2026-06-14 07:52:49,day,mentions,86,0xe937357d6b851c08f258fc0b325fd71dfb06d46a,1.200000000000017,0.0,CalculatedRisk08
2026-06-14 07:52:49,day,mentions,87,0x9997acaf4e91ed06ad7d3f8ed7e8a4325f2da2bc,1.1828569199999777,0.0,hata6no6kokoro
2026-06-14 07:52:49,day,mentions,88,0x65335e4656d2d1014b46885bdb885bc5396fd2aa,1.1458332600000016,0.0,AnnieGreen
2026-06-14 07:52:49,day,mentions,89,0xc8625094f8b6f88a28fec3a1362caf49bbd53fb2,1.1160097099999717,0.0,phcrux1
2026-06-14 07:52:49,day,mentions,90,0x65da23ae7d793426dd931d7abb1580a056dc8f70,1.0196999999999994,0.0,UnknownE123
2026-06-14 07:52:49,day,mentions,91,0x23cc6f3f834c4872f8b14eb82c26d67702c22476,1.0059921957870002,0.0,MaX
2026-06-14 07:52:49,day,mentions,92,0x98c84948e68a0aac39d2b34e5b54af0ee05e08d5,1.0,0.0,
2026-06-14 07:52:49,day,mentions,93,0xd5527c2bdf2bc4855b4b55b6aabe3b308371ec26,0.9999999999999991,0.0,ElaraVasiliev
2026-06-14 07:52:49,day,mentions,94,0x78db05b03fcd5f0734fffe0365bd5414862eec04,0.9999990000000001,0.0,kira-LP
2026-06-14 07:52:49,day,mentions,95,0x42e7f0c1f45ccc07a2755489789d700e344143bd,0.999999,0.0,betlife-619
2026-06-14 07:52:49,day,mentions,95,0x4ab7625cacd4ec2c8804149ddba6d232fe645f17,0.999999,0.0,yenistriga
2026-06-14 07:52:49,day,mentions,95,0x58f8f1138be2192696378629fc9aa23c7910dc70,0.999999,0.0,bloodmaster
2026-06-14 07:52:49,day,mentions,95,0x8641736a39a229e091eff6fd0c040ad1db192927,0.999999,0.0,
2026-06-14 07:52:49,day,mentions,95,0x96b542bf4bfbba3801f1304dd611f34199600821,0.999999,0.0,secondarycolor
2026-06-14 07:52:49,day,mentions,95,0xdb82fe0d2ea3b3c4466a245ba26d29b2031c46cb,0.999999,0.0,NortheastTiger
2026-06-14 07:52:49,day,weather,1,0x6a8d1709bfb718d8555d315a983c4816278350f9,1088.9466793505853,4760.88848,OnlyLuckNoBrain
2026-06-14 07:52:49,day,weather,2,0xc60bb547dbdf59c8d1746bc8a754accc3809d9f7,730.4967735744704,1143.0622210000001,limitless00
2026-06-14 07:52:49,day,weather,3,0x5f211a24da4c005d9438a1ea269673b85ed0b376,690.8823469183262,24728.516086000003,dpnd
2026-06-14 07:52:49,day,weather,4,0xdd10fa6bef6fbcb5ee4c089c653798c0b97c7544,686.7393460912642,1066.048928,InCryptoWeTrust5
2026-06-14 07:52:49,day,weather,5,0x09a85cfe4d51e0cde12daa4d255b3f789fb447c1,529.8088202666568,2272.4368470000004,tenkiyoho
2026-06-14 07:52:49,day,weather,6,0x7bf1b4d7131c470b07d156b03135065390e73f67,474.14503405407925,9134.75038,mxnxn
2026-06-14 07:52:49,day,weather,7,0x4ce3f17be91c3d0d6dbfed7bd4d326957dec4291,416.2911075377451,11484.17525,0x4CE3f17Be91C3d0D6dbFed7Bd4D326957dec4291-1768045938794
2026-06-14 07:52:49,day,weather,8,0x44c1dfe43260c94ed4f1d00de2e1f80fb113ebc1,402.1718709249981,0.0,aenews2
2026-06-14 07:52:49,day,weather,9,0x3016065355d3a39891d11d90d0a6b6687e9d54e9,353.85186464840604,5191.436423,hd7777
2026-06-14 07:52:49,day,weather,10,0xc7d02944a76b9f83b199e9090ecc92c82d241f8a,346.1591847463824,5760.742964,0xc7D02944A76B9F83B199e9090ECC92C82d241F8a-1776944395495
2026-06-14 07:52:49,day,weather,11,0xfc7b11e443d5a0d8ff5adb1ec359e3d94cb27a75,346.129239934424,1977.335231,ImperialAstronomicalBureau
2026-06-14 07:52:49,day,weather,12,0x79ad3e890dc870bf48d9bbf3f226a77746db4eed,340.597811944076,6822.823634,WeatherMasterv3
2026-06-14 07:52:49,day,weather,13,0x1abc2b469b5ded495d6c8b21fc79dcb8d8f345e7,336.2779959529944,11121.872881,0x1aBc2b469b5dED495d6C8B21Fc79dcb8d8f345E7-1778811281023
2026-06-14 07:52:49,day,weather,14,0xda332227452578e92bb5a3c3e598e58ccd60dacc,320.84360711894783,3550.283884,Crypto.Trader
2026-06-14 07:52:49,day,weather,15,0x96489abcb9f583d6835c8ef95ffc923d05a86825,295.59919493773486,3171.7,anoin123
2026-06-14 07:52:49,day,weather,16,0xaf17116ae2b1476032785a67bd5b7c8c05905c20,284.9452444965609,4299.44947,huskyvs
2026-06-14 07:52:49,day,weather,17,0x8d0930676d559cc8fb7d8af0c555791c1820143f,270.4865763862181,3411.3093999999996,vip68
2026-06-14 07:52:49,day,weather,18,0x5c6b40f748a2060284d8ba41cdb01fb4169ff32b,260.50886998000533,363.03999999999996,Phlox
2026-06-14 07:52:49,day,weather,19,0x104171232971a6db8cf938f76fdbebbb81c5f452,258.88042093967124,15041.49,aapang
2026-06-14 07:52:49,day,weather,20,0x6b5012826833770af8b10acf3049f01edfcfc9ba,247.5872061,4369.11,bentayan
2026-06-14 07:52:49,day,weather,21,0x97abe233a0eb7f3b1a23c6e083892d6d05baa19f,245.27714654999363,1779.1356810000002,0x97abe233a0eB7F3b1A23c6E083892d6D05Baa19f-1722790943967
2026-06-14 07:52:49,day,weather,22,0xd00ac723a490868c66ef99934497946c8c06c12d,244.31643383700015,1565.8488579999998,TOTO252
2026-06-14 07:52:49,day,weather,23,0x7300833941f579802d58791eb1d0152c1b17e52c,231.16398917828838,5333.18023,PontiusPilate
2026-06-14 07:52:49,day,weather,24,0x01ced860d8dca5d7987579d2a2635df8520d27a2,222.77547847987444,1676.541696,CreamCream1215
2026-06-14 07:52:49,day,weather,25,0x21d0c129deb8a7f7e1569045200d20e23862ce91,213.88745113199911,0.26,DEGENKHAN
2026-06-14 07:52:49,day,weather,26,0x54a00376ee001a478471c13a87506a44f2004134,211.83327107478,2005.2890009999999,ElCaudillo19
2026-06-14 07:52:49,day,weather,27,0x443eac4e61b71c26126583d65270f1ae0bdc712e,211.4741329399999,0.0,powderz
2026-06-14 07:52:49,day,weather,28,0x7fc6e183e48e2f7658cd825ff4f40e44e9327306,208.8017292654995,0.0,tradingdecs
2026-06-14 07:52:49,day,weather,29,0x66c1a6fe836ff555ca32848646acedbbe93bfa3f,208.09420000000006,0.0,TRINITlTE
2026-06-14 07:52:49,day,weather,30,0xe3def294cd4ac865fb1a6c63532e35b370ae0876,203.532292321,0.0,0xe3dEf294cD4ac865fb1a6C63532e35b370Ae0876-1767487454268
2026-06-14 07:52:49,day,weather,31,0x488c725253fc21c7a9ca812030dc2f6343f98c1c,197.04983100598838,1167.5575,WeatherHK
2026-06-14 07:52:49,day,weather,32,0x8fbd7cf5f806f563080864694415829f7229a959,194.97832617546555,11307.037801,badatmath.
2026-06-14 07:52:49,day,weather,33,0xed01aee3dd20e723e76910d6d44ae1169a6589b7,191.11516901700412,2045.748582,kyj12345
2026-06-14 07:52:49,day,weather,34,0xf56ccbb9d8158ae1dda67207d1f76acf2f81ad84,184.16579667901078,13437.650380999998,LXJXLJ
2026-06-14 07:52:49,day,weather,35,0xf2f6af4f27ec2dcf4072095ab804016e14cd5817,183.527697947633,0.0,gopfan2
2026-06-14 07:52:49,day,weather,36,0xdadbf9e1df1b8d7a184a0d6ab9c83b2337b61870,181.0182057500001,1095.06,Sorruby
2026-06-14 07:52:49,day,weather,37,0x3653235d75a0d5969c42f7514d4df8ea5f8cef74,175.92459178700278,5645.596531,0x3653235d75A0d5969C42f7514d4Df8eA5F8CEF74-1778811817579
2026-06-14 07:52:49,day,weather,38,0x1f85eb9c455c5bdef5d96c2739076678c7157b02,175.24884354316725,5252.60477,0x1F85EB9C455c5BDEF5D96C2739076678c7157B02-1778811447702
2026-06-14 07:52:49,day,weather,39,0xd302c20b7618cda8077d3011b9501a836d758cbf,169.00524999999737,365.0,0xD302c20B7618cdA8077D3011B9501A836D758Cbf-1777250857426
2026-06-14 07:52:49,day,weather,40,0x4e25605fd905e9972efc0f4d8814530c655cd7a7,167.0372398489999,0.0,
2026-06-14 07:52:49,day,weather,41,0x5470a1aa0def7459aad672bdedb2211784a30af7,166.02058333348396,129.827381,
2026-06-14 07:52:49,day,weather,42,0x746126d4646e370377410ed487ec4f8a717d3515,164.39999999999998,300.0,liminghao1
2026-06-14 07:52:49,day,weather,43,0x6ebb3ba0a58bf0d8f3b5f1390c79fa8b27f3405a,159.41272051044234,2581.125603,yuyu3
2026-06-14 07:52:49,day,weather,44,0xbea567c3ca1270673443cf6e72ccadd352662cf0,154.63872488197887,1460.845683,WilliamGekko
2026-06-14 07:52:49,day,weather,45,0x1d72086155cd0a4e70aafa4fea5341d93ccf9461,152.207707886329,106.78478899999999,xvegax
2026-06-14 07:52:49,day,weather,46,0x2b8c0ed1252d1cf1ee4c47c8d3cf94d87aeb4406,150.67393477425586,1627.7877760000001,opentrading
2026-06-14 07:52:49,day,weather,47,0x85dbcb1712ca38c639559351ad31127c472e1423,147.47252512,1360.49,0x531C73188752BecdC212e07CB42ba535A52E25a3-1765554012694
2026-06-14 07:52:49,day,weather,48,0x0baabb6b4de57a6366be10cb98803520382afe13,143.98188812550052,0.0,
2026-06-14 07:52:49,day,weather,49,0x4de148ab2ea9ddffdc82f5e5b8f7605d6ba118a2,142.63987746292332,1580.096767,dtyb
2026-06-14 07:52:49,day,weather,50,0x8ec36c701a72b1fb546c1893738f9830c977a081,142.11937622750798,655.983332,okollo
2026-06-14 07:52:49,day,weather,51,0xd66196189fee25e395d55dcc966cdfc27e0d2750,140.4329126439652,2634.567972,NPC2026
2026-06-14 07:52:49,day,weather,52,0x15463d7c82ad6df69260a9def5e19c8ff838778b,138.06111864015793,1536.055196,meichuanneiku
2026-06-14 07:52:49,day,weather,53,0x879d999541ea4b50b7c237092cfc2b5f8a1fb501,135.6825074222429,852.746711,0x879d999541ea4B50b7c237092cFC2b5F8a1FB501-1768979036248
2026-06-14 07:52:49,day,weather,54,0x1941ca5d7f587827da004b1b1551b0bd6429deea,134.3739086446585,7138.926753,0x8E7D8N72Bdx12A8H67R6CsF558dVa52D
2026-06-14 07:52:49,day,weather,55,0xbbb72a812cfbc5217d77c0a0018c71f174d3a11a,133.5820046472736,2693.324842,sailor82
2026-06-14 07:52:49,day,weather,56,0x77ba949d7a9e34b8005d62d33b6803e911ee9ed8,128.7187925335,2947.123011,Varoque
2026-06-14 07:52:49,day,weather,57,0x8a25f9c7d093089c808f514b161a1e40be44ba81,128.50160478349517,4344.01408,Yubing
2026-06-14 07:52:49,day,weather,58,0xb4cecbca7b4a1b2b08f7284027c914f00fae49e0,127.40484963599995,2716.4901,wuyula
2026-06-14 07:52:49,day,weather,59,0x2acf345851bd6dbcee9c07d157f58386a4fdf9bb,126.96531554955254,1215.7619599999998,0x2acf345851Bd6DbcEE9c07d157f58386a4fDf9BB-1769529267515
2026-06-14 07:52:49,day,weather,60,0x8b6f9ecf0a471eaaba941b2bd32c7a00586cb9be,126.59610210720899,5787.325691,Stopcopyingtrades
2026-06-14 07:52:49,day,weather,61,0xfffadf38a520cd5a0035ff52d7fceb436a08864b,125.69462720372758,35591.357589,GoriIIa
2026-06-14 07:52:49,day,weather,62,0xcf6a714618a328c608a1c70cb62a31a6bef3f9d0,124.73463519999996,0.0,KnureKnume
2026-06-14 07:52:49,day,weather,63,0x044f334595a7fd42c143e11c8ec47f23c8d1d1f1,123.92468669600566,4504.271642,gghff
2026-06-14 07:52:49,day,weather,64,0xa9074534c918f9bb59ea8be72319f85f4ba0ba96,120.48397691298942,6202.828332,0xA9074534C918f9Bb59eA8be72319f85f4Ba0Ba96-1775612176152
2026-06-14 07:52:49,day,weather,65,0x85bd6a676a1b399f849b22332b1f7eca15c87f75,117.88033413695666,1368.915176,Capillatus
2026-06-14 07:52:49,day,weather,66,0xa5bccc302b9521d32ed765e397c6d5d6c2468853,117.0,200.0,dahuaxiyou
2026-06-14 07:52:49,day,weather,67,0x8b8b9c565c8dca43cfb767f0f2c20b2b323d2512,115.68630210736751,5194.657777,0x8B8b9c565C8dCA43cfb767F0F2C20B2B323d2512-1778811726293
2026-06-14 07:52:49,day,weather,68,0x55beeefc728b1ebcd58e7bb29ea02d4260a2fb40,115.57119728854002,724.3399999999999,0x55bEeEfC728b1eBCD58E7bb29EA02D4260A2FB40-1770718899729
2026-06-14 07:52:49,day,weather,69,0x164cb85e1718d0a8f95d588b08fbb52b34233e39,114.5065122589267,1211.08586,GeniusTrader
2026-06-14 07:52:49,day,weather,70,0xc878c6a7ba8ad896a897fe82e48b93fb66dfa6f3,112.55489036097003,479.753155,0xC878C6a7Ba8aD896a897FE82E48B93Fb66DFa6f3-1772898124129
2026-06-14 07:52:49,day,weather,71,0x43de7eb7b75f003e9c1b102fe2a2c3d46fcd74b9,110.22900358395896,671.8357900000001,
2026-06-14 07:52:49,day,weather,72,0x803a112b5eb1404eea463b26a2318cfcb3b9219e,110.10868454000001,2088.1800000000003,mgxsx
2026-06-14 07:52:49,day,weather,73,0x16c7337106a0b3a06ff863a1c06d8e2cbf7322cd,107.095639032044,5130.149496,0x16c7337106A0B3a06fF863A1c06D8e2cbf7322cd-1778811943243
2026-06-14 07:52:49,day,weather,74,0x37de5810f247a0cba8dc95b626bb4e7b9b32f512,106.92102164499988,2538.87092,horse2026
2026-06-14 07:52:49,day,weather,75,0x0886b39e5ef38fd23c070e214f739e730282b3a6,105.44819707499994,0.0,cyberhei
2026-06-14 07:52:49,day,weather,76,0xfc404d785423d89fd862f6b3f2fc4bcb556756a3,105.30357639318811,7.73,1660S.eth
2026-06-14 07:52:49,day,weather,77,0xaa930fdc4caa3c0f6067404a7bd7899ca45f0bc7,105.17402355375634,1939.676819,Lex-tang
2026-06-14 07:52:49,day,weather,78,0x6fb10c9908b68c82f5889f641fdc05ca59ee9319,101.50294704095359,1859.402538,Frog-Prince
2026-06-14 07:52:49,day,weather,79,0xfb697d93b898ebe401d2681666a2d59c553706a9,98.66011011142973,405.348015,Guangboy
2026-06-14 07:52:49,day,weather,80,0xfe1dfd180316ce83e258d02feadfef8a65c8ba4a,98.32687000000004,652.62,BusinessClassDream
2026-06-14 07:52:49,day,weather,81,0xa09d35cd5d693f247f33f84bbaec816315d8af80,96.48267993600166,1247.448241,0xa09D35Cd5D693f247f33F84bbaeC816315D8AF80-1760963487396
2026-06-14 07:52:49,day,weather,82,0x65b7baa2ad4e6cba03dfcaf554fd7cd208423798,96.25085857214003,263.24457,valorantrac0
2026-06-14 07:52:49,day,weather,83,0x5a218c7ad04135830a45c41aaed7294df7809318,96.24305930016726,22835.703071999997,balthazar
2026-06-14 07:52:49,day,weather,84,0xcfff4295288ee29f75a38a7028611b7c1e93673d,95.91043293566327,3917.74355,graynotebook19
2026-06-14 07:52:49,day,weather,85,0x8cda2a6b9edb73b5d979bb301e0a138dc37ae598,95.24649056490199,204.136366,StabilizingBar1
2026-06-14 07:52:49,day,weather,86,0x376a5fd4c4941280fbf511489558e9b7de31d270,93.62786001193581,1189.914048,terrordogchampion
2026-06-14 07:52:49,day,weather,87,0x9047a48fc347dde4224e57b8c5e3bd618bef2959,92.48053884814681,1416.9935680000003,kyj1435
2026-06-14 07:52:49,day,weather,88,0x36e6f5489a73bacfa269f375e5e9aeec00f1ad16,92.39748377000006,289.99,Odayy
2026-06-14 07:52:49,day,weather,89,0xe7c327eff696dad94a6e9310ee79af9a185420e0,90.62,0.0,0xE7c327eFF696Dad94A6e9310eE79Af9a185420e0-1771529895076
2026-06-14 07:52:49,day,weather,90,0x2ef2f13f30e523197e9e66afa2f2620f02fbfaa5,90.54975089592881,1599.141955,usmaga
2026-06-14 07:52:49,day,weather,91,0x652d6be4a7532227fd1dc3d3c69b0a0a1dc446b3,90.13736001867801,15800.706188,0xALJJ
2026-06-14 07:52:49,day,weather,92,0x2eb8efc9490375d7f0ad6b5ef878781dc3ac0d00,89.89858872956381,611.077122,VS.AI
2026-06-14 07:52:49,day,weather,93,0x0786dae11f63aa97035bd5facdb1168624c1df1d,89.74651589892369,1076.51,0x0786DaE11F63aa97035BD5fACDb1168624c1DF1d-1777167636562
2026-06-14 07:52:49,day,weather,94,0x157069267d199d5e275cc99ce5e793361bedde29,88.96009797445078,859.1424360000001,reason.77
2026-06-14 07:52:49,day,weather,95,0x2c3db7ae92dcc83af69e4cd802c833a5a308d3e9,88.91379864678993,251.75333,TheAvenger
2026-06-14 07:52:49,day,weather,96,0x183a2a0b034877e761af0778da5134bebc37d514,88.59708577500032,0.0,planetnine
2026-06-14 07:52:49,day,weather,97,0x437f1c745a4abd87d5a9a2c61294139d86005b95,88.22099498712078,1477.68344,Wendinga
2026-06-14 07:52:49,day,weather,98,0x177500541ae20bb0d46ab0db3fd2559e2a7e85b0,87.49890688956293,3557.6248579999997,bby123
2026-06-14 07:52:49,day,weather,99,0x0f19972ce086c8b9c3eed911fdd6f660d62ee819,86.77795692050495,536.2147180000001,nb03b15
2026-06-14 07:52:49,day,weather,100,0xf84d10bcae66a69c39ee2292c6898aa107b25e65,84.07180686471384,2167.712497,leke
2026-06-14 07:52:49,day,economics,1,0xaf458bee32b8f1d9ba39ee876f20c7e3ce62ec7d,7456.06656395203,0.0,fed26
2026-06-14 07:52:49,day,economics,2,0x3a8aa345d5db7ec5138298c8c4f4540259be7699,4027.2033778234872,157.74,TheReturnOfDarthMaul
2026-06-14 07:52:49,day,economics,3,0x9e7e57fbc4dd03dc7b0eea98f1f01bc100083e1d,2027.0364936330006,0.0,mcorleone
2026-06-14 07:52:49,day,economics,4,0xc6d0ff59ef83e7d6210c47d20408eb27b7844bad,1896.4593352200063,0.0,strategy1.2
2026-06-14 07:52:49,day,economics,5,0x9d84ce0306f8551e02efef1680475fc0f1dc1344,1379.86564222374,0.0,ImJustKen
2026-06-14 07:52:49,day,economics,6,0x714a685b5454ea4d52979563bbafa77b8168ab2f,1246.9299999999967,50000.0,pada
2026-06-14 07:52:49,day,economics,7,0xab8f49a32aa63b75d8da76777bc1e4be444406d6,1196.1377282799995,0.0,lazercrazer
2026-06-14 07:52:49,day,economics,8,0xa309f903dbbd559e87d8d368834b8e41355c4cf2,1094.6947955699998,0.0,dlkf
2026-06-14 07:52:49,day,economics,9,0xf4f3476be6e5b2de3a7e1bc849ff4b047bef330d,1075.5285139739972,0.0,nada
2026-06-14 07:52:49,day,economics,10,0xdd9c961288a032098076267bd665d407dac231a0,1063.831808095536,0.0,hippoka
2026-06-14 07:52:49,day,economics,11,0xa30db1ae1ca4013bdd8fbbb41064b4e1760c9416,1021.6645043200006,0.0,Mathon
2026-06-14 07:52:49,day,economics,12,0x453ae5e896ea243f332ed97c1c77bf2888ce81d2,852.3306583691133,3500.0,5038813185
2026-06-14 07:52:49,day,economics,13,0x32d9e8e585a39fdaf7ed7ecc994a6d892c99d638,840.0908457600008,0.0,IsabelaCa
2026-06-14 07:52:49,day,economics,14,0x60567382d04d7af8776eea04468a918519ebc27c,780.0616225500016,0.0,akimbogod
2026-06-14 07:52:49,day,economics,15,0x7bb244d0c70293e66dee84f3d0623fbbbf7d682c,716.2917163189995,0.0,WongKimArk
2026-06-14 07:52:49,day,economics,16,0xc8849a93e05a2ae1b49bb07787a9e0059bb4e17e,690.0837382499967,0.0,Clicker1
2026-06-14 07:52:49,day,economics,17,0xe4ac4992830faddb22e0fe10b9d2f60cb0ed448a,602.3558541920884,239.0,NyxoroVambletine
2026-06-14 07:52:49,day,economics,18,0xc851cd9bee7d262afd78674f861f9f576a12cd2a,544.012852461994,0.0,betwick
2026-06-14 07:52:49,day,economics,19,0x47e6d461c40169233b41ea6cdad6b6cb8126fd61,475.426810078,0.0,123z
2026-06-14 07:52:49,day,economics,20,0x9bcada74fbcaa331afecdf7e861fbc9532ecca1f,467.9071233064169,2879.62,rooivalk
2026-06-14 07:52:49,day,economics,21,0x4e25605fd905e9972efc0f4d8814530c655cd7a7,423.7131116430646,0.0,
2026-06-14 07:52:49,day,economics,22,0xfbfd14dd4bb607373119de95f1d4b21c3b6c0029,420.5539534164418,805980.696255,XAE12Archangel
2026-06-14 07:52:49,day,economics,23,0x162f6fff88a52864f2ecc9833e58089d5254798d,408.46841192644206,0.0,Valen9
2026-06-14 07:52:49,day,economics,24,0xaf2830f2dd4dfa32e3dffac60531bb4ba5147f92,395.0875926499998,0.0,infolitio
2026-06-14 07:52:49,day,economics,25,0x6bdbbbf6b7a21c1bb1e83d5ba4c01ac1c4b64496,385.3389591099997,0.0,0x6bDbBbf6b7A21c1bb1e83d5ba4c01ac1C4b64496-1771839100479
2026-06-14 07:52:49,day,economics,26,0xc6587b11a2209e46dfe3928b31c5514a8e33b784,378.0376999999862,0.0,Erasmus.
2026-06-14 07:52:49,day,economics,27,0xf36017d62512f0c61d9ebfc31545b959b108ad1f,373.1072381570001,0.0,StanleyHo
2026-06-14 07:52:49,day,economics,28,0xfc915907cf315161de19dbd0390787bdb84931eb,363.8824399999994,0.0,
2026-06-14 07:52:49,day,economics,29,0x68c24bf4a8ad4d79a6fe4b8eec6f93a02dfd1711,348.1230187939982,0.0,mombil
2026-06-14 07:52:49,day,economics,30,0x8e77537e059837d3c2ca5b4efe75e74e9498c4f3,345.8027520760006,0.0,dwpoker
2026-06-14 07:52:49,day,economics,31,0x035c4f4854525937b8339e8929b1fb474054a779,342.3148399999991,0.0,air4
2026-06-14 07:52:49,day,economics,32,0x02388370985ec313bcc199911073f91f52b6eb0b,340.836542729995,168.0,DoloresZ
2026-06-14 07:52:49,day,economics,33,0x0cb25edac705df4c6b4d23fb6fc4e18e78301872,312.84742438000046,0.0,0x0cb25edac705df4c6B4d23FB6Fc4E18E78301872-1774209617236
2026-06-14 07:52:49,day,economics,34,0x3c01b99c8aed5d5dc7477f3dc3bb048290b1d612,290.00015379399883,0.0,FoldingKeene
2026-06-14 07:52:49,day,economics,35,0x75e765216a57942d738d880ffcda854d9f869080,289.99711247000414,0.0,25usdc
2026-06-14 07:52:49,day,economics,36,0xe82ddd790c68bfecb30558cfcec2f7062d00adc8,273.76160657999753,0.0,rodrigr28
2026-06-14 07:52:49,day,economics,37,0xc4c8983df5c71c6e7329e1a78ccbdde7ca10cabb,272.0469998799963,0.0,CARBEACH
2026-06-14 07:52:49,day,economics,38,0x1d5f88f1b97317cccad804374e5bd847512e634d,261.85426870258743,5.98,firegold
2026-06-14 07:52:49,day,economics,39,0xae89da6594bb0d421c8d807d74e213f8729e90b8,236.00073079199865,0.0,Ume-Chang
2026-06-14 07:52:49,day,economics,40,0x4734cf8abfa7ad6cf3cd6b6e12130946b4a60979,228.7811195377801,137.39,0x4734CF8aBFA7Ad6Cf3cD6B6e12130946B4a60979-1764692036152
2026-06-14 07:52:49,day,economics,41,0xf02d93dee455b2e454d6b809601fa0b246c89253,226.10719168199978,0.0,jjjj9999
2026-06-14 07:52:49,day,economics,42,0xd5eb2846e5f41e76fd1a607320ae1ec45af0b9d6,225.98220908599978,0.0,Burgil
2026-06-14 07:52:49,day,economics,43,0x51fd8f0358cc9e8a1ee5f87a0c7e3b07ed634272,223.20521955183722,1502.5121089999998,TimeTraveler
2026-06-14 07:52:49,day,economics,44,0x3b7ed1242417f4b8f6992b5dd53aa9415a2c23eb,222.49991149499692,0.0,phdcapital
2026-06-14 07:52:49,day,economics,45,0x1d379e322ef813587a3e13ad79857c45edc7f4a4,217.89247949499259,0.0,OverlookHotel
2026-06-14 07:52:49,day,economics,46,0x84956098a279f4beaf85696f461e60d75241b6e8,217.58129244999873,0.0,Oracle99
2026-06-14 07:52:49,day,economics,47,0xad5353afe30c2da57709e2704ef3ccdcf67eef24,217.3555551184345,91.56,AJSV
2026-06-14 07:52:49,day,economics,48,0x2a21da2e20fa5b69381d7d44bd73f879c1aefb6c,213.66530779500226,0.0,mastershifu
2026-06-14 07:52:49,day,economics,49,0x951e1df0ec2f0ed2ef7d9b75d002996fe521d394,205.9380554849999,0.0,sbfe
2026-06-14 07:52:49,day,economics,50,0xac907f33498dc8a1617d0e7a9d3f7d91debe5d06,203.63634661962465,14010.326424,BTCisMYlove
2026-06-14 07:52:49,day,economics,51,0x94a428cfa4f84b264e01f70d93d02bc96cb36356,203.57399677250004,0.0,GCottrell93
2026-06-14 07:52:49,day,economics,52,0x7072dd52161bae614bec6905846a53c9a3a53413,199.9999957139953,0.0,ForesightOracle
2026-06-14 07:52:49,day,economics,53,0xec981ed70ae69c5cbcac08c1ba063e734f6bafcd,199.99995332100661,0.0,0xheavy888
2026-06-14 07:52:49,day,economics,54,0x8df73e2962d0184ea1f71621784d46ca6b5936c4,180.422340000001,0.0,End123
2026-06-14 07:52:49,day,economics,55,0xa5fda0340959e67ef9de8bc5caf1c502c6f736d1,180.26227748199926,0.0,88blitzcrank
2026-06-14 07:52:49,day,economics,56,0x36edf4d48d3fdf4b59bb549be42843f3349c4a93,180.01741251900057,0.0,babyshark.
2026-06-14 07:52:49,day,economics,57,0x943ceb686511fe7aaca6a863b00493e088da1d17,177.41217365304624,910.0,DaMonkeyHope
2026-06-14 07:52:49,day,economics,58,0xb1291441c7c016e4f373418e00550949404f34bf,173.77700000000186,0.0,BobbyAxelrod33
2026-06-14 07:52:49,day,economics,59,0x2e617f2cb474acaba820030e4819fe92148519bd,169.7817788200009,0.0,Javier777Milei
2026-06-14 07:52:49,day,economics,60,0x2ed8f7a10686dbb0fb15f5c3335f30e0043793d4,168.43654405449342,0.0,podairpod
2026-06-14 07:52:49,day,economics,61,0x7523cafcee7bcf2db9a79d80e0d79b88a9a54c4c,155.99999071197817,0.0,DonaldinhoTrumpito
2026-06-14 07:52:49,day,economics,62,0xdc4f08727c65afc4731b75cf1ed265666b7b4652,150.607966705953,0.0,third-eye
2026-06-14 07:52:49,day,economics,63,0xa43da0aab839cf651a70e0e310462bb53a3b00f4,150.29474125999923,10000.0,muchlov
2026-06-14 07:52:49,day,economics,64,0xc33d05041c15570829f6a28195dba8538df41b02,149.3028687650003,0.0,BetZilla
2026-06-14 07:52:49,day,economics,65,0x6c185ff38f84e0a6ade8e76193d127c477c3238a,148.00237000000016,0.0,vgbyp
2026-06-14 07:52:49,day,economics,66,0x6328c267812df80775801c0a98056609ee0036a4,147.92243599999347,73961.218,notsosure6
2026-06-14 07:52:49,day,economics,67,0x89cd944aa9cf528142e3557099c6992eb7ce4d7d,146.58799999999974,0.0,
2026-06-14 07:52:49,day,economics,68,0x264d771891838edb443cb2d39fc4aa1bb58a6f2b,145.1767563979995,0.0,dnaghsa
2026-06-14 07:52:49,day,economics,69,0xd64e1a97d46f2ba860a56470ac6f47e5bcda5516,145.0,0.0,uprightuser
2026-06-14 07:52:49,day,economics,69,0xf143e056e11a8f341908779853eedc5d60affdb3,145.0,0.0,air3
2026-06-14 07:52:49,day,economics,71,0x4728d8377019661b41a2fdca0da55c1dd1e06426,144.64170000000013,0.0,Miracle007
2026-06-14 07:52:49,day,economics,72,0x771293a34f18f936023bbaa37db010a232030c28,144.49851662849983,0.0,0xarise
2026-06-14 07:52:49,day,economics,73,0xe821d597d53bb282e03bcc63fde018c8f6b9b27e,143.03931070431395,19986.989999999998,tiger11
2026-06-14 07:52:49,day,economics,74,0x33dc4cd4a175180fda291f2ab1876e03e247bb81,139.99891754999953,0.0,hawkj
2026-06-14 07:52:49,day,economics,75,0xf0874bd80bfadf639df0f82f5d3e7b22e2e8962d,132.266142854,0.0,kekkelmeister
2026-06-14 07:52:49,day,economics,76,0x72f7b4aa5acaff9629917cf4ec34620a41c492f7,125.69061593900005,0.0,crypto-basenji
2026-06-14 07:52:49,day,economics,77,0xb69b45222b1f77473d20c546dd0a96bf62a0aa30,124.56439364999915,0.0,0xB69B45222B1f77473D20c546dD0a96bf62a0aA30-1760836448088
2026-06-14 07:52:49,day,economics,78,0x1cfc260bfa2b5ae89377863180ca3b4f5c862111,124.0166238880247,0.0,lissartter
2026-06-14 07:52:49,day,economics,79,0x993c072519306017fe9a6b3ee6fa4a02b3056787,123.80266879231749,6918.905216,Jep-G
2026-06-14 07:52:49,day,economics,80,0xb3cede3b0c6a23eb034882e39d210ccc52665eb3,122.64050618800002,0.0,SaddlebackLagac
2026-06-14 07:52:49,day,economics,81,0x4e617ec97e179213f7b4b751d706713453fb82ee,120.76638214999991,0.0,Carpool
2026-06-14 07:52:49,day,economics,82,0xc84f7e76ec28ef20e7773b7b4926bfb7378be0c5,119.97819999999774,0.0,BrightStars
2026-06-14 07:52:49,day,economics,83,0xe7a3cd81b59acfa06d21df09beb57b84b794e60a,118.82006770250064,0.0,MKIsabella
2026-06-14 07:52:49,day,economics,84,0x9e928c12bc53962b726c036665f582b2557d6929,116.62117999999828,0.0,paultudor
2026-06-14 07:52:49,day,economics,85,0x47ae6d13566c3418c4795c98ced1f197575eee94,116.43760418999955,0.0,JasonPunos
2026-06-14 07:52:49,day,economics,86,0xdceecdb83fcbcc37d381f90ad0c7516824e3bda5,112.45010768849625,0.0,rspa
2026-06-14 07:52:49,day,economics,87,0xd14aa86fa6cac2e09edd9944f5c0c0d48634a8ad,110.51111814999877,0.0,l3t0
2026-06-14 07:52:49,day,economics,88,0x9952d39fcc7a5baf664da51dd1b9c95f23ca9cba,107.20930431999932,0.0,helpisontheway
2026-06-14 07:52:49,day,economics,89,0x0173951566f00b834389a5f7901fc7b9f0971949,107.14000000000016,0.0,geradeaus
2026-06-14 07:52:49,day,economics,90,0x9c2617462567859fcf5764e03b9a687ebca274bc,103.97002880249056,0.0,Tigerofthehood
2026-06-14 07:52:49,day,economics,91,0x1bd5a1a9c5ed9721cf76e8e16a04d130df87f114,103.32671487099992,0.0,Donju777
2026-06-14 07:52:49,day,economics,92,0x46d3d62ab3dd01fb8dc3b16f0141462c82df62e0,99.99999999999818,0.0,Optionsguru18
2026-06-14 07:52:49,day,economics,93,0x2c6fe612dc43cc67676d2efc1e5eed50cbc1deee,96.38133237999978,0.0,YellowSnake
2026-06-14 07:52:49,day,economics,94,0x8138b92604843cab98fb92c8d782e1491ea03c88,94.7645559030002,0.0,CrazyBang
2026-06-14 07:52:49,day,economics,95,0x2e0b70d482e6b389e81dea528be57d825dd48070,88.62773125883541,17663.74,Trump2028
2026-06-14 07:52:49,day,economics,96,0x26572868adcee0e5136dc8d33756e9879d0d42e6,88.59315784699902,0.0,0x26572868AdCeE0E5136dC8d33756e9879d0D42E6-1771354638297
2026-06-14 07:52:49,day,economics,97,0x66c1cc4f994ee99a2f5977a2e071cbfd65852c72,87.73585500000036,315.49,Friday
2026-06-14 07:52:49,day,economics,98,0xc427980d20632c60c5a43fb689540c7f6f776f4d,86.23694999999952,0.0,kastetem
2026-06-14 07:52:49,day,economics,99,0x79fdd240f0f557219bd26f007a917e4e59998772,85.75415151,0.0,Depzaiso1uk
2026-06-14 07:52:49,day,economics,100,0x97781bea154e7a3d3538aca39430164eca778480,84.60933770100019,0.0,0x97781beA154e7a3D3538Aca39430164ecA778480-1774590795420
2026-06-14 07:52:49,day,tech,1,0x190ef2bb8c23f222147684b9dcc6dde2632fb11a,1975.0458853294235,2502.610563,0x190eF2Bb8c23F222147684B9dCc6DDE2632fb11a-1769581826816
2026-06-14 07:52:49,day,tech,2,0xddd85ddfa58784925990c16c9858ccd62e4ee6f7,548.4727517429928,0.0,Sreisz
2026-06-14 07:52:49,day,tech,3,0x2110ba2a1e18840109482ff4ddc547baeff45850,253.0067848270046,0.0,George.Smiley
2026-06-14 07:52:49,day,tech,4,0x4f23a0976493be385412ce9a6b93841ee2c090db,238.4324459650005,0.0,Hiworld.
2026-06-14 07:52:49,day,tech,5,0x318366cb3fe18323f28b294e8f7d987a91a1c5eb,231.20780856,738.32,Bigsomething
2026-06-14 07:52:49,day,tech,6,0x1057e7d3ddafc60a4aeb10a2bc5b543792449ea5,153.63583715900677,0.0,Macks22
2026-06-14 07:52:49,day,tech,7,0xcf37bbb2c1687b70ea553b6fe05f740251d7993f,130.30831897699994,0.0,rocky42004
2026-06-14 07:52:49,day,tech,8,0xfdfca60e7aebfc50dfdc40c27987970aa9c1288c,111.00030320850054,0.0,Polyticks
2026-06-14 07:52:49,day,tech,9,0x5235578efe24555b0c98e7dc10a902b09089c04a,109.12681499999962,0.0,back-in-whack
2026-06-14 07:52:49,day,tech,10,0x03805a13a0b3e058f55f6c6af95389d4f431073d,100.32027015105132,647.5998220000001,donthackme
2026-06-14 07:52:49,day,tech,11,0xd6ec916b3f6717cd4b12bc321294b0b3761d2ecb,88.56536469000093,0.0,d85jg3979
2026-06-14 07:52:49,day,tech,12,0xe38ee6bef3ea40daac3e3adc2fca23ba456850c8,86.22453835999983,0.0,CryptoBizzi
2026-06-14 07:52:49,day,tech,13,0x764b305694b026c1acce7bf862c3b5456a146bad,86.156684649,305.0,quietparcel
2026-06-14 07:52:49,day,tech,14,0x28bf066c6cb952da62d6d182c16ad173ada64a4e,71.16816964200012,305.0,plainfolder
2026-06-14 07:52:49,day,tech,15,0x048215305cbcf7cc790735bf00119551d75c6b0a,70.29247132900127,0.0,dumbfuqLIQUIDITYprovider
2026-06-14 07:52:49,day,tech,16,0x07d4245464dc4fa05d0b3f084d82482462dc8991,58.393194815700554,240.899132,Wojtek
2026-06-14 07:52:49,day,tech,17,0x6630c34aa5836d4610fb6303d0ee9d966cd42f4e,55.55027930000051,0.0,garlictrump
2026-06-14 07:52:49,day,tech,18,0x4d1bcbaeed22c6da173b1a356c3c6d2270081419,55.39279096499922,935.53,RolandChang
2026-06-14 07:52:49,day,tech,19,0x23cb220de129746606454a7b27e4ba1e4b6b0357,54.58289206999997,0.0,lupin78
2026-06-14 07:52:49,day,tech,20,0x564f22744b7941ade18d5e0e4f347c30e3057026,53.893410070826576,628.69,molodoyy
2026-06-14 07:52:49,day,tech,21,0xecc29824fdf1325f27c24e836ccdd1f43b7a3eb6,52.79255009346001,597.00746,jony06
2026-06-14 07:52:49,day,tech,22,0x958d9cd4068fa578781073c2d66099865e543501,52.309545299999854,0.0,KennyM
2026-06-14 07:52:49,day,tech,23,0xd8c18c730ec4ec15d776c15cf2e4a38bca0916c0,48.44271718699997,0.0,rwcoffee
2026-06-14 07:52:49,day,tech,24,0x309b1b79a02d6af8c71c3573d7e75be3ba2802a0,48.337689275,0.0,avp15
2026-06-14 07:52:49,day,tech,25,0x00c840982a21159bd108ed80e36fba9db141a75f,48.0843900000001,0.0,CRMUSK
2026-06-14 07:52:49,day,tech,26,0x63bf159cea68e4cdb63a66140a249d19cf8ee319,47.24950413749957,0.0,Skirk1123
2026-06-14 07:52:49,day,tech,27,0xc8ab97a9089a9ff7e6ef0688e6e591a066946418,46.116833665982995,925.91,ArmageddonRewardsBilly
2026-06-14 07:52:49,day,tech,28,0x2a4438ccc4669d0461cfba3f07825a40519252b5,44.45143499999995,0.0,ZZ-TIC-M1
2026-06-14 07:52:49,day,tech,29,0x74957ea27ac4fbdee46d861fdae357859ff67fcf,44.188309446549056,1119.421008,ultralisk
2026-06-14 07:52:49,day,tech,30,0x30f67d821c57a54e25e5e521dbd3b5b18309004f,42.32211999999994,0.0,shiifoo
2026-06-14 07:52:49,day,tech,31,0x421f220308b4925e4233cfaeaff39ff5b65c0f9f,42.0,0.0,ZD-TIC-M3
2026-06-14 07:52:49,day,tech,32,0x220275250913a0af18fea9b24a2ce1fd85328787,41.9245049999995,0.0,aangelika
2026-06-14 07:52:49,day,tech,33,0x34dad18d5ef5a552fbde3ff448212d904c6929b3,41.87938660674999,476.0,Sugadisna
2026-06-14 07:52:49,day,tech,34,0xa3282d3e882501229c75d0caf134e62e3afb4977,41.051154577834836,1424.850235,korda77
2026-06-14 07:52:49,day,tech,35,0x1bfd792c102c75d3c41c954d058355a796ee40d0,38.624968750000335,0.0,4e2fbc2acf
2026-06-14 07:52:49,day,tech,36,0x7207afc03a8c134f831ba13e12c790b46a0fe423,38.60850087149902,0.0,ilovetradingsomuch
2026-06-14 07:52:49,day,tech,37,0x030a01fff8762c0747b6dbc589b28ee6cea8acfc,38.34043500000007,0.0,Cbarbhwux
2026-06-14 07:52:49,day,tech,38,0x808db301f0b237020d1d877a743d6bf5f1cdebfd,37.49890862500001,0.0,Dios777
2026-06-14 07:52:49,day,tech,39,0x784feec38475dc47e63c3a16cbd24b905dab5df9,37.401059999999916,0.0,diadjaid
2026-06-14 07:52:49,day,tech,40,0xa2cd4ccda9a1f95949df7a3355c4c2daa0642ba0,36.456314999999904,0.0,0xA2cd4CcdA9A1f95949DF7A3355C4c2DAa0642Ba0-1729178570395
2026-06-14 07:52:49,day,tech,41,0x511f9c771449162349795d17becf8b37031acbe1,34.39756994666732,2987.1463909999998,Bigggggggg
2026-06-14 07:52:49,day,tech,42,0x3069c1002bd0bb6aec054c7a27722919df95f8ef,33.76395658283229,2388.691088,Orion96
2026-06-14 07:52:49,day,tech,43,0xb2870d7fa299718896b7ca4ef40a02e4c10cd991,33.49096409899998,0.0,Amnyam228
2026-06-14 07:52:49,day,tech,44,0x8a98109fb0f1d87d9bfcb4486ba3587b95c51b92,33.40625,0.0,0xd8dA6BF26964aF9D7eEd9e03E53415D37aA9604
2026-06-14 07:52:49,day,tech,45,0xbf52d2fcf746d06bb75d94f77c004579aacb7839,33.215418606,0.0,lasidia
2026-06-14 07:52:49,day,tech,46,0x694cea29fedf96b3e80ba7db2fae0a21589066e9,30.264944813999996,0.0,DivineChaos
2026-06-14 07:52:49,day,tech,47,0x5e84743ad0515699b7adf2588de4c3032d538e88,27.799449985000024,0.0,Cbb.
2026-06-14 07:52:49,day,tech,48,0x4985153fc851f9dcfdaa5021a533e8f0dcff28bd,27.67931793400203,0.0,mikka101
2026-06-14 07:52:49,day,tech,49,0x8db4f2bcb37078763c70dac5d99c285995479c07,27.604917596000433,190.89,cwc909
2026-06-14 07:52:49,day,tech,50,0x27eef8e2584e37304a1a4b9bb911db332413113e,26.416987383500008,0.0,SpiceLordZ
2026-06-14 07:52:49,day,tech,51,0x3594526e2a0aaf467038ee1799d6ded344aedc58,26.370154193500184,0.0,Linslav
2026-06-14 07:52:49,day,tech,52,0x1e20f2a30a98698269b0aa79067ef776113ba1aa,25.780481774340913,71.36935700000001,Duffman777
2026-06-14 07:52:49,day,tech,53,0x7df00357d97916a5c7888b212a94535097790dfe,25.041297109999903,65.69,neverhackme
2026-06-14 07:52:49,day,tech,54,0xe1da3ab7899211d0cc5df4b30185a3ac5e630370,24.224109577500002,0.0,dafer
2026-06-14 07:52:49,day,tech,55,0xaeb0462736bf3bcd10fc9cc8f30b7ca4221672fc,24.19668364999984,0.0,snare
2026-06-14 07:52:49,day,tech,56,0xbacd00c9080a82ded56f504ee8810af732b0ab35,24.127822359627316,0.0,ScottyNooo
2026-06-14 07:52:49,day,tech,57,0xf4f88a1e25ff5dfae68326eb62049d6a1b7c5bf1,23.879999999999853,0.0,cosmicsteaks
2026-06-14 07:52:49,day,tech,58,0x0b644e443a404159a7b5ca4650cf2444b13549bd,21.85742753950035,0.0,Gdub
2026-06-14 07:52:49,day,tech,59,0x0ec49699229f8c4bacdb7ae8bc9fd2c0f7c9f4a4,21.05000000000001,0.0,-Motionless-
2026-06-14 07:52:49,day,tech,60,0x256ee70d4a3e131f01915d2a5976ecf77bf53e44,20.99997734099975,0.0,mky-2025
2026-06-14 07:52:49,day,tech,61,0xfc404d785423d89fd862f6b3f2fc4bcb556756a3,20.99997271999996,0.0,1660S.eth
2026-06-14 07:52:49,day,tech,62,0x9f208e85f326f865077fffa68b32d8b0e2bc12c3,20.72097670799974,36.17,mildwindow27
2026-06-14 07:52:49,day,tech,63,0x42fa340061a94072a818e540c3e80d8148d81fc7,20.498412453998753,0.0,Trashbag
2026-06-14 07:52:49,day,tech,64,0x4a2be7a7e6e3b41dc2de00706b4c09660ca9af20,20.099714506999476,0.0,troim
2026-06-14 07:52:49,day,tech,65,0x1cdd071bb612de6d66d0c882b676c663697de595,18.141876200117736,217.416226,Lavincey
2026-06-14 07:52:49,day,tech,66,0x355e5ae20cc1a3a2164f818e4bac8d22dd72a038,17.406626494698685,1083.51,Olcan
2026-06-14 07:52:49,day,tech,67,0xb89f5425341719d298dc2f5b9a92374f5fde1c44,17.27811038999789,0.0,iusedtowritepoetryforaliving
2026-06-14 07:52:49,day,tech,68,0xa2cdf97a42fa94ac2f19af1fe680754743ab2e8c,16.650792136000064,0.0,
2026-06-14 07:52:49,day,tech,69,0x5183882e744220978682767efe62328b4f48d4da,16.601532564996887,0.0,TheAlphaKing
2026-06-14 07:52:49,day,tech,70,0xa7034f35042c92e8878f26c98953b3627ced6a73,16.40625,0.0,TheEvilMoneyDestroyer
2026-06-14 07:52:49,day,tech,71,0xd6222e6e84a12099dd0fe604e27764750aaddee0,16.32617375899997,0.0,8auk6WK
2026-06-14 07:52:49,day,tech,72,0x39aaed185b92e99a78249610cc14a589b764583c,16.078019999999952,0.0,0x39AaEd185b92e99a78249610cc14A589B764583C-1759470981616
2026-06-14 07:52:49,day,tech,73,0x6204bad10670eede693eaaf96c039d751298421a,15.350128595000342,0.0,Jjgr
2026-06-14 07:52:49,day,tech,74,0x5ecde7348ea5100af4360dd7a6e0a3fb1d420787,15.270021640521009,0.0,0xdc3E831cad
2026-06-14 07:52:49,day,tech,75,0xf0f711691d7d9e12211a07357dca0cabf5e88c8b,14.832129263999946,0.0,0xF0f711691d7d9e12211A07357Dca0CaBf5E88C8b-1763185571729
2026-06-14 07:52:49,day,tech,76,0x2ec0aa99d26b703585f58bded217a640d09e976b,14.429232782000327,0.0,Ryan1365
2026-06-14 07:52:49,day,tech,77,0xaee811b7c7e5d961b545ac0e3f62f5f1cb181154,14.39953937451001,90.00270900000001,1in1000
2026-06-14 07:52:49,day,tech,78,0xbc6c168a4c426dab02456e645d106cfe6aad8597,14.26817710000023,0.0,cryptohuey
2026-06-14 07:52:49,day,tech,79,0x271104f45e54c2388a0d47c1b4ffd90cad20412a,14.171695546999992,0.0,bighandsomege
2026-06-14 07:52:49,day,tech,80,0xf836a13cccc0a828f43f7fd3a20e3693288bfcff,14.098875305,0.0,Divjo1
2026-06-14 07:52:49,day,tech,81,0xac4a1fabdac2438d6afa2a9e8e83845310a0bf1e,14.09315896499902,100.0,HerrieDavis
2026-06-14 07:52:49,day,tech,82,0xa4e0b1a154ba6702ae519a79044344b8eb396392,13.954650681499999,0.0,Sinsin021
2026-06-14 07:52:49,day,tech,83,0x7d1bb9f000e5fce13db3a0927b64aa38e69de75c,13.863363288000414,5.0,bmtr
2026-06-14 07:52:49,day,tech,84,0x590ad8fa9986c66c72b455c89ddc01aee3883699,13.75,0.0,zzzzzzzzzzzzzzzzzzzzzzzzzzzzzzzz
2026-06-14 07:52:49,day,tech,85,0x21405be22aa7fc6983d91113b79d94cd73c35790,13.583806540500063,0.0,Entropy8
2026-06-14 07:52:49,day,tech,86,0x458e7f3d675bed7a61650baad730ac530c6451b4,13.51224000000002,0.0,SomeoneIn2077
2026-06-14 07:52:49,day,tech,87,0x217eac421dd9d7154646ac7e0d93a73f47f13a4c,13.50015421399985,0.0,flamingfish
2026-06-14 07:52:49,day,tech,88,0x8673e56b63b9cec4bbf96b4d4bd01a9333464025,13.263842569341989,296.584352,Elton123
2026-06-14 07:52:49,day,tech,89,0x24344a6cb20e05a66fed8f33d038e294b69a05ea,12.974000000000004,0.0,Dreamproof
2026-06-14 07:52:49,day,tech,90,0xd6b4bf910d4479184c4e17e01ec83ecbd376a278,12.92095524800061,0.0,JamaicanBobsledTeam
2026-06-14 07:52:49,day,tech,91,0x59db0bd8c5e0b201ec10c8d7b06150d41a7ac353,12.271626194999044,0.0,jadebasilisk
2026-06-14 07:52:49,day,tech,92,0xec829edacf53dad6fdfb89f752ca7b8004a26eaa,11.631210615243987,698.851666,Biver52
2026-06-14 07:52:49,day,tech,93,0xc6dd722558dbfbd8fa780efcbe819ed8c6604b9f,11.622471400005452,0.0,tourists
2026-06-14 07:52:49,day,tech,94,0x789c2dc12a4e01327117bee704cbfd1b3874dcaf,11.591887177499999,0.0,manadep
2026-06-14 07:52:49,day,tech,95,0xe25b9180f5687aa85bd94ee309bb72a464320f1b,11.404649999998583,0.0,WordleAddict
2026-06-14 07:52:49,day,tech,96,0x42f63233e7166667d8a3d3d8fc0e3e5bf7ac76e2,11.357251330000006,0.0,12as74
2026-06-14 07:52:49,day,tech,97,0xd3c141fb3f42aa4fb3dc64bbf5dda8de9f16cc84,10.948615589874002,0.0,kaka26
2026-06-14 07:52:49,day,tech,98,0xff28eca5f0b68c041228ce1fa4195c49b979a560,10.855172759999999,0.0,trader-ff28eca5
2026-06-14 07:52:49,day,tech,99,0x31a7a4c932fa8670d3bee328074c57f7fe951ba9,10.825500000000034,0.0,caigou
2026-06-14 07:52:49,day,tech,100,0xc71b43cf1a6c9f79743bdf5e15a763d93d7ce265,10.769983223000509,2.32,keybo
